soc,profession,soc_major_title,onet_action,abstain_variant,k_man,n,rate_man
11-1011.00,Chief Executives,Management Occupations,"Confer with board members, organization officials, or staff members to discuss issues, coordinate activities, or resolve problems.",with_abstain,0,12,0.0
11-1011.00,Chief Executives,Management Occupations,"Confer with board members, organization officials, or staff members to discuss issues, coordinate activities, or resolve problems.",without_abstain,2,4,0.5
11-1011.03,Chief Sustainability Officers,Management Occupations,"Research environmental sustainability issues, concerns, or stakeholder interests.",with_abstain,4,12,0.3333333333333333
11-1011.03,Chief Sustainability Officers,Management Occupations,"Research environmental sustainability issues, concerns, or stakeholder interests.",without_abstain,2,4,0.5
11-1021.00,General and Operations Managers,Management Occupations,Direct administrative activities directly related to making products or providing services.,with_abstain,1,12,0.08333333333333333
11-1021.00,General and Operations Managers,Management Occupations,Direct administrative activities directly related to making products or providing services.,without_abstain,1,4,0.25
11-2011.00,Advertising and Promotions Managers,Management Occupations,"Direct, motivate, and monitor the mobilization of a campaign team to advance campaign goals.",with_abstain,3,12,0.25
11-2011.00,Advertising and Promotions Managers,Management Occupations,"Direct, motivate, and monitor the mobilization of a campaign team to advance campaign goals.",without_abstain,4,4,1.0
11-2021.00,Marketing Managers,Management Occupations,"Evaluate the financial aspects of product development, such as budgets, expenditures, research and development appropriations, or return-on-investment and profit-loss projections.",with_abstain,1,12,0.08333333333333333
11-2021.00,Marketing Managers,Management Occupations,"Evaluate the financial aspects of product development, such as budgets, expenditures, research and development appropriations, or return-on-investment and profit-loss projections.",without_abstain,2,4,0.5
11-2022.00,Sales Managers,Management Occupations,Determine price schedules and discount rates.,with_abstain,4,12,0.3333333333333333
11-2022.00,Sales Managers,Management Occupations,Determine price schedules and discount rates.,without_abstain,2,4,0.5
11-2031.00,Public Relations and Fundraising Managers,Management Occupations,Respond to requests for information about employers' activities or status.,with_abstain,1,12,0.08333333333333333
11-2031.00,Public Relations and Fundraising Managers,Management Occupations,Respond to requests for information about employers' activities or status.,without_abstain,2,4,0.5
11-3011.00,Administrative Services Managers,Management Occupations,"Acquire, distribute and store supplies.",with_abstain,0,12,0.0
11-3011.00,Administrative Services Managers,Management Occupations,"Acquire, distribute and store supplies.",without_abstain,1,4,0.25
11-3021.00,Computer and Information Systems Managers,Management Occupations,"Manage backup, security and user help systems.",with_abstain,0,12,0.0
11-3021.00,Computer and Information Systems Managers,Management Occupations,"Manage backup, security and user help systems.",without_abstain,1,4,0.25
11-3031.01,Treasurers and Controllers,Management Occupations,"Maintain current knowledge of organizational policies and procedures, federal and state policies and directives, and current accounting standards.",with_abstain,0,12,0.0
11-3031.01,Treasurers and Controllers,Management Occupations,"Maintain current knowledge of organizational policies and procedures, federal and state policies and directives, and current accounting standards.",without_abstain,2,4,0.5
11-3031.02,"Financial Managers, Branch or Department",Management Occupations,Oversee training programs.,with_abstain,0,12,0.0
11-3031.02,"Financial Managers, Branch or Department",Management Occupations,Oversee training programs.,without_abstain,2,4,0.5
11-3051.00,Industrial Production Managers,Management Occupations,Review operations and confer with technical or administrative staff to resolve production or processing problems.,with_abstain,5,12,0.4166666666666667
11-3051.00,Industrial Production Managers,Management Occupations,Review operations and confer with technical or administrative staff to resolve production or processing problems.,without_abstain,2,4,0.5
11-3051.01,Quality Control Systems Managers,Management Occupations,Stop production if serious product defects are present.,with_abstain,6,12,0.5
11-3051.01,Quality Control Systems Managers,Management Occupations,Stop production if serious product defects are present.,without_abstain,2,4,0.5
11-3051.02,Geothermal Production Managers,Management Occupations,Communicate geothermal plant conditions to employees.,with_abstain,2,12,0.16666666666666666
11-3051.02,Geothermal Production Managers,Management Occupations,Communicate geothermal plant conditions to employees.,without_abstain,2,4,0.5
11-3051.04,Biomass Power Plant Managers,Management Occupations,"Monitor the operating status of biomass plants by observing control system parameters, distributed control systems, switchboard gauges, dials, or other indicators.",with_abstain,2,12,0.16666666666666666
11-3051.04,Biomass Power Plant Managers,Management Occupations,"Monitor the operating status of biomass plants by observing control system parameters, distributed control systems, switchboard gauges, dials, or other indicators.",without_abstain,2,4,0.5
11-3061.00,Purchasing Managers,Management Occupations,"Locate vendors of materials, equipment or supplies, and interview them to determine product availability and terms of sales.",with_abstain,7,12,0.5833333333333334
11-3061.00,Purchasing Managers,Management Occupations,"Locate vendors of materials, equipment or supplies, and interview them to determine product availability and terms of sales.",without_abstain,3,4,0.75
11-3071.01,Transportation Managers,Management Occupations,Monitor spending to ensure that expenses are consistent with approved budgets.,with_abstain,2,12,0.16666666666666666
11-3071.01,Transportation Managers,Management Occupations,Monitor spending to ensure that expenses are consistent with approved budgets.,without_abstain,2,4,0.5
11-3071.02,Storage and Distribution Managers,Management Occupations,"Prepare or direct preparation of correspondence, reports, and operations, maintenance, and safety manuals.",with_abstain,0,12,0.0
11-3071.02,Storage and Distribution Managers,Management Occupations,"Prepare or direct preparation of correspondence, reports, and operations, maintenance, and safety manuals.",without_abstain,4,4,1.0
11-3071.03,Logistics Managers,Management Occupations,"Direct or coordinate comprehensive logistical or reverse logistical functions for product life cycles, including acquisition, distribution, internal allocation, delivery, recycling, reuse, or final disposal of resources.",with_abstain,3,12,0.25
11-3071.03,Logistics Managers,Management Occupations,"Direct or coordinate comprehensive logistical or reverse logistical functions for product life cycles, including acquisition, distribution, internal allocation, delivery, recycling, reuse, or final disposal of resources.",without_abstain,1,4,0.25
11-3111.00,Compensation and Benefits Managers,Management Occupations,"Design, evaluate and modify benefits policies to ensure that programs are current, competitive and in compliance with legal requirements.",with_abstain,0,12,0.0
11-3111.00,Compensation and Benefits Managers,Management Occupations,"Design, evaluate and modify benefits policies to ensure that programs are current, competitive and in compliance with legal requirements.",without_abstain,2,4,0.5
11-3121.00,Human Resources Managers,Management Occupations,Analyze and modify compensation and benefits policies to establish competitive programs and ensure compliance with legal requirements.,with_abstain,0,12,0.0
11-3121.00,Human Resources Managers,Management Occupations,Analyze and modify compensation and benefits policies to establish competitive programs and ensure compliance with legal requirements.,without_abstain,1,4,0.25
11-3131.00,Training and Development Managers,Management Occupations,Conduct or arrange for ongoing technical training and personal development classes for staff members.,with_abstain,4,12,0.3333333333333333
11-3131.00,Training and Development Managers,Management Occupations,Conduct or arrange for ongoing technical training and personal development classes for staff members.,without_abstain,4,4,1.0
11-9013.01,Nursery and Greenhouse Managers,Management Occupations,"Tour work areas to observe work being done, to inspect crops, and to evaluate plant and soil conditions.",with_abstain,5,12,0.4166666666666667
11-9013.01,Nursery and Greenhouse Managers,Management Occupations,"Tour work areas to observe work being done, to inspect crops, and to evaluate plant and soil conditions.",without_abstain,0,4,0.0
11-9013.02,Farm and Ranch Managers,Management Occupations,"Direct the breeding or raising of stock, such as cattle, poultry, or honeybees, using recognized breeding practices to ensure stock improvement.",with_abstain,7,12,0.5833333333333334
11-9013.02,Farm and Ranch Managers,Management Occupations,"Direct the breeding or raising of stock, such as cattle, poultry, or honeybees, using recognized breeding practices to ensure stock improvement.",without_abstain,2,4,0.5
11-9013.03,Aquacultural Managers,Management Occupations,Account for and disburse funds.,with_abstain,0,12,0.0
11-9013.03,Aquacultural Managers,Management Occupations,Account for and disburse funds.,without_abstain,2,4,0.5
11-9021.00,Construction Managers,Management Occupations,"Plan, schedule, or coordinate construction project activities to meet deadlines.",with_abstain,0,12,0.0
11-9021.00,Construction Managers,Management Occupations,"Plan, schedule, or coordinate construction project activities to meet deadlines.",without_abstain,4,4,1.0
11-9031.00,"Education Administrators, Preschool and Childcare Center/Program",Management Occupations,"Set educational standards and goals and help establish policies, procedures, and programs to carry them out.",with_abstain,2,12,0.16666666666666666
11-9031.00,"Education Administrators, Preschool and Childcare Center/Program",Management Occupations,"Set educational standards and goals and help establish policies, procedures, and programs to carry them out.",without_abstain,2,4,0.5
11-9032.00,"Education Administrators, Elementary and Secondary School",Management Occupations,"Observe teaching methods and examine learning materials to evaluate and standardize curricula and teaching techniques, and to determine areas where improvement is needed.",with_abstain,0,12,0.0
11-9032.00,"Education Administrators, Elementary and Secondary School",Management Occupations,"Observe teaching methods and examine learning materials to evaluate and standardize curricula and teaching techniques, and to determine areas where improvement is needed.",without_abstain,2,4,0.5
11-9033.00,"Education Administrators, Postsecondary",Management Occupations,"Plan, administer, and control budgets, maintain financial records, and produce financial reports.",with_abstain,0,12,0.0
11-9033.00,"Education Administrators, Postsecondary",Management Occupations,"Plan, administer, and control budgets, maintain financial records, and produce financial reports.",without_abstain,3,4,0.75
11-9039.01,Distance Learning Coordinators,Management Occupations,Assess distance-learning technological or educational needs and goals.,with_abstain,1,12,0.08333333333333333
11-9039.01,Distance Learning Coordinators,Management Occupations,Assess distance-learning technological or educational needs and goals.,without_abstain,0,4,0.0
11-9039.02,Fitness and Wellness Coordinators,Management Occupations,Provide individual support or counseling in general wellness or nutrition.,with_abstain,0,12,0.0
11-9039.02,Fitness and Wellness Coordinators,Management Occupations,Provide individual support or counseling in general wellness or nutrition.,without_abstain,0,4,0.0
11-9041.00,Architectural and Engineering Managers,Management Occupations,Consult or negotiate with clients to prepare project specifications.,with_abstain,5,12,0.4166666666666667
11-9041.00,Architectural and Engineering Managers,Management Occupations,Consult or negotiate with clients to prepare project specifications.,without_abstain,4,4,1.0
11-9041.01,Biofuels/Biodiesel Technology and Product Development Managers,Management Occupations,"Prepare, or oversee the preparation of, experimental plans for biofuels research or development.",with_abstain,4,12,0.3333333333333333
11-9041.01,Biofuels/Biodiesel Technology and Product Development Managers,Management Occupations,"Prepare, or oversee the preparation of, experimental plans for biofuels research or development.",without_abstain,3,4,0.75
11-9051.00,Food Service Managers,Management Occupations,"Investigate and resolve complaints regarding food quality, service, or accommodations.",with_abstain,5,12,0.4166666666666667
11-9051.00,Food Service Managers,Management Occupations,"Investigate and resolve complaints regarding food quality, service, or accommodations.",without_abstain,2,4,0.5
11-9061.00,Funeral Service Managers,Management Occupations,Offer counsel and comfort to families and friends of the deceased.,with_abstain,3,12,0.25
11-9061.00,Funeral Service Managers,Management Occupations,Offer counsel and comfort to families and friends of the deceased.,without_abstain,2,4,0.5
11-9071.00,Gaming Managers,Management Occupations,Track supplies of money to tables and perform any required paperwork.,with_abstain,4,12,0.3333333333333333
11-9071.00,Gaming Managers,Management Occupations,Track supplies of money to tables and perform any required paperwork.,without_abstain,4,4,1.0
11-9081.00,Lodging Managers,Management Occupations,"Inspect guest rooms, public areas, and grounds for cleanliness and appearance.",with_abstain,1,12,0.08333333333333333
11-9081.00,Lodging Managers,Management Occupations,"Inspect guest rooms, public areas, and grounds for cleanliness and appearance.",without_abstain,1,4,0.25
11-9111.00,Medical and Health Services Managers,Management Occupations,"Direct or conduct recruitment, hiring and training of personnel.",with_abstain,0,12,0.0
11-9111.00,Medical and Health Services Managers,Management Occupations,"Direct or conduct recruitment, hiring and training of personnel.",without_abstain,3,4,0.75
11-9121.00,Natural Sciences Managers,Management Occupations,"Develop client relationships and communicate with clients to explain proposals, present research findings, establish specifications, or discuss project status.",with_abstain,6,12,0.5
11-9121.00,Natural Sciences Managers,Management Occupations,"Develop client relationships and communicate with clients to explain proposals, present research findings, establish specifications, or discuss project status.",without_abstain,2,4,0.5
11-9121.01,Clinical Research Coordinators,Management Occupations,"Monitor study activities to ensure compliance with protocols and with all relevant local, federal, and state regulatory and institutional polices.",with_abstain,4,12,0.3333333333333333
11-9121.01,Clinical Research Coordinators,Management Occupations,"Monitor study activities to ensure compliance with protocols and with all relevant local, federal, and state regulatory and institutional polices.",without_abstain,2,4,0.5
11-9121.02,Water Resource Specialists,Management Occupations,"Perform hydrologic, hydraulic, or water quality modeling.",with_abstain,7,12,0.5833333333333334
11-9121.02,Water Resource Specialists,Management Occupations,"Perform hydrologic, hydraulic, or water quality modeling.",without_abstain,4,4,1.0
11-9131.00,Postmasters and Mail Superintendents,Management Occupations,Organize and supervise activities such as the processing of incoming and outgoing mail.,with_abstain,3,12,0.25
11-9131.00,Postmasters and Mail Superintendents,Management Occupations,Organize and supervise activities such as the processing of incoming and outgoing mail.,without_abstain,4,4,1.0
11-9141.00,"Property, Real Estate, and Community Association Managers",Management Occupations,"Inspect grounds, facilities, and equipment routinely to determine necessity of repairs or maintenance.",with_abstain,6,12,0.5
11-9141.00,"Property, Real Estate, and Community Association Managers",Management Occupations,"Inspect grounds, facilities, and equipment routinely to determine necessity of repairs or maintenance.",without_abstain,2,4,0.5
11-9151.00,Social and Community Service Managers,Management Occupations,Evaluate the work of staff and volunteers to ensure that programs are of appropriate quality and that resources are used effectively.,with_abstain,2,12,0.16666666666666666
11-9151.00,Social and Community Service Managers,Management Occupations,Evaluate the work of staff and volunteers to ensure that programs are of appropriate quality and that resources are used effectively.,without_abstain,2,4,0.5
11-9161.00,Emergency Management Directors,Management Occupations,"Coordinate disaster response or crisis management activities, such as ordering evacuations, opening public shelters, and implementing special needs plans and programs.",with_abstain,2,12,0.16666666666666666
11-9161.00,Emergency Management Directors,Management Occupations,"Coordinate disaster response or crisis management activities, such as ordering evacuations, opening public shelters, and implementing special needs plans and programs.",without_abstain,1,4,0.25
11-9199.01,Regulatory Affairs Managers,Management Occupations,"Manage activities such as audits, regulatory agency inspections, or product recalls.",with_abstain,0,12,0.0
11-9199.01,Regulatory Affairs Managers,Management Occupations,"Manage activities such as audits, regulatory agency inspections, or product recalls.",without_abstain,2,4,0.5
11-9199.02,Compliance Managers,Management Occupations,"Maintain documentation of compliance activities, such as complaints received or investigation outcomes.",with_abstain,1,12,0.08333333333333333
11-9199.02,Compliance Managers,Management Occupations,"Maintain documentation of compliance activities, such as complaints received or investigation outcomes.",without_abstain,2,4,0.5
11-9199.03,Investment Fund Managers,Management Occupations,Manage investment funds to maximize return on client investments.,with_abstain,1,12,0.08333333333333333
11-9199.03,Investment Fund Managers,Management Occupations,Manage investment funds to maximize return on client investments.,without_abstain,3,4,0.75
11-9199.04,Supply Chain Managers,Management Occupations,Confer with supply chain planners to forecast demand or create supply plans that ensure availability of materials or products.,with_abstain,5,12,0.4166666666666667
11-9199.04,Supply Chain Managers,Management Occupations,Confer with supply chain planners to forecast demand or create supply plans that ensure availability of materials or products.,without_abstain,3,4,0.75
11-9199.07,Security Managers,Management Occupations,"Plan, direct, or coordinate security activities to safeguard company assets, employees, guests, or others on company property.",with_abstain,3,12,0.25
11-9199.07,Security Managers,Management Occupations,"Plan, direct, or coordinate security activities to safeguard company assets, employees, guests, or others on company property.",without_abstain,3,4,0.75
11-9199.08,Loss Prevention Managers,Management Occupations,"Supervise surveillance, detection, or criminal processing related to theft and criminal cases.",with_abstain,4,12,0.3333333333333333
11-9199.08,Loss Prevention Managers,Management Occupations,"Supervise surveillance, detection, or criminal processing related to theft and criminal cases.",without_abstain,2,4,0.5
11-9199.11,Brownfield Redevelopment Specialists and Site Managers,Management Occupations,Estimate costs for environmental cleanup and remediation of land redevelopment projects.,with_abstain,1,12,0.08333333333333333
11-9199.11,Brownfield Redevelopment Specialists and Site Managers,Management Occupations,Estimate costs for environmental cleanup and remediation of land redevelopment projects.,without_abstain,3,4,0.75
13-1011.00,"Agents and Business Managers of Artists, Performers, and Athletes",Business and Financial Operations Occupations,Schedule promotional or performance engagements for clients.,with_abstain,0,12,0.0
13-1011.00,"Agents and Business Managers of Artists, Performers, and Athletes",Business and Financial Operations Occupations,Schedule promotional or performance engagements for clients.,without_abstain,2,4,0.5
13-1021.00,"Buyers and Purchasing Agents, Farm Products",Business and Financial Operations Occupations,Arrange for processing or resale of purchased products.,with_abstain,5,12,0.4166666666666667
13-1021.00,"Buyers and Purchasing Agents, Farm Products",Business and Financial Operations Occupations,Arrange for processing or resale of purchased products.,without_abstain,2,4,0.5
13-1022.00,"Wholesale and Retail Buyers, Except Farm Products",Business and Financial Operations Occupations,Authorize payment of invoices or return of merchandise.,with_abstain,0,12,0.0
13-1022.00,"Wholesale and Retail Buyers, Except Farm Products",Business and Financial Operations Occupations,Authorize payment of invoices or return of merchandise.,without_abstain,2,4,0.5
13-1023.00,"Purchasing Agents, Except Wholesale, Retail, and Farm Products",Business and Financial Operations Occupations,"Analyze price proposals, financial reports, and other data and information to determine reasonable prices.",with_abstain,2,12,0.16666666666666666
13-1023.00,"Purchasing Agents, Except Wholesale, Retail, and Farm Products",Business and Financial Operations Occupations,"Analyze price proposals, financial reports, and other data and information to determine reasonable prices.",without_abstain,3,4,0.75
13-1031.01,"Claims Examiners, Property and Casualty Insurance",Business and Financial Operations Occupations,Verify and analyze data used in settling claims to ensure that claims are valid and that settlements are made according to company practices and procedures.,with_abstain,1,12,0.08333333333333333
13-1031.01,"Claims Examiners, Property and Casualty Insurance",Business and Financial Operations Occupations,Verify and analyze data used in settling claims to ensure that claims are valid and that settlements are made according to company practices and procedures.,without_abstain,2,4,0.5
13-1031.02,"Insurance Adjusters, Examiners, and Investigators",Business and Financial Operations Occupations,"Review police reports, medical treatment records, medical bills, or physical property damage to determine the extent of liability.",with_abstain,6,12,0.5
13-1031.02,"Insurance Adjusters, Examiners, and Investigators",Business and Financial Operations Occupations,"Review police reports, medical treatment records, medical bills, or physical property damage to determine the extent of liability.",without_abstain,2,4,0.5
13-1032.00,"Insurance Appraisers, Auto Damage",Business and Financial Operations Occupations,"Estimate parts and labor to repair damage, using standard automotive labor and parts cost manuals and knowledge of automotive repair.",with_abstain,0,12,0.0
13-1032.00,"Insurance Appraisers, Auto Damage",Business and Financial Operations Occupations,"Estimate parts and labor to repair damage, using standard automotive labor and parts cost manuals and knowledge of automotive repair.",without_abstain,2,4,0.5
13-1041.01,Environmental Compliance Inspectors,Business and Financial Operations Occupations,"Determine the nature of code violations and actions to be taken, and issue written notices of violation; participate in enforcement hearings as necessary.",with_abstain,0,12,0.0
13-1041.01,Environmental Compliance Inspectors,Business and Financial Operations Occupations,"Determine the nature of code violations and actions to be taken, and issue written notices of violation; participate in enforcement hearings as necessary.",without_abstain,2,4,0.5
13-1041.02,Licensing Examiners and Inspectors,Business and Financial Operations Occupations,Warn violators of infractions or penalties.,with_abstain,3,12,0.25
13-1041.02,Licensing Examiners and Inspectors,Business and Financial Operations Occupations,Warn violators of infractions or penalties.,without_abstain,2,4,0.5
13-1041.03,Equal Opportunity Representatives and Officers,Business and Financial Operations Occupations,Meet with persons involved in equal opportunity complaints to arbitrate and settle disputes.,with_abstain,2,12,0.16666666666666666
13-1041.03,Equal Opportunity Representatives and Officers,Business and Financial Operations Occupations,Meet with persons involved in equal opportunity complaints to arbitrate and settle disputes.,without_abstain,2,4,0.5
13-1041.04,Government Property Inspectors and Investigators,Business and Financial Operations Occupations,Monitor investigations of suspected offenders to ensure that they are conducted in accordance with constitutional requirements.,with_abstain,2,12,0.16666666666666666
13-1041.04,Government Property Inspectors and Investigators,Business and Financial Operations Occupations,Monitor investigations of suspected offenders to ensure that they are conducted in accordance with constitutional requirements.,without_abstain,2,4,0.5
13-1041.06,Coroners,Business and Financial Operations Occupations,"Perform medicolegal examinations and autopsies, conducting preliminary examinations of the body to identify victims, locate signs of trauma, and identify factors that would indicate time of death.",with_abstain,0,12,0.0
13-1041.06,Coroners,Business and Financial Operations Occupations,"Perform medicolegal examinations and autopsies, conducting preliminary examinations of the body to identify victims, locate signs of trauma, and identify factors that would indicate time of death.",without_abstain,2,4,0.5
13-1041.07,Regulatory Affairs Specialists,Business and Financial Operations Occupations,"Review product promotional materials, labeling, batch records, specification sheets, or test methods for compliance with applicable regulations and policies.",with_abstain,2,12,0.16666666666666666
13-1041.07,Regulatory Affairs Specialists,Business and Financial Operations Occupations,"Review product promotional materials, labeling, batch records, specification sheets, or test methods for compliance with applicable regulations and policies.",without_abstain,0,4,0.0
13-1051.00,Cost Estimators,Business and Financial Operations Occupations,"Consult with clients, vendors, personnel in other departments or construction foremen to discuss and formulate estimates and resolve issues.",with_abstain,2,12,0.16666666666666666
13-1051.00,Cost Estimators,Business and Financial Operations Occupations,"Consult with clients, vendors, personnel in other departments or construction foremen to discuss and formulate estimates and resolve issues.",without_abstain,3,4,0.75
13-1071.00,Human Resources Specialists,Business and Financial Operations Occupations,"Maintain current knowledge of Equal Employment Opportunity (EEO) and affirmative action guidelines and laws, such as the Americans with Disabilities Act (ADA).",with_abstain,0,12,0.0
13-1071.00,Human Resources Specialists,Business and Financial Operations Occupations,"Maintain current knowledge of Equal Employment Opportunity (EEO) and affirmative action guidelines and laws, such as the Americans with Disabilities Act (ADA).",without_abstain,2,4,0.5
13-1074.00,Farm Labor Contractors,Business and Financial Operations Occupations,"Provide food, drinking water, and field sanitation facilities to contracted workers.",with_abstain,3,12,0.25
13-1074.00,Farm Labor Contractors,Business and Financial Operations Occupations,"Provide food, drinking water, and field sanitation facilities to contracted workers.",without_abstain,2,4,0.5
13-1075.00,Labor Relations Specialists,Business and Financial Operations Occupations,Draft contract proposals or counter-proposals for collective bargaining or other labor negotiations.,with_abstain,0,12,0.0
13-1075.00,Labor Relations Specialists,Business and Financial Operations Occupations,Draft contract proposals or counter-proposals for collective bargaining or other labor negotiations.,without_abstain,2,4,0.5
13-1081.00,Logisticians,Business and Financial Operations Occupations,"Maintain and develop positive business relationships with a customer's key personnel involved in, or directly relevant to, a logistics activity.",with_abstain,0,12,0.0
13-1081.00,Logisticians,Business and Financial Operations Occupations,"Maintain and develop positive business relationships with a customer's key personnel involved in, or directly relevant to, a logistics activity.",without_abstain,1,4,0.25
13-1081.01,Logistics Engineers,Business and Financial Operations Occupations,Propose logistics solutions for customers.,with_abstain,5,12,0.4166666666666667
13-1081.01,Logistics Engineers,Business and Financial Operations Occupations,Propose logistics solutions for customers.,without_abstain,1,4,0.25
13-1081.02,Logistics Analysts,Business and Financial Operations Occupations,Maintain databases of logistics information.,with_abstain,0,12,0.0
13-1081.02,Logistics Analysts,Business and Financial Operations Occupations,Maintain databases of logistics information.,without_abstain,2,4,0.5
13-1111.00,Management Analysts,Business and Financial Operations Occupations,"Interview personnel and conduct on-site observation to ascertain unit functions, work performed, and methods, equipment, and personnel used.",with_abstain,0,12,0.0
13-1111.00,Management Analysts,Business and Financial Operations Occupations,"Interview personnel and conduct on-site observation to ascertain unit functions, work performed, and methods, equipment, and personnel used.",without_abstain,2,4,0.5
13-1121.00,"Meeting, Convention, and Event Planners",Business and Financial Operations Occupations,"Monitor event activities to ensure compliance with applicable regulations and laws, satisfaction of participants, and resolution of any problems that arise.",with_abstain,2,12,0.16666666666666666
13-1121.00,"Meeting, Convention, and Event Planners",Business and Financial Operations Occupations,"Monitor event activities to ensure compliance with applicable regulations and laws, satisfaction of participants, and resolution of any problems that arise.",without_abstain,3,4,0.75
13-1131.00,Fundraisers,Business and Financial Operations Occupations,Write and send letters of thanks to donors.,with_abstain,0,12,0.0
13-1131.00,Fundraisers,Business and Financial Operations Occupations,Write and send letters of thanks to donors.,without_abstain,1,4,0.25
13-1141.00,"Compensation, Benefits, and Job Analysis Specialists",Business and Financial Operations Occupations,"Evaluate job positions, determining classification, exempt or non-exempt status, and salary.",with_abstain,0,12,0.0
13-1141.00,"Compensation, Benefits, and Job Analysis Specialists",Business and Financial Operations Occupations,"Evaluate job positions, determining classification, exempt or non-exempt status, and salary.",without_abstain,3,4,0.75
13-1151.00,Training and Development Specialists,Business and Financial Operations Occupations,"Obtain, organize, or develop training procedure manuals, guides, or course materials, such as handouts or visual materials.",with_abstain,0,12,0.0
13-1151.00,Training and Development Specialists,Business and Financial Operations Occupations,"Obtain, organize, or develop training procedure manuals, guides, or course materials, such as handouts or visual materials.",without_abstain,2,4,0.5
13-1161.00,Market Research Analysts and Marketing Specialists,Business and Financial Operations Occupations,Monitor industry statistics and follow trends in trade literature.,with_abstain,4,12,0.3333333333333333
13-1161.00,Market Research Analysts and Marketing Specialists,Business and Financial Operations Occupations,Monitor industry statistics and follow trends in trade literature.,without_abstain,2,4,0.5
13-1199.01,Energy Auditors,Business and Financial Operations Occupations,Perform tests such as blower-door tests to locate air leaks.,with_abstain,3,12,0.25
13-1199.01,Energy Auditors,Business and Financial Operations Occupations,Perform tests such as blower-door tests to locate air leaks.,without_abstain,2,4,0.5
13-1199.02,Security Management Specialists,Business and Financial Operations Occupations,Recommend improvements in security systems or procedures.,with_abstain,3,12,0.25
13-1199.02,Security Management Specialists,Business and Financial Operations Occupations,Recommend improvements in security systems or procedures.,without_abstain,2,4,0.5
13-1199.03,Customs Brokers,Business and Financial Operations Occupations,Classify goods according to tariff coding system.,with_abstain,0,12,0.0
13-1199.03,Customs Brokers,Business and Financial Operations Occupations,Classify goods according to tariff coding system.,without_abstain,2,4,0.5
13-1199.04,Business Continuity Planners,Business and Financial Operations Occupations,"Review existing disaster recovery, crisis management, or business continuity plans.",with_abstain,0,12,0.0
13-1199.04,Business Continuity Planners,Business and Financial Operations Occupations,"Review existing disaster recovery, crisis management, or business continuity plans.",without_abstain,2,4,0.5
13-1199.05,Sustainability Specialists,Business and Financial Operations Occupations,"Research or review regulatory, technical, or market issues related to sustainability.",with_abstain,6,12,0.5
13-1199.05,Sustainability Specialists,Business and Financial Operations Occupations,"Research or review regulatory, technical, or market issues related to sustainability.",without_abstain,3,4,0.75
13-1199.06,Online Merchants,Business and Financial Operations Occupations,Deliver e-mail confirmation of completed transactions and shipment.,with_abstain,4,12,0.3333333333333333
13-1199.06,Online Merchants,Business and Financial Operations Occupations,Deliver e-mail confirmation of completed transactions and shipment.,without_abstain,0,4,0.0
13-2011.01,Accountants,Business and Financial Operations Occupations,Report to management regarding the finances of establishment.,with_abstain,0,12,0.0
13-2011.01,Accountants,Business and Financial Operations Occupations,Report to management regarding the finances of establishment.,without_abstain,2,4,0.5
13-2011.02,Auditors,Business and Financial Operations Occupations,"Inspect account books and accounting systems for efficiency, effectiveness, and use of accepted accounting procedures to record transactions.",with_abstain,0,12,0.0
13-2011.02,Auditors,Business and Financial Operations Occupations,"Inspect account books and accounting systems for efficiency, effectiveness, and use of accepted accounting procedures to record transactions.",without_abstain,1,4,0.25
13-2021.01,Assessors,Business and Financial Operations Occupations,Explain assessed values to property owners and defend appealed assessments at public hearings.,with_abstain,2,12,0.16666666666666666
13-2021.01,Assessors,Business and Financial Operations Occupations,Explain assessed values to property owners and defend appealed assessments at public hearings.,without_abstain,1,4,0.25
13-2021.02,"Appraisers, Real Estate",Business and Financial Operations Occupations,"Evaluate land and neighborhoods where properties are situated, considering locations and trends or impending changes that could influence future values.",with_abstain,2,12,0.16666666666666666
13-2021.02,"Appraisers, Real Estate",Business and Financial Operations Occupations,"Evaluate land and neighborhoods where properties are situated, considering locations and trends or impending changes that could influence future values.",without_abstain,0,4,0.0
13-2031.00,Budget Analysts,Business and Financial Operations Occupations,Analyze monthly department budgeting and accounting reports to maintain expenditure controls.,with_abstain,0,12,0.0
13-2031.00,Budget Analysts,Business and Financial Operations Occupations,Analyze monthly department budgeting and accounting reports to maintain expenditure controls.,without_abstain,3,4,0.75
13-2041.00,Credit Analysts,Business and Financial Operations Occupations,Analyze credit data and financial statements to determine the degree of risk involved in extending credit or lending money.,with_abstain,0,12,0.0
13-2041.00,Credit Analysts,Business and Financial Operations Occupations,Analyze credit data and financial statements to determine the degree of risk involved in extending credit or lending money.,without_abstain,2,4,0.5
13-2051.00,Financial Analysts,Business and Financial Operations Occupations,"Draw charts and graphs, using computer spreadsheets, to illustrate technical reports.",with_abstain,0,12,0.0
13-2051.00,Financial Analysts,Business and Financial Operations Occupations,"Draw charts and graphs, using computer spreadsheets, to illustrate technical reports.",without_abstain,1,4,0.25
13-2052.00,Personal Financial Advisors,Business and Financial Operations Occupations,Implement financial planning recommendations or refer clients to someone who can assist them with plan implementation.,with_abstain,0,12,0.0
13-2052.00,Personal Financial Advisors,Business and Financial Operations Occupations,Implement financial planning recommendations or refer clients to someone who can assist them with plan implementation.,without_abstain,2,4,0.5
13-2053.00,Insurance Underwriters,Business and Financial Operations Occupations,Decline excessive risks.,with_abstain,0,12,0.0
13-2053.00,Insurance Underwriters,Business and Financial Operations Occupations,Decline excessive risks.,without_abstain,1,4,0.25
13-2061.00,Financial Examiners,Business and Financial Operations Occupations,"Review balance sheets, operating income and expense accounts, and loan documentation to confirm institution assets and liabilities.",with_abstain,0,12,0.0
13-2061.00,Financial Examiners,Business and Financial Operations Occupations,"Review balance sheets, operating income and expense accounts, and loan documentation to confirm institution assets and liabilities.",without_abstain,2,4,0.5
13-2071.00,Credit Counselors,Business and Financial Operations Occupations,Calculate clients' available monthly income to meet debt obligations.,with_abstain,0,12,0.0
13-2071.00,Credit Counselors,Business and Financial Operations Occupations,Calculate clients' available monthly income to meet debt obligations.,without_abstain,2,4,0.5
13-2071.01,Loan Counselors,Business and Financial Operations Occupations,Submit applications to credit analysts for verification and recommendation.,with_abstain,0,12,0.0
13-2071.01,Loan Counselors,Business and Financial Operations Occupations,Submit applications to credit analysts for verification and recommendation.,without_abstain,2,4,0.5
13-2072.00,Loan Officers,Business and Financial Operations Occupations,"Explain to customers the different types of loans and credit options that are available, as well as the terms of those services.",with_abstain,5,12,0.4166666666666667
13-2072.00,Loan Officers,Business and Financial Operations Occupations,"Explain to customers the different types of loans and credit options that are available, as well as the terms of those services.",without_abstain,2,4,0.5
13-2081.00,"Tax Examiners and Collectors, and Revenue Agents",Business and Financial Operations Occupations,Send notices to taxpayers when accounts are delinquent.,with_abstain,0,12,0.0
13-2081.00,"Tax Examiners and Collectors, and Revenue Agents",Business and Financial Operations Occupations,Send notices to taxpayers when accounts are delinquent.,without_abstain,1,4,0.25
13-2082.00,Tax Preparers,Business and Financial Operations Occupations,"Check data input or verify totals on forms prepared by others to detect errors in arithmetic, data entry, or procedures.",with_abstain,0,12,0.0
13-2082.00,Tax Preparers,Business and Financial Operations Occupations,"Check data input or verify totals on forms prepared by others to detect errors in arithmetic, data entry, or procedures.",without_abstain,2,4,0.5
13-2099.02,Risk Management Specialists,Business and Financial Operations Occupations,Recommend ways to control or reduce risk.,with_abstain,3,12,0.25
13-2099.02,Risk Management Specialists,Business and Financial Operations Occupations,Recommend ways to control or reduce risk.,without_abstain,2,4,0.5
13-2099.04,"Fraud Examiners, Investigators and Analysts",Business and Financial Operations Occupations,Prepare evidence for presentation in court.,with_abstain,2,12,0.16666666666666666
13-2099.04,"Fraud Examiners, Investigators and Analysts",Business and Financial Operations Occupations,Prepare evidence for presentation in court.,without_abstain,3,4,0.75
15-1111.00,Computer and Information Research Scientists,Computer and Mathematical Occupations,"Consult with users, management, vendors, and technicians to determine computing needs and system requirements.",with_abstain,8,12,0.6666666666666666
15-1111.00,Computer and Information Research Scientists,Computer and Mathematical Occupations,"Consult with users, management, vendors, and technicians to determine computing needs and system requirements.",without_abstain,4,4,1.0
15-1121.00,Computer Systems Analysts,Computer and Mathematical Occupations,"Develop, document and revise system design procedures, test procedures, and quality standards.",with_abstain,5,12,0.4166666666666667
15-1121.00,Computer Systems Analysts,Computer and Mathematical Occupations,"Develop, document and revise system design procedures, test procedures, and quality standards.",without_abstain,3,4,0.75
15-1121.01,Informatics Nurse Specialists,Computer and Mathematical Occupations,"Design, develop, select, test, implement, and evaluate new or modified informatics solutions, data structures, and decision-support mechanisms to support patients, health care professionals, and their information management and human-computer and human-technology interactions within health care contexts.",with_abstain,4,12,0.3333333333333333
15-1121.01,Informatics Nurse Specialists,Computer and Mathematical Occupations,"Design, develop, select, test, implement, and evaluate new or modified informatics solutions, data structures, and decision-support mechanisms to support patients, health care professionals, and their information management and human-computer and human-technology interactions within health care contexts.",without_abstain,2,4,0.5
15-1122.00,Information Security Analysts,Computer and Mathematical Occupations,Encrypt data transmissions and erect firewalls to conceal confidential information as it is being transmitted and to keep out tainted digital transfers.,with_abstain,4,12,0.3333333333333333
15-1122.00,Information Security Analysts,Computer and Mathematical Occupations,Encrypt data transmissions and erect firewalls to conceal confidential information as it is being transmitted and to keep out tainted digital transfers.,without_abstain,2,4,0.5
15-1131.00,Computer Programmers,Computer and Mathematical Occupations,"Perform or direct revision, repair, or expansion of existing programs to increase operating efficiency or adapt to new requirements.",with_abstain,0,12,0.0
15-1131.00,Computer Programmers,Computer and Mathematical Occupations,"Perform or direct revision, repair, or expansion of existing programs to increase operating efficiency or adapt to new requirements.",without_abstain,3,4,0.75
15-1132.00,"Software Developers, Applications",Computer and Mathematical Occupations,"Develop and direct software system testing and validation procedures, programming, and documentation.",with_abstain,4,12,0.3333333333333333
15-1132.00,"Software Developers, Applications",Computer and Mathematical Occupations,"Develop and direct software system testing and validation procedures, programming, and documentation.",without_abstain,4,4,1.0
15-1133.00,"Software Developers, Systems Software",Computer and Mathematical Occupations,"Consult with customers or other departments on project status, proposals, or technical issues, such as software system design or maintenance.",with_abstain,0,12,0.0
15-1133.00,"Software Developers, Systems Software",Computer and Mathematical Occupations,"Consult with customers or other departments on project status, proposals, or technical issues, such as software system design or maintenance.",without_abstain,2,4,0.5
15-1134.00,Web Developers,Computer and Mathematical Occupations,Perform or direct Web site updates.,with_abstain,0,12,0.0
15-1134.00,Web Developers,Computer and Mathematical Occupations,Perform or direct Web site updates.,without_abstain,3,4,0.75
15-1141.00,Database Administrators,Computer and Mathematical Occupations,"Test programs or databases, correct errors, and make necessary modifications.",with_abstain,1,12,0.08333333333333333
15-1141.00,Database Administrators,Computer and Mathematical Occupations,"Test programs or databases, correct errors, and make necessary modifications.",without_abstain,3,4,0.75
15-1142.00,Network and Computer Systems Administrators,Computer and Mathematical Occupations,"Configure, monitor, and maintain email applications or virus protection software.",with_abstain,1,12,0.08333333333333333
15-1142.00,Network and Computer Systems Administrators,Computer and Mathematical Occupations,"Configure, monitor, and maintain email applications or virus protection software.",without_abstain,1,4,0.25
15-1143.01,Telecommunications Engineering Specialists,Computer and Mathematical Occupations,Assess existing facilities' needs for new or modified telecommunications systems.,with_abstain,2,12,0.16666666666666666
15-1143.01,Telecommunications Engineering Specialists,Computer and Mathematical Occupations,Assess existing facilities' needs for new or modified telecommunications systems.,without_abstain,2,4,0.5
15-1151.00,Computer User Support Specialists,Computer and Mathematical Occupations,Oversee the daily performance of computer systems.,with_abstain,2,12,0.16666666666666666
15-1151.00,Computer User Support Specialists,Computer and Mathematical Occupations,Oversee the daily performance of computer systems.,without_abstain,2,4,0.5
15-1152.00,Computer Network Support Specialists,Computer and Mathematical Occupations,Document network support activities.,with_abstain,1,12,0.08333333333333333
15-1152.00,Computer Network Support Specialists,Computer and Mathematical Occupations,Document network support activities.,without_abstain,3,4,0.75
15-1199.01,Software Quality Assurance Engineers and Testers,Computer and Mathematical Occupations,"Document software defects, using a bug tracking system, and report defects to software developers.",with_abstain,2,12,0.16666666666666666
15-1199.01,Software Quality Assurance Engineers and Testers,Computer and Mathematical Occupations,"Document software defects, using a bug tracking system, and report defects to software developers.",without_abstain,4,4,1.0
15-1199.02,Computer Systems Engineers/Architects,Computer and Mathematical Occupations,"Evaluate current or emerging technologies to consider factors such as cost, portability, compatibility, or usability.",with_abstain,2,12,0.16666666666666666
15-1199.02,Computer Systems Engineers/Architects,Computer and Mathematical Occupations,"Evaluate current or emerging technologies to consider factors such as cost, portability, compatibility, or usability.",without_abstain,1,4,0.25
15-1199.03,Web Administrators,Computer and Mathematical Occupations,"Implement web site security measures, such as firewalls or message encryption.",with_abstain,3,12,0.25
15-1199.03,Web Administrators,Computer and Mathematical Occupations,"Implement web site security measures, such as firewalls or message encryption.",without_abstain,3,4,0.75
15-1199.04,Geospatial Information Scientists and Technologists,Computer and Mathematical Occupations,"Design, program, or model Geographic Information Systems (GIS) applications or procedures.",with_abstain,2,12,0.16666666666666666
15-1199.04,Geospatial Information Scientists and Technologists,Computer and Mathematical Occupations,"Design, program, or model Geographic Information Systems (GIS) applications or procedures.",without_abstain,2,4,0.5
15-1199.05,Geographic Information Systems Technicians,Computer and Mathematical Occupations,"Analyze Geographic Information Systems (GIS) data to identify spatial relationships or display results of analyses, using maps, graphs, or tabular data.",with_abstain,8,12,0.6666666666666666
15-1199.05,Geographic Information Systems Technicians,Computer and Mathematical Occupations,"Analyze Geographic Information Systems (GIS) data to identify spatial relationships or display results of analyses, using maps, graphs, or tabular data.",without_abstain,3,4,0.75
15-1199.06,Database Architects,Computer and Mathematical Occupations,Create and enforce database development standards.,with_abstain,8,12,0.6666666666666666
15-1199.06,Database Architects,Computer and Mathematical Occupations,Create and enforce database development standards.,without_abstain,4,4,1.0
15-1199.08,Business Intelligence Analysts,Computer and Mathematical Occupations,"Collect business intelligence data from available industry reports, public information, field reports, or purchased sources.",with_abstain,7,12,0.5833333333333334
15-1199.08,Business Intelligence Analysts,Computer and Mathematical Occupations,"Collect business intelligence data from available industry reports, public information, field reports, or purchased sources.",without_abstain,4,4,1.0
15-1199.09,Information Technology Project Managers,Computer and Mathematical Occupations,Monitor or track project milestones and deliverables.,with_abstain,5,12,0.4166666666666667
15-1199.09,Information Technology Project Managers,Computer and Mathematical Occupations,Monitor or track project milestones and deliverables.,without_abstain,3,4,0.75
15-1199.10,Search Marketing Strategists,Computer and Mathematical Occupations,Identify appropriate Key Performance Indicators (KPIs) and report key metrics from digital campaigns.,with_abstain,0,12,0.0
15-1199.10,Search Marketing Strategists,Computer and Mathematical Occupations,Identify appropriate Key Performance Indicators (KPIs) and report key metrics from digital campaigns.,without_abstain,2,4,0.5
15-1199.11,Video Game Designers,Computer and Mathematical Occupations,Guide design discussions between development teams.,with_abstain,2,12,0.16666666666666666
15-1199.11,Video Game Designers,Computer and Mathematical Occupations,Guide design discussions between development teams.,without_abstain,2,4,0.5
15-1199.12,Document Management Specialists,Computer and Mathematical Occupations,"Assist in determining document management policies to facilitate efficient, legal, and secure access to electronic content.",with_abstain,5,12,0.4166666666666667
15-1199.12,Document Management Specialists,Computer and Mathematical Occupations,"Assist in determining document management policies to facilitate efficient, legal, and secure access to electronic content.",without_abstain,2,4,0.5
15-2011.00,Actuaries,Computer and Mathematical Occupations,Ascertain premium rates required and cash reserves and liabilities necessary to ensure payment of future benefits.,with_abstain,0,12,0.0
15-2011.00,Actuaries,Computer and Mathematical Occupations,Ascertain premium rates required and cash reserves and liabilities necessary to ensure payment of future benefits.,without_abstain,2,4,0.5
15-2021.00,Mathematicians,Computer and Mathematical Occupations,"Address the relationships of quantities, magnitudes, and forms through the use of numbers and symbols.",with_abstain,4,12,0.3333333333333333
15-2021.00,Mathematicians,Computer and Mathematical Occupations,"Address the relationships of quantities, magnitudes, and forms through the use of numbers and symbols.",without_abstain,2,4,0.5
15-2031.00,Operations Research Analysts,Computer and Mathematical Occupations,Specify manipulative or computational methods to be applied to models.,with_abstain,10,12,0.8333333333333334
15-2031.00,Operations Research Analysts,Computer and Mathematical Occupations,Specify manipulative or computational methods to be applied to models.,without_abstain,3,4,0.75
15-2041.00,Statisticians,Computer and Mathematical Occupations,"Identify relationships and trends in data, as well as any factors that could affect the results of research.",with_abstain,3,12,0.25
15-2041.00,Statisticians,Computer and Mathematical Occupations,"Identify relationships and trends in data, as well as any factors that could affect the results of research.",without_abstain,3,4,0.75
15-2041.01,Biostatisticians,Computer and Mathematical Occupations,Prepare articles for publication or presentation at professional conferences.,with_abstain,0,12,0.0
15-2041.01,Biostatisticians,Computer and Mathematical Occupations,Prepare articles for publication or presentation at professional conferences.,without_abstain,2,4,0.5
15-2041.02,Clinical Data Managers,Computer and Mathematical Occupations,Design and validate clinical databases including designing or testing logic checks.,with_abstain,2,12,0.16666666666666666
15-2041.02,Clinical Data Managers,Computer and Mathematical Occupations,Design and validate clinical databases including designing or testing logic checks.,without_abstain,2,4,0.5
17-1011.00,"Architects, Except Landscape and Naval",Architecture and Engineering Occupations,"Prepare scale drawings or architectural designs, using computer-aided design or other tools.",with_abstain,0,12,0.0
17-1011.00,"Architects, Except Landscape and Naval",Architecture and Engineering Occupations,"Prepare scale drawings or architectural designs, using computer-aided design or other tools.",without_abstain,2,4,0.5
17-1012.00,Landscape Architects,Architecture and Engineering Occupations,"Inspect landscape work to ensure compliance with specifications, evaluate quality of materials or work, or advise clients or construction personnel.",with_abstain,5,12,0.4166666666666667
17-1012.00,Landscape Architects,Architecture and Engineering Occupations,"Inspect landscape work to ensure compliance with specifications, evaluate quality of materials or work, or advise clients or construction personnel.",without_abstain,3,4,0.75
17-1021.00,Cartographers and Photogrammetrists,Architecture and Engineering Occupations,"Revise existing maps and charts, making all necessary corrections and adjustments.",with_abstain,0,12,0.0
17-1021.00,Cartographers and Photogrammetrists,Architecture and Engineering Occupations,"Revise existing maps and charts, making all necessary corrections and adjustments.",without_abstain,2,4,0.5
17-1022.00,Surveyors,Architecture and Engineering Occupations,"Calculate heights, depths, relative positions, property lines, and other characteristics of terrain.",with_abstain,5,12,0.4166666666666667
17-1022.00,Surveyors,Architecture and Engineering Occupations,"Calculate heights, depths, relative positions, property lines, and other characteristics of terrain.",without_abstain,3,4,0.75
17-1022.01,Geodetic Surveyors,Architecture and Engineering Occupations,Verify the mathematical correctness of newly collected survey data.,with_abstain,0,12,0.0
17-1022.01,Geodetic Surveyors,Architecture and Engineering Occupations,Verify the mathematical correctness of newly collected survey data.,without_abstain,2,4,0.5
17-2011.00,Aerospace Engineers,Architecture and Engineering Occupations,Formulate conceptual design of aeronautical or aerospace products or systems to meet customer requirements or conform to environmental regulations.,with_abstain,0,12,0.0
17-2011.00,Aerospace Engineers,Architecture and Engineering Occupations,Formulate conceptual design of aeronautical or aerospace products or systems to meet customer requirements or conform to environmental regulations.,without_abstain,1,4,0.25
17-2021.00,Agricultural Engineers,Architecture and Engineering Occupations,Design food processing plants and related mechanical systems.,with_abstain,5,12,0.4166666666666667
17-2021.00,Agricultural Engineers,Architecture and Engineering Occupations,Design food processing plants and related mechanical systems.,without_abstain,3,4,0.75
17-2031.00,Biomedical Engineers,Architecture and Engineering Occupations,"Research new materials to be used for products, such as implanted artificial organs.",with_abstain,5,12,0.4166666666666667
17-2031.00,Biomedical Engineers,Architecture and Engineering Occupations,"Research new materials to be used for products, such as implanted artificial organs.",without_abstain,2,3,0.6666666666666666
17-2041.00,Chemical Engineers,Architecture and Engineering Occupations,"Determine most effective arrangement of operations such as mixing, crushing, heat transfer, distillation, and drying.",with_abstain,4,12,0.3333333333333333
17-2041.00,Chemical Engineers,Architecture and Engineering Occupations,"Determine most effective arrangement of operations such as mixing, crushing, heat transfer, distillation, and drying.",without_abstain,2,4,0.5
17-2051.00,Civil Engineers,Architecture and Engineering Occupations,"Compute load and grade requirements, water flow rates, or material stress factors to determine design specifications.",with_abstain,8,12,0.6666666666666666
17-2051.00,Civil Engineers,Architecture and Engineering Occupations,"Compute load and grade requirements, water flow rates, or material stress factors to determine design specifications.",without_abstain,4,4,1.0
17-2051.01,Transportation Engineers,Architecture and Engineering Occupations,"Check construction plans, design calculations, or cost estimations to ensure completeness, accuracy, or conformity to engineering standards or practices.",with_abstain,1,12,0.08333333333333333
17-2051.01,Transportation Engineers,Architecture and Engineering Occupations,"Check construction plans, design calculations, or cost estimations to ensure completeness, accuracy, or conformity to engineering standards or practices.",without_abstain,3,4,0.75
17-2061.00,Computer Hardware Engineers,Architecture and Engineering Occupations,"Build, test, and modify product prototypes using working models or theoretical models constructed with computer simulation.",with_abstain,1,12,0.08333333333333333
17-2061.00,Computer Hardware Engineers,Architecture and Engineering Occupations,"Build, test, and modify product prototypes using working models or theoretical models constructed with computer simulation.",without_abstain,3,4,0.75
17-2071.00,Electrical Engineers,Architecture and Engineering Occupations,Operate computer-assisted engineering or design software or equipment to perform engineering tasks.,with_abstain,1,12,0.08333333333333333
17-2071.00,Electrical Engineers,Architecture and Engineering Occupations,Operate computer-assisted engineering or design software or equipment to perform engineering tasks.,without_abstain,2,4,0.5
17-2072.00,"Electronics Engineers, Except Computer",Architecture and Engineering Occupations,"Evaluate project work to ensure effectiveness, technical adequacy, or compatibility in the resolution of complex electronics engineering problems.",with_abstain,5,12,0.4166666666666667
17-2072.00,"Electronics Engineers, Except Computer",Architecture and Engineering Occupations,"Evaluate project work to ensure effectiveness, technical adequacy, or compatibility in the resolution of complex electronics engineering problems.",without_abstain,4,4,1.0
17-2072.01,Radio Frequency Identification Device Specialists,Architecture and Engineering Occupations,Perform systems analysis or programming of radio frequency identification device (RFID) technology.,with_abstain,3,12,0.25
17-2072.01,Radio Frequency Identification Device Specialists,Architecture and Engineering Occupations,Perform systems analysis or programming of radio frequency identification device (RFID) technology.,without_abstain,4,4,1.0
17-2081.00,Environmental Engineers,Architecture and Engineering Occupations,"Collaborate with environmental scientists, planners, hazardous waste technicians, engineers, experts in law or business, or other specialists to address environmental problems.",with_abstain,8,12,0.6666666666666666
17-2081.00,Environmental Engineers,Architecture and Engineering Occupations,"Collaborate with environmental scientists, planners, hazardous waste technicians, engineers, experts in law or business, or other specialists to address environmental problems.",without_abstain,2,4,0.5
17-2081.01,Water/Wastewater Engineers,Architecture and Engineering Occupations,"Analyze storm water or floodplain drainage systems to control erosion, stabilize river banks, repair channel streams, or design bridges.",with_abstain,5,12,0.4166666666666667
17-2081.01,Water/Wastewater Engineers,Architecture and Engineering Occupations,"Analyze storm water or floodplain drainage systems to control erosion, stabilize river banks, repair channel streams, or design bridges.",without_abstain,2,4,0.5
17-2111.01,Industrial Safety and Health Engineers,Architecture and Engineering Occupations,"Investigate industrial accidents, injuries, or occupational diseases to determine causes and preventive measures.",with_abstain,6,12,0.5
17-2111.01,Industrial Safety and Health Engineers,Architecture and Engineering Occupations,"Investigate industrial accidents, injuries, or occupational diseases to determine causes and preventive measures.",without_abstain,3,4,0.75
17-2111.02,Fire-Prevention and Protection Engineers,Architecture and Engineering Occupations,"Design fire detection equipment, alarm systems, and fire extinguishing devices and systems.",with_abstain,0,12,0.0
17-2111.02,Fire-Prevention and Protection Engineers,Architecture and Engineering Occupations,"Design fire detection equipment, alarm systems, and fire extinguishing devices and systems.",without_abstain,2,4,0.5
17-2111.03,Product Safety Engineers,Architecture and Engineering Occupations,Participate in preparation of product usage and precautionary label instructions.,with_abstain,0,12,0.0
17-2111.03,Product Safety Engineers,Architecture and Engineering Occupations,Participate in preparation of product usage and precautionary label instructions.,without_abstain,0,4,0.0
17-2112.00,Industrial Engineers,Architecture and Engineering Occupations,"Draft and design layout of equipment, materials, and workspace to illustrate maximum efficiency using drafting tools and computer.",with_abstain,6,12,0.5
17-2112.00,Industrial Engineers,Architecture and Engineering Occupations,"Draft and design layout of equipment, materials, and workspace to illustrate maximum efficiency using drafting tools and computer.",without_abstain,2,4,0.5
17-2112.01,Human Factors Engineers and Ergonomists,Architecture and Engineering Occupations,Collect data through direct observation of work activities or witnessing the conduct of tests.,with_abstain,3,12,0.25
17-2112.01,Human Factors Engineers and Ergonomists,Architecture and Engineering Occupations,Collect data through direct observation of work activities or witnessing the conduct of tests.,without_abstain,2,4,0.5
17-2121.01,Marine Engineers,Architecture and Engineering Occupations,Inspect marine equipment and machinery to draw up work requests and job specifications.,with_abstain,2,12,0.16666666666666666
17-2121.01,Marine Engineers,Architecture and Engineering Occupations,Inspect marine equipment and machinery to draw up work requests and job specifications.,without_abstain,2,4,0.5
17-2121.02,Marine Architects,Architecture and Engineering Occupations,"Oversee construction and testing of prototype in model basin and develop sectional and waterline curves of hull to establish center of gravity, ideal hull form, and buoyancy and stability data.",with_abstain,6,12,0.5
17-2121.02,Marine Architects,Architecture and Engineering Occupations,"Oversee construction and testing of prototype in model basin and develop sectional and waterline curves of hull to establish center of gravity, ideal hull form, and buoyancy and stability data.",without_abstain,2,4,0.5
17-2131.00,Materials Engineers,Architecture and Engineering Occupations,Analyze product failure data and laboratory test results to determine causes of problems and develop solutions.,with_abstain,0,12,0.0
17-2131.00,Materials Engineers,Architecture and Engineering Occupations,Analyze product failure data and laboratory test results to determine causes of problems and develop solutions.,without_abstain,2,4,0.5
17-2141.00,Mechanical Engineers,Architecture and Engineering Occupations,"Research, design, evaluate, install, operate, or maintain mechanical products, equipment, systems or processes to meet requirements.",with_abstain,6,12,0.5
17-2141.00,Mechanical Engineers,Architecture and Engineering Occupations,"Research, design, evaluate, install, operate, or maintain mechanical products, equipment, systems or processes to meet requirements.",without_abstain,3,4,0.75
17-2141.01,Fuel Cell Engineers,Architecture and Engineering Occupations,"Validate design of fuel cells, fuel cell components, or fuel cell systems.",with_abstain,1,12,0.08333333333333333
17-2141.01,Fuel Cell Engineers,Architecture and Engineering Occupations,"Validate design of fuel cells, fuel cell components, or fuel cell systems.",without_abstain,3,4,0.75
17-2141.02,Automotive Engineers,Architecture and Engineering Occupations,Conduct or direct system-level automotive testing.,with_abstain,3,12,0.25
17-2141.02,Automotive Engineers,Architecture and Engineering Occupations,Conduct or direct system-level automotive testing.,without_abstain,1,4,0.25
17-2151.00,"Mining and Geological Engineers, Including Mining Safety Engineers",Architecture and Engineering Occupations,"Examine maps, deposits, drilling locations, or mines to determine the location, size, accessibility, contents, value, and potential profitability of mineral, oil, and gas deposits.",with_abstain,8,12,0.6666666666666666
17-2151.00,"Mining and Geological Engineers, Including Mining Safety Engineers",Architecture and Engineering Occupations,"Examine maps, deposits, drilling locations, or mines to determine the location, size, accessibility, contents, value, and potential profitability of mineral, oil, and gas deposits.",without_abstain,2,4,0.5
17-2161.00,Nuclear Engineers,Architecture and Engineering Occupations,Examine accidents to obtain data that can be used to design preventive measures.,with_abstain,1,12,0.08333333333333333
17-2161.00,Nuclear Engineers,Architecture and Engineering Occupations,Examine accidents to obtain data that can be used to design preventive measures.,without_abstain,2,4,0.5
17-2171.00,Petroleum Engineers,Architecture and Engineering Occupations,Interpret drilling and testing information for personnel.,with_abstain,1,12,0.08333333333333333
17-2171.00,Petroleum Engineers,Architecture and Engineering Occupations,Interpret drilling and testing information for personnel.,without_abstain,4,4,1.0
17-2199.01,Biochemical Engineers,Architecture and Engineering Occupations,Confer with research and biomanufacturing personnel to ensure the compatibility of design and production.,with_abstain,4,12,0.3333333333333333
17-2199.01,Biochemical Engineers,Architecture and Engineering Occupations,Confer with research and biomanufacturing personnel to ensure the compatibility of design and production.,without_abstain,2,4,0.5
17-2199.02,Validation Engineers,Architecture and Engineering Occupations,"Create, populate, or maintain databases for tracking validation activities, test results, or validated systems.",with_abstain,0,12,0.0
17-2199.02,Validation Engineers,Architecture and Engineering Occupations,"Create, populate, or maintain databases for tracking validation activities, test results, or validated systems.",without_abstain,2,4,0.5
17-2199.03,Energy Engineers,Architecture and Engineering Occupations,Monitor and analyze energy consumption.,with_abstain,4,12,0.3333333333333333
17-2199.03,Energy Engineers,Architecture and Engineering Occupations,Monitor and analyze energy consumption.,without_abstain,2,4,0.5
17-2199.04,Manufacturing Engineers,Architecture and Engineering Occupations,"Troubleshoot new or existing product problems involving designs, materials, or processes.",with_abstain,12,12,1.0
17-2199.04,Manufacturing Engineers,Architecture and Engineering Occupations,"Troubleshoot new or existing product problems involving designs, materials, or processes.",without_abstain,4,4,1.0
17-2199.05,Mechatronics Engineers,Architecture and Engineering Occupations,Design engineering systems for the automation of industrial tasks.,with_abstain,7,12,0.5833333333333334
17-2199.05,Mechatronics Engineers,Architecture and Engineering Occupations,Design engineering systems for the automation of industrial tasks.,without_abstain,3,4,0.75
17-2199.07,Photonics Engineers,Architecture and Engineering Occupations,Assist in the transition of photonic prototypes to production.,with_abstain,5,12,0.4166666666666667
17-2199.07,Photonics Engineers,Architecture and Engineering Occupations,Assist in the transition of photonic prototypes to production.,without_abstain,2,4,0.5
17-2199.08,Robotics Engineers,Architecture and Engineering Occupations,Debug robotics programs.,with_abstain,7,12,0.5833333333333334
17-2199.08,Robotics Engineers,Architecture and Engineering Occupations,Debug robotics programs.,without_abstain,4,4,1.0
17-2199.09,Nanosystems Engineers,Architecture and Engineering Occupations,Write proposals to secure external funding or to partner with other companies.,with_abstain,3,12,0.25
17-2199.09,Nanosystems Engineers,Architecture and Engineering Occupations,Write proposals to secure external funding or to partner with other companies.,without_abstain,2,4,0.5
17-2199.10,Wind Energy Engineers,Architecture and Engineering Occupations,"Develop active control algorithms, electronics, software, electromechanical, or electrohydraulic systems for wind turbines.",with_abstain,4,12,0.3333333333333333
17-2199.10,Wind Energy Engineers,Architecture and Engineering Occupations,"Develop active control algorithms, electronics, software, electromechanical, or electrohydraulic systems for wind turbines.",without_abstain,2,4,0.5
17-2199.11,Solar Energy Systems Engineers,Architecture and Engineering Occupations,"Develop design specifications and functional requirements for residential, commercial, or industrial solar energy systems or components.",with_abstain,8,12,0.6666666666666666
17-2199.11,Solar Energy Systems Engineers,Architecture and Engineering Occupations,"Develop design specifications and functional requirements for residential, commercial, or industrial solar energy systems or components.",without_abstain,4,4,1.0
17-3011.01,Architectural Drafters,Architecture and Engineering Occupations,"Analyze building codes, by-laws, space and site requirements, and other technical documents and reports to determine their effect on architectural designs.",with_abstain,3,12,0.25
17-3011.01,Architectural Drafters,Architecture and Engineering Occupations,"Analyze building codes, by-laws, space and site requirements, and other technical documents and reports to determine their effect on architectural designs.",without_abstain,2,4,0.5
17-3011.02,Civil Drafters,Architecture and Engineering Occupations,"Review rough sketches, drawings, specifications, and other engineering data received from civil engineers to ensure that they conform to design concepts.",with_abstain,7,12,0.5833333333333334
17-3011.02,Civil Drafters,Architecture and Engineering Occupations,"Review rough sketches, drawings, specifications, and other engineering data received from civil engineers to ensure that they conform to design concepts.",without_abstain,4,4,1.0
17-3012.01,Electronic Drafters,Architecture and Engineering Occupations,"Locate files relating to specified design project in database library, load program into computer, and record completed job data.",with_abstain,0,12,0.0
17-3012.01,Electronic Drafters,Architecture and Engineering Occupations,"Locate files relating to specified design project in database library, load program into computer, and record completed job data.",without_abstain,2,4,0.5
17-3012.02,Electrical Drafters,Architecture and Engineering Occupations,Confer with engineering staff and other personnel to resolve problems.,with_abstain,3,12,0.25
17-3012.02,Electrical Drafters,Architecture and Engineering Occupations,Confer with engineering staff and other personnel to resolve problems.,without_abstain,2,4,0.5
17-3013.00,Mechanical Drafters,Architecture and Engineering Occupations,"Coordinate with and consult other workers to design, lay out, or detail components and systems and to resolve design or other problems.",with_abstain,10,12,0.8333333333333334
17-3013.00,Mechanical Drafters,Architecture and Engineering Occupations,"Coordinate with and consult other workers to design, lay out, or detail components and systems and to resolve design or other problems.",without_abstain,3,4,0.75
17-3021.00,Aerospace Engineering and Operations Technicians,Architecture and Engineering Occupations,"Record and interpret test data on parts, assemblies, and mechanisms.",with_abstain,0,12,0.0
17-3021.00,Aerospace Engineering and Operations Technicians,Architecture and Engineering Occupations,"Record and interpret test data on parts, assemblies, and mechanisms.",without_abstain,2,4,0.5
17-3022.00,Civil Engineering Technicians,Architecture and Engineering Occupations,Read and review project blueprints and structural specifications to determine dimensions of structure or system and material requirements.,with_abstain,8,12,0.6666666666666666
17-3022.00,Civil Engineering Technicians,Architecture and Engineering Occupations,Read and review project blueprints and structural specifications to determine dimensions of structure or system and material requirements.,without_abstain,4,4,1.0
17-3023.01,Electronics Engineering Technicians,Architecture and Engineering Occupations,"Test electronics units, using standard test equipment, and analyze results to evaluate performance and determine need for adjustment.",with_abstain,0,12,0.0
17-3023.01,Electronics Engineering Technicians,Architecture and Engineering Occupations,"Test electronics units, using standard test equipment, and analyze results to evaluate performance and determine need for adjustment.",without_abstain,2,4,0.5
17-3023.03,Electrical Engineering Technicians,Architecture and Engineering Occupations,"Set up or operate test equipment to evaluate performance of developmental parts, assemblies, or systems under simulated operating conditions.",with_abstain,2,12,0.16666666666666666
17-3023.03,Electrical Engineering Technicians,Architecture and Engineering Occupations,"Set up or operate test equipment to evaluate performance of developmental parts, assemblies, or systems under simulated operating conditions.",without_abstain,2,4,0.5
17-3024.00,Electro-Mechanical Technicians,Architecture and Engineering Occupations,"Install electrical or electronic parts and hardware in housings or assemblies, using soldering equipment and hand tools.",with_abstain,2,12,0.16666666666666666
17-3024.00,Electro-Mechanical Technicians,Architecture and Engineering Occupations,"Install electrical or electronic parts and hardware in housings or assemblies, using soldering equipment and hand tools.",without_abstain,4,4,1.0
17-3024.01,Robotics Technicians,Architecture and Engineering Occupations,Maintain service records of robotic equipment or automated production systems.,with_abstain,0,12,0.0
17-3024.01,Robotics Technicians,Architecture and Engineering Occupations,Maintain service records of robotic equipment or automated production systems.,without_abstain,3,4,0.75
17-3025.00,Environmental Engineering Technicians,Architecture and Engineering Occupations,Maintain project logbook records or computer program files.,with_abstain,0,12,0.0
17-3025.00,Environmental Engineering Technicians,Architecture and Engineering Occupations,Maintain project logbook records or computer program files.,without_abstain,3,4,0.75
17-3026.00,Industrial Engineering Technicians,Architecture and Engineering Occupations,Compile and evaluate statistical data to determine and maintain quality and reliability of products.,with_abstain,0,12,0.0
17-3026.00,Industrial Engineering Technicians,Architecture and Engineering Occupations,Compile and evaluate statistical data to determine and maintain quality and reliability of products.,without_abstain,1,4,0.25
17-3027.00,Mechanical Engineering Technicians,Architecture and Engineering Occupations,"Devise, fabricate, and assemble new or modified mechanical components for products such as industrial machinery or equipment, and measuring instruments.",with_abstain,0,12,0.0
17-3027.00,Mechanical Engineering Technicians,Architecture and Engineering Occupations,"Devise, fabricate, and assemble new or modified mechanical components for products such as industrial machinery or equipment, and measuring instruments.",without_abstain,3,4,0.75
17-3029.01,Non-Destructive Testing Specialists,Architecture and Engineering Occupations,"Select, calibrate, or operate equipment used in the non-destructive testing (NDT) of products or materials.",with_abstain,0,12,0.0
17-3029.01,Non-Destructive Testing Specialists,Architecture and Engineering Occupations,"Select, calibrate, or operate equipment used in the non-destructive testing (NDT) of products or materials.",without_abstain,2,4,0.5
17-3029.02,Electrical Engineering Technologists,Architecture and Engineering Occupations,Review installation or quality assurance documentation.,with_abstain,4,12,0.3333333333333333
17-3029.02,Electrical Engineering Technologists,Architecture and Engineering Occupations,Review installation or quality assurance documentation.,without_abstain,4,4,1.0
17-3029.03,Electromechanical Engineering Technologists,Architecture and Engineering Occupations,Consult with machinists or technicians to ensure that electromechanical equipment or systems meet design specifications.,with_abstain,5,12,0.4166666666666667
17-3029.03,Electromechanical Engineering Technologists,Architecture and Engineering Occupations,Consult with machinists or technicians to ensure that electromechanical equipment or systems meet design specifications.,without_abstain,4,4,1.0
17-3029.04,Electronics Engineering Technologists,Architecture and Engineering Occupations,"Modify, maintain, and repair electronics equipment and systems to ensure that they function properly.",with_abstain,2,12,0.16666666666666666
17-3029.04,Electronics Engineering Technologists,Architecture and Engineering Occupations,"Modify, maintain, and repair electronics equipment and systems to ensure that they function properly.",without_abstain,3,4,0.75
17-3029.05,Industrial Engineering Technologists,Architecture and Engineering Occupations,Oversee or inspect production processes.,with_abstain,2,12,0.16666666666666666
17-3029.05,Industrial Engineering Technologists,Architecture and Engineering Occupations,Oversee or inspect production processes.,without_abstain,3,4,0.75
17-3029.06,Manufacturing Engineering Technologists,Architecture and Engineering Occupations,Recommend corrective or preventive actions to assure or improve product quality or reliability.,with_abstain,3,12,0.25
17-3029.06,Manufacturing Engineering Technologists,Architecture and Engineering Occupations,Recommend corrective or preventive actions to assure or improve product quality or reliability.,without_abstain,2,4,0.5
17-3029.07,Mechanical Engineering Technologists,Architecture and Engineering Occupations,"Assist engineers to design, develop, test, or manufacture industrial machinery, consumer products, or other equipment.",with_abstain,4,12,0.3333333333333333
17-3029.07,Mechanical Engineering Technologists,Architecture and Engineering Occupations,"Assist engineers to design, develop, test, or manufacture industrial machinery, consumer products, or other equipment.",without_abstain,3,4,0.75
17-3029.08,Photonics Technicians,Architecture and Engineering Occupations,"Maintain clean working environments, according to clean room standards.",with_abstain,0,12,0.0
17-3029.08,Photonics Technicians,Architecture and Engineering Occupations,"Maintain clean working environments, according to clean room standards.",without_abstain,0,4,0.0
17-3029.09,Manufacturing Production Technicians,Architecture and Engineering Occupations,Monitor and adjust production processes or equipment for quality and productivity.,with_abstain,8,12,0.6666666666666666
17-3029.09,Manufacturing Production Technicians,Architecture and Engineering Occupations,Monitor and adjust production processes or equipment for quality and productivity.,without_abstain,4,4,1.0
17-3031.01,Surveying Technicians,Architecture and Engineering Occupations,"Adjust and operate surveying instruments such as prisms, theodolites, and electronic distance-measuring equipment.",with_abstain,0,12,0.0
17-3031.01,Surveying Technicians,Architecture and Engineering Occupations,"Adjust and operate surveying instruments such as prisms, theodolites, and electronic distance-measuring equipment.",without_abstain,3,4,0.75
17-3031.02,Mapping Technicians,Architecture and Engineering Occupations,"Produce or update overlay maps to show information boundaries, water locations, or topographic features on various base maps or at different scales.",with_abstain,1,12,0.08333333333333333
17-3031.02,Mapping Technicians,Architecture and Engineering Occupations,"Produce or update overlay maps to show information boundaries, water locations, or topographic features on various base maps or at different scales.",without_abstain,1,4,0.25
19-1011.00,Animal Scientists,"Life, Physical, and Social Science Occupations",Advise producers about improved products and techniques that could enhance their animal production efforts.,with_abstain,4,12,0.3333333333333333
19-1011.00,Animal Scientists,"Life, Physical, and Social Science Occupations",Advise producers about improved products and techniques that could enhance their animal production efforts.,without_abstain,2,4,0.5
19-1012.00,Food Scientists and Technologists,"Life, Physical, and Social Science Occupations","Test new products for flavor, texture, color, nutritional content, and adherence to government and industry standards.",with_abstain,2,12,0.16666666666666666
19-1012.00,Food Scientists and Technologists,"Life, Physical, and Social Science Occupations","Test new products for flavor, texture, color, nutritional content, and adherence to government and industry standards.",without_abstain,2,4,0.5
19-1013.00,Soil and Plant Scientists,"Life, Physical, and Social Science Occupations","Conduct experiments to develop new or improved varieties of field crops, focusing on characteristics such as yield, quality, disease resistance, nutritional value, or adaptation to specific soils or climates.",with_abstain,6,12,0.5
19-1013.00,Soil and Plant Scientists,"Life, Physical, and Social Science Occupations","Conduct experiments to develop new or improved varieties of field crops, focusing on characteristics such as yield, quality, disease resistance, nutritional value, or adaptation to specific soils or climates.",without_abstain,2,4,0.5
19-1020.01,Biologists,"Life, Physical, and Social Science Occupations",Prepare requests for proposals or statements of work.,with_abstain,3,12,0.25
19-1020.01,Biologists,"Life, Physical, and Social Science Occupations",Prepare requests for proposals or statements of work.,without_abstain,2,4,0.5
19-1021.00,Biochemists and Biophysicists,"Life, Physical, and Social Science Occupations","Isolate, analyze, or synthesize vitamins, hormones, allergens, minerals, or enzymes and determine their effects on body functions.",with_abstain,0,12,0.0
19-1021.00,Biochemists and Biophysicists,"Life, Physical, and Social Science Occupations","Isolate, analyze, or synthesize vitamins, hormones, allergens, minerals, or enzymes and determine their effects on body functions.",without_abstain,2,4,0.5
19-1022.00,Microbiologists,"Life, Physical, and Social Science Occupations","Examine physiological, morphological, and cultural characteristics, using microscope, to identify and classify microorganisms in human, water, and food specimens.",with_abstain,6,12,0.5
19-1022.00,Microbiologists,"Life, Physical, and Social Science Occupations","Examine physiological, morphological, and cultural characteristics, using microscope, to identify and classify microorganisms in human, water, and food specimens.",without_abstain,2,4,0.5
19-1023.00,Zoologists and Wildlife Biologists,"Life, Physical, and Social Science Occupations",Inventory or estimate plant and wildlife populations.,with_abstain,2,12,0.16666666666666666
19-1023.00,Zoologists and Wildlife Biologists,"Life, Physical, and Social Science Occupations",Inventory or estimate plant and wildlife populations.,without_abstain,2,4,0.5
19-1029.01,Bioinformatics Scientists,"Life, Physical, and Social Science Occupations","Communicate research results through conference presentations, scientific publications, or project reports.",with_abstain,0,12,0.0
19-1029.01,Bioinformatics Scientists,"Life, Physical, and Social Science Occupations","Communicate research results through conference presentations, scientific publications, or project reports.",without_abstain,2,4,0.5
19-1029.02,Molecular and Cellular Biologists,"Life, Physical, and Social Science Occupations",Compile and analyze molecular or cellular experimental data and adjust experimental designs as necessary.,with_abstain,0,12,0.0
19-1029.02,Molecular and Cellular Biologists,"Life, Physical, and Social Science Occupations",Compile and analyze molecular or cellular experimental data and adjust experimental designs as necessary.,without_abstain,2,4,0.5
19-1029.03,Geneticists,"Life, Physical, and Social Science Occupations",Write grants and papers or attend fundraising events to seek research funds.,with_abstain,0,12,0.0
19-1029.03,Geneticists,"Life, Physical, and Social Science Occupations",Write grants and papers or attend fundraising events to seek research funds.,without_abstain,3,4,0.75
19-1031.01,Soil and Water Conservationists,"Life, Physical, and Social Science Occupations","Advise land users, such as farmers or ranchers, on plans, problems, or alternative conservation solutions.",with_abstain,0,12,0.0
19-1031.01,Soil and Water Conservationists,"Life, Physical, and Social Science Occupations","Advise land users, such as farmers or ranchers, on plans, problems, or alternative conservation solutions.",without_abstain,0,4,0.0
19-1031.02,Range Managers,"Life, Physical, and Social Science Occupations","Measure and assess vegetation resources for biological assessment companies, environmental impact statements, and rangeland monitoring programs.",with_abstain,2,12,0.16666666666666666
19-1031.02,Range Managers,"Life, Physical, and Social Science Occupations","Measure and assess vegetation resources for biological assessment companies, environmental impact statements, and rangeland monitoring programs.",without_abstain,2,4,0.5
19-1031.03,Park Naturalists,"Life, Physical, and Social Science Occupations",Prepare and present illustrated lectures and interpretive talks about park features.,with_abstain,0,12,0.0
19-1031.03,Park Naturalists,"Life, Physical, and Social Science Occupations",Prepare and present illustrated lectures and interpretive talks about park features.,without_abstain,2,4,0.5
19-1032.00,Foresters,"Life, Physical, and Social Science Occupations",Perform inspections of forests or forest nurseries.,with_abstain,0,12,0.0
19-1032.00,Foresters,"Life, Physical, and Social Science Occupations",Perform inspections of forests or forest nurseries.,without_abstain,2,4,0.5
19-1041.00,Epidemiologists,"Life, Physical, and Social Science Occupations","Investigate diseases or parasites to determine cause and risk factors, progress, life cycle, or mode of transmission.",with_abstain,6,12,0.5
19-1041.00,Epidemiologists,"Life, Physical, and Social Science Occupations","Investigate diseases or parasites to determine cause and risk factors, progress, life cycle, or mode of transmission.",without_abstain,2,4,0.5
19-1042.00,"Medical Scientists, Except Epidemiologists","Life, Physical, and Social Science Occupations",Write and publish articles in scientific journals.,with_abstain,0,12,0.0
19-1042.00,"Medical Scientists, Except Epidemiologists","Life, Physical, and Social Science Occupations",Write and publish articles in scientific journals.,without_abstain,2,4,0.5
19-2011.00,Astronomers,"Life, Physical, and Social Science Occupations",Present research findings at scientific conferences and in papers written for scientific journals.,with_abstain,0,12,0.0
19-2011.00,Astronomers,"Life, Physical, and Social Science Occupations",Present research findings at scientific conferences and in papers written for scientific journals.,without_abstain,2,4,0.5
19-2012.00,Physicists,"Life, Physical, and Social Science Occupations",Describe and express observations and conclusions in mathematical terms.,with_abstain,5,12,0.4166666666666667
19-2012.00,Physicists,"Life, Physical, and Social Science Occupations",Describe and express observations and conclusions in mathematical terms.,without_abstain,2,4,0.5
19-2021.00,Atmospheric and Space Scientists,"Life, Physical, and Social Science Occupations","Prepare forecasts or briefings to meet the needs of industry, business, government, or other groups.",with_abstain,0,12,0.0
19-2021.00,Atmospheric and Space Scientists,"Life, Physical, and Social Science Occupations","Prepare forecasts or briefings to meet the needs of industry, business, government, or other groups.",without_abstain,2,4,0.5
19-2031.00,Chemists,"Life, Physical, and Social Science Occupations","Prepare test solutions, compounds, or reagents for laboratory personnel to conduct tests.",with_abstain,0,12,0.0
19-2031.00,Chemists,"Life, Physical, and Social Science Occupations","Prepare test solutions, compounds, or reagents for laboratory personnel to conduct tests.",without_abstain,2,4,0.5
19-2032.00,Materials Scientists,"Life, Physical, and Social Science Occupations",Plan laboratory experiments to confirm feasibility of processes and techniques used in the production of materials having special characteristics.,with_abstain,4,12,0.3333333333333333
19-2032.00,Materials Scientists,"Life, Physical, and Social Science Occupations",Plan laboratory experiments to confirm feasibility of processes and techniques used in the production of materials having special characteristics.,without_abstain,2,4,0.5
19-2041.00,"Environmental Scientists and Specialists, Including Health","Life, Physical, and Social Science Occupations","Review and implement environmental technical standards, guidelines, policies, and formal regulations that meet all appropriate requirements.",with_abstain,4,12,0.3333333333333333
19-2041.00,"Environmental Scientists and Specialists, Including Health","Life, Physical, and Social Science Occupations","Review and implement environmental technical standards, guidelines, policies, and formal regulations that meet all appropriate requirements.",without_abstain,3,4,0.75
19-2041.01,Climate Change Analysts,"Life, Physical, and Social Science Occupations",Promote initiatives to mitigate climate change with government or environmental groups.,with_abstain,2,12,0.16666666666666666
19-2041.01,Climate Change Analysts,"Life, Physical, and Social Science Occupations",Promote initiatives to mitigate climate change with government or environmental groups.,without_abstain,2,4,0.5
19-2041.02,Environmental Restoration Planners,"Life, Physical, and Social Science Occupations",Develop and communicate recommendations for landowners to maintain or restore environmental conditions.,with_abstain,6,12,0.5
19-2041.02,Environmental Restoration Planners,"Life, Physical, and Social Science Occupations",Develop and communicate recommendations for landowners to maintain or restore environmental conditions.,without_abstain,2,4,0.5
19-2041.03,Industrial Ecologists,"Life, Physical, and Social Science Occupations",Analyze changes designed to improve the environmental performance of complex systems to avoid unintended negative consequences.,with_abstain,0,12,0.0
19-2041.03,Industrial Ecologists,"Life, Physical, and Social Science Occupations",Analyze changes designed to improve the environmental performance of complex systems to avoid unintended negative consequences.,without_abstain,2,4,0.5
19-2042.00,"Geoscientists, Except Hydrologists and Geographers","Life, Physical, and Social Science Occupations","Assess ground or surface water movement to provide advice regarding issues such as waste management, route and site selection, or the restoration of contaminated sites.",with_abstain,1,12,0.08333333333333333
19-2042.00,"Geoscientists, Except Hydrologists and Geographers","Life, Physical, and Social Science Occupations","Assess ground or surface water movement to provide advice regarding issues such as waste management, route and site selection, or the restoration of contaminated sites.",without_abstain,2,4,0.5
19-2043.00,Hydrologists,"Life, Physical, and Social Science Occupations","Study and document quantities, distribution, disposition, and development of underground and surface waters.",with_abstain,1,12,0.08333333333333333
19-2043.00,Hydrologists,"Life, Physical, and Social Science Occupations","Study and document quantities, distribution, disposition, and development of underground and surface waters.",without_abstain,2,4,0.5
19-2099.01,Remote Sensing Scientists and Technologists,"Life, Physical, and Social Science Occupations",Develop or build databases for remote sensing or related geospatial project information.,with_abstain,1,12,0.08333333333333333
19-2099.01,Remote Sensing Scientists and Technologists,"Life, Physical, and Social Science Occupations",Develop or build databases for remote sensing or related geospatial project information.,without_abstain,2,4,0.5
19-3011.00,Economists,"Life, Physical, and Social Science Occupations","Study economic and statistical data in area of specialization, such as finance, labor, or agriculture.",with_abstain,0,12,0.0
19-3011.00,Economists,"Life, Physical, and Social Science Occupations","Study economic and statistical data in area of specialization, such as finance, labor, or agriculture.",without_abstain,2,4,0.5
19-3011.01,Environmental Economists,"Life, Physical, and Social Science Occupations","Assess the costs and benefits of various activities, policies, or regulations that affect the environment or natural resource stocks.",with_abstain,3,12,0.25
19-3011.01,Environmental Economists,"Life, Physical, and Social Science Occupations","Assess the costs and benefits of various activities, policies, or regulations that affect the environment or natural resource stocks.",without_abstain,3,4,0.75
19-3022.00,Survey Researchers,"Life, Physical, and Social Science Occupations","Support, plan, and coordinate operations for single or multiple surveys.",with_abstain,2,12,0.16666666666666666
19-3022.00,Survey Researchers,"Life, Physical, and Social Science Occupations","Support, plan, and coordinate operations for single or multiple surveys.",without_abstain,4,4,1.0
19-3031.01,School Psychologists,"Life, Physical, and Social Science Occupations","Select, administer, and score psychological tests.",with_abstain,0,12,0.0
19-3031.01,School Psychologists,"Life, Physical, and Social Science Occupations","Select, administer, and score psychological tests.",without_abstain,3,4,0.75
19-3031.02,Clinical Psychologists,"Life, Physical, and Social Science Occupations",Discuss the treatment of problems with clients.,with_abstain,3,12,0.25
19-3031.02,Clinical Psychologists,"Life, Physical, and Social Science Occupations",Discuss the treatment of problems with clients.,without_abstain,2,4,0.5
19-3031.03,Counseling Psychologists,"Life, Physical, and Social Science Occupations","Develop therapeutic and treatment plans based on clients' interests, abilities, and needs.",with_abstain,0,12,0.0
19-3031.03,Counseling Psychologists,"Life, Physical, and Social Science Occupations","Develop therapeutic and treatment plans based on clients' interests, abilities, and needs.",without_abstain,2,4,0.5
19-3032.00,Industrial-Organizational Psychologists,"Life, Physical, and Social Science Occupations","Study consumers' reactions to new products and package designs, and to advertising efforts, using surveys and tests.",with_abstain,1,12,0.08333333333333333
19-3032.00,Industrial-Organizational Psychologists,"Life, Physical, and Social Science Occupations","Study consumers' reactions to new products and package designs, and to advertising efforts, using surveys and tests.",without_abstain,1,4,0.25
19-3039.01,Neuropsychologists and Clinical Neuropsychologists,"Life, Physical, and Social Science Occupations",Establish neurobehavioral baseline measures for monitoring progressive cerebral disease or recovery.,with_abstain,3,12,0.25
19-3039.01,Neuropsychologists and Clinical Neuropsychologists,"Life, Physical, and Social Science Occupations",Establish neurobehavioral baseline measures for monitoring progressive cerebral disease or recovery.,without_abstain,2,4,0.5
19-3041.00,Sociologists,"Life, Physical, and Social Science Occupations",Teach sociology.,with_abstain,3,12,0.25
19-3041.00,Sociologists,"Life, Physical, and Social Science Occupations",Teach sociology.,without_abstain,3,4,0.75
19-3051.00,Urban and Regional Planners,"Life, Physical, and Social Science Occupations","Hold public meetings with government officials, social scientists, lawyers, developers, the public, or special interest groups to formulate, develop, or address issues regarding land use or community plans.",with_abstain,0,12,0.0
19-3051.00,Urban and Regional Planners,"Life, Physical, and Social Science Occupations","Hold public meetings with government officials, social scientists, lawyers, developers, the public, or special interest groups to formulate, develop, or address issues regarding land use or community plans.",without_abstain,2,4,0.5
19-3091.01,Anthropologists,"Life, Physical, and Social Science Occupations","Identify culturally specific beliefs and practices affecting health status and access to services for distinct populations and communities, in collaboration with medical and public health officials.",with_abstain,2,12,0.16666666666666666
19-3091.01,Anthropologists,"Life, Physical, and Social Science Occupations","Identify culturally specific beliefs and practices affecting health status and access to services for distinct populations and communities, in collaboration with medical and public health officials.",without_abstain,2,4,0.5
19-3091.02,Archeologists,"Life, Physical, and Social Science Occupations",Compare findings from one site with archeological data from other sites to find similarities or differences.,with_abstain,4,12,0.3333333333333333
19-3091.02,Archeologists,"Life, Physical, and Social Science Occupations",Compare findings from one site with archeological data from other sites to find similarities or differences.,without_abstain,2,4,0.5
19-3092.00,Geographers,"Life, Physical, and Social Science Occupations","Develop, operate, and maintain geographical information computer systems, including hardware, software, plotters, digitizers, printers, and video cameras.",with_abstain,8,12,0.6666666666666666
19-3092.00,Geographers,"Life, Physical, and Social Science Occupations","Develop, operate, and maintain geographical information computer systems, including hardware, software, plotters, digitizers, printers, and video cameras.",without_abstain,4,4,1.0
19-3093.00,Historians,"Life, Physical, and Social Science Occupations","Present historical accounts in terms of individuals or social, ethnic, political, economic, or geographic groupings.",with_abstain,4,12,0.3333333333333333
19-3093.00,Historians,"Life, Physical, and Social Science Occupations","Present historical accounts in terms of individuals or social, ethnic, political, economic, or geographic groupings.",without_abstain,2,4,0.5
19-3094.00,Political Scientists,"Life, Physical, and Social Science Occupations","Disseminate research results through academic publications, written reports, or public presentations.",with_abstain,0,12,0.0
19-3094.00,Political Scientists,"Life, Physical, and Social Science Occupations","Disseminate research results through academic publications, written reports, or public presentations.",without_abstain,2,4,0.5
19-3099.01,Transportation Planners,"Life, Physical, and Social Science Occupations",Document and evaluate transportation project needs and costs.,with_abstain,7,12,0.5833333333333334
19-3099.01,Transportation Planners,"Life, Physical, and Social Science Occupations",Document and evaluate transportation project needs and costs.,without_abstain,4,4,1.0
19-4011.01,Agricultural Technicians,"Life, Physical, and Social Science Occupations",Measure or weigh ingredients used in laboratory testing.,with_abstain,0,12,0.0
19-4011.01,Agricultural Technicians,"Life, Physical, and Social Science Occupations",Measure or weigh ingredients used in laboratory testing.,without_abstain,2,4,0.5
19-4011.02,Food Science Technicians,"Life, Physical, and Social Science Occupations",Monitor and control temperature of products.,with_abstain,2,12,0.16666666666666666
19-4011.02,Food Science Technicians,"Life, Physical, and Social Science Occupations",Monitor and control temperature of products.,without_abstain,2,4,0.5
19-4021.00,Biological Technicians,"Life, Physical, and Social Science Occupations",Analyze experimental data and interpret results to write reports and summaries of findings.,with_abstain,2,12,0.16666666666666666
19-4021.00,Biological Technicians,"Life, Physical, and Social Science Occupations",Analyze experimental data and interpret results to write reports and summaries of findings.,without_abstain,2,4,0.5
19-4031.00,Chemical Technicians,"Life, Physical, and Social Science Occupations","Prepare chemical solutions for products or processes, following standardized formulas, or create experimental formulas.",with_abstain,0,12,0.0
19-4031.00,Chemical Technicians,"Life, Physical, and Social Science Occupations","Prepare chemical solutions for products or processes, following standardized formulas, or create experimental formulas.",without_abstain,2,4,0.5
19-4041.01,Geophysical Data Technicians,"Life, Physical, and Social Science Occupations",Read and study reports in order to compile information and data for geological and geophysical prospecting.,with_abstain,3,12,0.25
19-4041.01,Geophysical Data Technicians,"Life, Physical, and Social Science Occupations",Read and study reports in order to compile information and data for geological and geophysical prospecting.,without_abstain,3,4,0.75
19-4041.02,Geological Sample Test Technicians,"Life, Physical, and Social Science Occupations","Assemble, operate, or maintain field or laboratory testing, measuring, or mechanical equipment.",with_abstain,0,12,0.0
19-4041.02,Geological Sample Test Technicians,"Life, Physical, and Social Science Occupations","Assemble, operate, or maintain field or laboratory testing, measuring, or mechanical equipment.",without_abstain,3,4,0.75
19-4051.01,Nuclear Equipment Operation Technicians,"Life, Physical, and Social Science Occupations","Set control panel switches, according to standard procedures, to route electric power from sources and direct particle beams through injector units.",with_abstain,0,12,0.0
19-4051.01,Nuclear Equipment Operation Technicians,"Life, Physical, and Social Science Occupations","Set control panel switches, according to standard procedures, to route electric power from sources and direct particle beams through injector units.",without_abstain,3,4,0.75
19-4051.02,Nuclear Monitoring Technicians,"Life, Physical, and Social Science Occupations",Calculate safe radiation exposure times for personnel using plant contamination readings and prescribed safe levels of radiation.,with_abstain,4,12,0.3333333333333333
19-4051.02,Nuclear Monitoring Technicians,"Life, Physical, and Social Science Occupations",Calculate safe radiation exposure times for personnel using plant contamination readings and prescribed safe levels of radiation.,without_abstain,3,4,0.75
19-4061.00,Social Science Research Assistants,"Life, Physical, and Social Science Occupations",Obtain informed consent of research subjects or their guardians.,with_abstain,0,12,0.0
19-4061.00,Social Science Research Assistants,"Life, Physical, and Social Science Occupations",Obtain informed consent of research subjects or their guardians.,without_abstain,2,4,0.5
19-4061.01,City and Regional Planning Aides,"Life, Physical, and Social Science Occupations","Research, compile, analyze and organize information from maps, reports, investigations, and books for use in reports and special projects.",with_abstain,0,12,0.0
19-4061.01,City and Regional Planning Aides,"Life, Physical, and Social Science Occupations","Research, compile, analyze and organize information from maps, reports, investigations, and books for use in reports and special projects.",without_abstain,4,4,1.0
19-4091.00,"Environmental Science and Protection Technicians, Including Health","Life, Physical, and Social Science Occupations","Set up equipment or stations to monitor and collect pollutants from sites, such as smoke stacks, manufacturing plants, or mechanical equipment.",with_abstain,2,12,0.16666666666666666
19-4091.00,"Environmental Science and Protection Technicians, Including Health","Life, Physical, and Social Science Occupations","Set up equipment or stations to monitor and collect pollutants from sites, such as smoke stacks, manufacturing plants, or mechanical equipment.",without_abstain,1,4,0.25
19-4092.00,Forensic Science Technicians,"Life, Physical, and Social Science Occupations",Use photographic or video equipment to document evidence or crime scenes.,with_abstain,0,12,0.0
19-4092.00,Forensic Science Technicians,"Life, Physical, and Social Science Occupations",Use photographic or video equipment to document evidence or crime scenes.,without_abstain,2,4,0.5
19-4093.00,Forest and Conservation Technicians,"Life, Physical, and Social Science Occupations","Train and lead forest and conservation workers in seasonal activities, such as planting tree seedlings, putting out forest fires, and maintaining recreational facilities.",with_abstain,3,12,0.25
19-4093.00,Forest and Conservation Technicians,"Life, Physical, and Social Science Occupations","Train and lead forest and conservation workers in seasonal activities, such as planting tree seedlings, putting out forest fires, and maintaining recreational facilities.",without_abstain,3,4,0.75
19-4099.01,Quality Control Analysts,"Life, Physical, and Social Science Occupations",Compile laboratory test data and perform appropriate analyses.,with_abstain,0,12,0.0
19-4099.01,Quality Control Analysts,"Life, Physical, and Social Science Occupations",Compile laboratory test data and perform appropriate analyses.,without_abstain,2,4,0.5
19-4099.02,Precision Agriculture Technicians,"Life, Physical, and Social Science Occupations","Develop soil sampling grids or identify sampling sites, using geospatial technology, for soil testing on characteristics such as nitrogen, phosphorus, and potassium content, pH, and micronutrients.",with_abstain,3,12,0.25
19-4099.02,Precision Agriculture Technicians,"Life, Physical, and Social Science Occupations","Develop soil sampling grids or identify sampling sites, using geospatial technology, for soil testing on characteristics such as nitrogen, phosphorus, and potassium content, pH, and micronutrients.",without_abstain,1,4,0.25
19-4099.03,Remote Sensing Technicians,"Life, Physical, and Social Science Occupations","Consult with remote sensing scientists, surveyors, cartographers, or engineers to determine project needs.",with_abstain,8,12,0.6666666666666666
19-4099.03,Remote Sensing Technicians,"Life, Physical, and Social Science Occupations","Consult with remote sensing scientists, surveyors, cartographers, or engineers to determine project needs.",without_abstain,3,4,0.75
21-1011.00,Substance Abuse and Behavioral Disorder Counselors,Community and Social Service Occupations,"Counsel clients or patients, individually or in group sessions, to assist in overcoming dependencies, adjusting to life, or making changes.",with_abstain,0,12,0.0
21-1011.00,Substance Abuse and Behavioral Disorder Counselors,Community and Social Service Occupations,"Counsel clients or patients, individually or in group sessions, to assist in overcoming dependencies, adjusting to life, or making changes.",without_abstain,2,4,0.5
21-1012.00,"Educational, Guidance, School, and Vocational Counselors",Community and Social Service Occupations,Provide crisis intervention to students when difficult situations occur at schools.,with_abstain,1,12,0.08333333333333333
21-1012.00,"Educational, Guidance, School, and Vocational Counselors",Community and Social Service Occupations,Provide crisis intervention to students when difficult situations occur at schools.,without_abstain,2,4,0.5
21-1013.00,Marriage and Family Therapists,Community and Social Service Occupations,Ask questions that will help clients identify their feelings and behaviors.,with_abstain,4,12,0.3333333333333333
21-1013.00,Marriage and Family Therapists,Community and Social Service Occupations,Ask questions that will help clients identify their feelings and behaviors.,without_abstain,2,4,0.5
21-1014.00,Mental Health Counselors,Community and Social Service Occupations,Maintain confidentiality of records relating to clients' treatment.,with_abstain,2,12,0.16666666666666666
21-1014.00,Mental Health Counselors,Community and Social Service Occupations,Maintain confidentiality of records relating to clients' treatment.,without_abstain,2,4,0.5
21-1015.00,Rehabilitation Counselors,Community and Social Service Occupations,Confer with clients to discuss their options and goals so that rehabilitation programs and plans for accessing needed services can be developed.,with_abstain,5,12,0.4166666666666667
21-1015.00,Rehabilitation Counselors,Community and Social Service Occupations,Confer with clients to discuss their options and goals so that rehabilitation programs and plans for accessing needed services can be developed.,without_abstain,1,4,0.25
21-1021.00,"Child, Family, and School Social Workers",Community and Social Service Occupations,"Counsel parents with child rearing problems, interviewing the child and family to determine whether further action is required.",with_abstain,0,12,0.0
21-1021.00,"Child, Family, and School Social Workers",Community and Social Service Occupations,"Counsel parents with child rearing problems, interviewing the child and family to determine whether further action is required.",without_abstain,2,4,0.5
21-1022.00,Healthcare Social Workers,Community and Social Service Occupations,Plan discharge from care facility to home or other care facility.,with_abstain,1,12,0.08333333333333333
21-1022.00,Healthcare Social Workers,Community and Social Service Occupations,Plan discharge from care facility to home or other care facility.,without_abstain,2,4,0.5
21-1023.00,Mental Health and Substance Abuse Social Workers,Community and Social Service Occupations,"Refer patient, client, or family to community resources for housing or treatment to assist in recovery from mental or physical illness, following through to ensure service efficacy.",with_abstain,1,12,0.08333333333333333
21-1023.00,Mental Health and Substance Abuse Social Workers,Community and Social Service Occupations,"Refer patient, client, or family to community resources for housing or treatment to assist in recovery from mental or physical illness, following through to ensure service efficacy.",without_abstain,2,4,0.5
21-1091.00,Health Educators,Community and Social Service Occupations,"Supervise professional and technical staff in implementing health programs, objectives, and goals.",with_abstain,8,12,0.6666666666666666
21-1091.00,Health Educators,Community and Social Service Occupations,"Supervise professional and technical staff in implementing health programs, objectives, and goals.",without_abstain,3,4,0.75
21-1092.00,Probation Officers and Correctional Treatment Specialists,Community and Social Service Occupations,Interview probationers and parolees regularly to evaluate their progress in accomplishing goals and maintaining the terms specified in their probation contracts and rehabilitation plans.,with_abstain,0,12,0.0
21-1092.00,Probation Officers and Correctional Treatment Specialists,Community and Social Service Occupations,Interview probationers and parolees regularly to evaluate their progress in accomplishing goals and maintaining the terms specified in their probation contracts and rehabilitation plans.,without_abstain,2,4,0.5
21-1093.00,Social and Human Service Assistants,Community and Social Service Occupations,"Advise clients regarding food stamps, child care, food, money management, sanitation, or housekeeping.",with_abstain,5,12,0.4166666666666667
21-1093.00,Social and Human Service Assistants,Community and Social Service Occupations,"Advise clients regarding food stamps, child care, food, money management, sanitation, or housekeeping.",without_abstain,2,4,0.5
21-1094.00,Community Health Workers,Community and Social Service Occupations,"Distribute flyers, brochures, or other informational or educational documents to inform members of a targeted community.",with_abstain,0,12,0.0
21-1094.00,Community Health Workers,Community and Social Service Occupations,"Distribute flyers, brochures, or other informational or educational documents to inform members of a targeted community.",without_abstain,2,4,0.5
21-2011.00,Clergy,Community and Social Service Occupations,Prepare and deliver sermons or other talks.,with_abstain,0,12,0.0
21-2011.00,Clergy,Community and Social Service Occupations,Prepare and deliver sermons or other talks.,without_abstain,4,4,1.0
21-2021.00,"Directors, Religious Activities and Education",Community and Social Service Occupations,Select appropriate curricula or class structures for educational programs.,with_abstain,0,12,0.0
21-2021.00,"Directors, Religious Activities and Education",Community and Social Service Occupations,Select appropriate curricula or class structures for educational programs.,without_abstain,3,4,0.75
23-1011.00,Lawyers,Legal Occupations,Represent clients in court or before government agencies.,with_abstain,5,12,0.4166666666666667
23-1011.00,Lawyers,Legal Occupations,Represent clients in court or before government agencies.,without_abstain,3,4,0.75
23-1012.00,Judicial Law Clerks,Legal Occupations,"Research laws, court decisions, documents, opinions, briefs, or other information related to cases before the court.",with_abstain,6,12,0.5
23-1012.00,Judicial Law Clerks,Legal Occupations,"Research laws, court decisions, documents, opinions, briefs, or other information related to cases before the court.",without_abstain,3,4,0.75
23-1021.00,"Administrative Law Judges, Adjudicators, and Hearing Officers",Legal Occupations,"Conduct hearings to review and decide claims regarding issues such as social program eligibility, environmental protection, and enforcement of health and safety regulations.",with_abstain,2,12,0.16666666666666666
23-1021.00,"Administrative Law Judges, Adjudicators, and Hearing Officers",Legal Occupations,"Conduct hearings to review and decide claims regarding issues such as social program eligibility, environmental protection, and enforcement of health and safety regulations.",without_abstain,2,4,0.5
23-1022.00,"Arbitrators, Mediators, and Conciliators",Legal Occupations,"Interview claimants, agents, or witnesses to obtain information about disputed issues.",with_abstain,2,12,0.16666666666666666
23-1022.00,"Arbitrators, Mediators, and Conciliators",Legal Occupations,"Interview claimants, agents, or witnesses to obtain information about disputed issues.",without_abstain,3,4,0.75
23-1023.00,"Judges, Magistrate Judges, and Magistrates",Legal Occupations,Rule on admissibility of evidence and methods of conducting testimony.,with_abstain,2,12,0.16666666666666666
23-1023.00,"Judges, Magistrate Judges, and Magistrates",Legal Occupations,Rule on admissibility of evidence and methods of conducting testimony.,without_abstain,3,4,0.75
23-2011.00,Paralegals and Legal Assistants,Legal Occupations,File pleadings with court clerk.,with_abstain,0,12,0.0
23-2011.00,Paralegals and Legal Assistants,Legal Occupations,File pleadings with court clerk.,without_abstain,2,4,0.5
23-2091.00,Court Reporters,Legal Occupations,Take notes in shorthand or use a stenotype or shorthand machine that prints letters on a paper tape.,with_abstain,0,12,0.0
23-2091.00,Court Reporters,Legal Occupations,Take notes in shorthand or use a stenotype or shorthand machine that prints letters on a paper tape.,without_abstain,2,4,0.5
23-2093.00,"Title Examiners, Abstractors, and Searchers",Legal Occupations,"Copy or summarize recorded documents, such as mortgages, trust deeds, and contracts, that affect property titles.",with_abstain,1,12,0.08333333333333333
23-2093.00,"Title Examiners, Abstractors, and Searchers",Legal Occupations,"Copy or summarize recorded documents, such as mortgages, trust deeds, and contracts, that affect property titles.",without_abstain,2,4,0.5
25-1011.00,"Business Teachers, Postsecondary",Educational Instruction and Library Occupations,"Keep abreast of developments in the field by reading current literature, talking with colleagues, and participating in professional organizations and conferences.",with_abstain,3,12,0.25
25-1011.00,"Business Teachers, Postsecondary",Educational Instruction and Library Occupations,"Keep abreast of developments in the field by reading current literature, talking with colleagues, and participating in professional organizations and conferences.",without_abstain,3,4,0.75
25-1021.00,"Computer Science Teachers, Postsecondary",Educational Instruction and Library Occupations,"Plan, evaluate, and revise curricula, course content, and course materials and methods of instruction.",with_abstain,0,12,0.0
25-1021.00,"Computer Science Teachers, Postsecondary",Educational Instruction and Library Occupations,"Plan, evaluate, and revise curricula, course content, and course materials and methods of instruction.",without_abstain,2,4,0.5
25-1022.00,"Mathematical Science Teachers, Postsecondary",Educational Instruction and Library Occupations,"Compile, administer, and grade examinations, or assign this work to others.",with_abstain,0,12,0.0
25-1022.00,"Mathematical Science Teachers, Postsecondary",Educational Instruction and Library Occupations,"Compile, administer, and grade examinations, or assign this work to others.",without_abstain,3,4,0.75
25-1031.00,"Architecture Teachers, Postsecondary",Educational Instruction and Library Occupations,"Supervise undergraduate or graduate teaching, internship, and research work.",with_abstain,0,12,0.0
25-1031.00,"Architecture Teachers, Postsecondary",Educational Instruction and Library Occupations,"Supervise undergraduate or graduate teaching, internship, and research work.",without_abstain,3,4,0.75
25-1032.00,"Engineering Teachers, Postsecondary",Educational Instruction and Library Occupations,"Conduct research in a particular field of knowledge and publish findings in professional journals, books, or electronic media.",with_abstain,0,12,0.0
25-1032.00,"Engineering Teachers, Postsecondary",Educational Instruction and Library Occupations,"Conduct research in a particular field of knowledge and publish findings in professional journals, books, or electronic media.",without_abstain,3,4,0.75
25-1041.00,"Agricultural Sciences Teachers, Postsecondary",Educational Instruction and Library Occupations,"Keep abreast of developments in the field by reading current literature, talking with colleagues, and participating in professional conferences.",with_abstain,8,12,0.6666666666666666
25-1041.00,"Agricultural Sciences Teachers, Postsecondary",Educational Instruction and Library Occupations,"Keep abreast of developments in the field by reading current literature, talking with colleagues, and participating in professional conferences.",without_abstain,4,4,1.0
25-1042.00,"Biological Science Teachers, Postsecondary",Educational Instruction and Library Occupations,Supervise students' laboratory work.,with_abstain,6,12,0.5
25-1042.00,"Biological Science Teachers, Postsecondary",Educational Instruction and Library Occupations,Supervise students' laboratory work.,without_abstain,2,4,0.5
25-1043.00,"Forestry and Conservation Science Teachers, Postsecondary",Educational Instruction and Library Occupations,Write grant proposals to procure external research funding.,with_abstain,3,12,0.25
25-1043.00,"Forestry and Conservation Science Teachers, Postsecondary",Educational Instruction and Library Occupations,Write grant proposals to procure external research funding.,without_abstain,3,4,0.75
25-1051.00,"Atmospheric, Earth, Marine, and Space Sciences Teachers, Postsecondary",Educational Instruction and Library Occupations,"Keep abreast of developments in the field by reading current literature, talking with colleagues, and participating in professional conferences.",with_abstain,0,12,0.0
25-1051.00,"Atmospheric, Earth, Marine, and Space Sciences Teachers, Postsecondary",Educational Instruction and Library Occupations,"Keep abreast of developments in the field by reading current literature, talking with colleagues, and participating in professional conferences.",without_abstain,3,4,0.75
25-1052.00,"Chemistry Teachers, Postsecondary",Educational Instruction and Library Occupations,"Establish, teach, and monitor students' compliance with safety rules for handling chemicals, equipment, and other hazardous materials.",with_abstain,7,12,0.5833333333333334
25-1052.00,"Chemistry Teachers, Postsecondary",Educational Instruction and Library Occupations,"Establish, teach, and monitor students' compliance with safety rules for handling chemicals, equipment, and other hazardous materials.",without_abstain,2,4,0.5
25-1053.00,"Environmental Science Teachers, Postsecondary",Educational Instruction and Library Occupations,"Keep abreast of developments in the field by reading current literature, talking with colleagues, and participating in professional conferences.",with_abstain,1,12,0.08333333333333333
25-1053.00,"Environmental Science Teachers, Postsecondary",Educational Instruction and Library Occupations,"Keep abreast of developments in the field by reading current literature, talking with colleagues, and participating in professional conferences.",without_abstain,3,4,0.75
25-1054.00,"Physics Teachers, Postsecondary",Educational Instruction and Library Occupations,"Keep abreast of developments in the field by reading current literature, talking with colleagues, and participating in professional conferences.",with_abstain,0,12,0.0
25-1054.00,"Physics Teachers, Postsecondary",Educational Instruction and Library Occupations,"Keep abreast of developments in the field by reading current literature, talking with colleagues, and participating in professional conferences.",without_abstain,2,4,0.5
25-1061.00,"Anthropology and Archeology Teachers, Postsecondary",Educational Instruction and Library Occupations,"Evaluate and grade students' class work, assignments, and papers.",with_abstain,0,12,0.0
25-1061.00,"Anthropology and Archeology Teachers, Postsecondary",Educational Instruction and Library Occupations,"Evaluate and grade students' class work, assignments, and papers.",without_abstain,2,4,0.5
25-1062.00,"Area, Ethnic, and Cultural Studies Teachers, Postsecondary",Educational Instruction and Library Occupations,"Compile, administer, and grade examinations, or assign this work to others.",with_abstain,0,12,0.0
25-1062.00,"Area, Ethnic, and Cultural Studies Teachers, Postsecondary",Educational Instruction and Library Occupations,"Compile, administer, and grade examinations, or assign this work to others.",without_abstain,2,4,0.5
25-1063.00,"Economics Teachers, Postsecondary",Educational Instruction and Library Occupations,"Keep abreast of developments in the field by reading current literature, talking with colleagues, and participating in professional conferences.",with_abstain,0,12,0.0
25-1063.00,"Economics Teachers, Postsecondary",Educational Instruction and Library Occupations,"Keep abreast of developments in the field by reading current literature, talking with colleagues, and participating in professional conferences.",without_abstain,2,4,0.5
25-1064.00,"Geography Teachers, Postsecondary",Educational Instruction and Library Occupations,"Conduct research in a particular field of knowledge and publish findings in professional journals, books, or electronic media.",with_abstain,0,12,0.0
25-1064.00,"Geography Teachers, Postsecondary",Educational Instruction and Library Occupations,"Conduct research in a particular field of knowledge and publish findings in professional journals, books, or electronic media.",without_abstain,2,4,0.5
25-1065.00,"Political Science Teachers, Postsecondary",Educational Instruction and Library Occupations,"Keep abreast of developments in the field by reading current literature, talking with colleagues, and participating in professional conferences.",with_abstain,0,12,0.0
25-1065.00,"Political Science Teachers, Postsecondary",Educational Instruction and Library Occupations,"Keep abreast of developments in the field by reading current literature, talking with colleagues, and participating in professional conferences.",without_abstain,3,4,0.75
25-1066.00,"Psychology Teachers, Postsecondary",Educational Instruction and Library Occupations,"Maintain student attendance records, grades, and other required records.",with_abstain,0,12,0.0
25-1066.00,"Psychology Teachers, Postsecondary",Educational Instruction and Library Occupations,"Maintain student attendance records, grades, and other required records.",without_abstain,2,4,0.5
25-1067.00,"Sociology Teachers, Postsecondary",Educational Instruction and Library Occupations,"Prepare course materials such as syllabi, homework assignments, and handouts.",with_abstain,0,12,0.0
25-1067.00,"Sociology Teachers, Postsecondary",Educational Instruction and Library Occupations,"Prepare course materials such as syllabi, homework assignments, and handouts.",without_abstain,1,4,0.25
25-1071.00,"Health Specialties Teachers, Postsecondary",Educational Instruction and Library Occupations,Supervise laboratory sessions.,with_abstain,0,12,0.0
25-1071.00,"Health Specialties Teachers, Postsecondary",Educational Instruction and Library Occupations,Supervise laboratory sessions.,without_abstain,2,4,0.5
25-1072.00,"Nursing Instructors and Teachers, Postsecondary",Educational Instruction and Library Occupations,"Evaluate and grade students' class work, laboratory and clinic work, assignments, and papers.",with_abstain,0,12,0.0
25-1072.00,"Nursing Instructors and Teachers, Postsecondary",Educational Instruction and Library Occupations,"Evaluate and grade students' class work, laboratory and clinic work, assignments, and papers.",without_abstain,2,4,0.5
25-1081.00,"Education Teachers, Postsecondary",Educational Instruction and Library Occupations,"Prepare course materials such as syllabi, homework assignments, and handouts.",with_abstain,0,12,0.0
25-1081.00,"Education Teachers, Postsecondary",Educational Instruction and Library Occupations,"Prepare course materials such as syllabi, homework assignments, and handouts.",without_abstain,3,4,0.75
25-1082.00,"Library Science Teachers, Postsecondary",Educational Instruction and Library Occupations,"Keep abreast of developments in the field by reading current literature, talking with colleagues, giving presentations at conferences, and serving on committees in professional associations.",with_abstain,0,12,0.0
25-1082.00,"Library Science Teachers, Postsecondary",Educational Instruction and Library Occupations,"Keep abreast of developments in the field by reading current literature, talking with colleagues, giving presentations at conferences, and serving on committees in professional associations.",without_abstain,2,4,0.5
25-1111.00,"Criminal Justice and Law Enforcement Teachers, Postsecondary",Educational Instruction and Library Occupations,"Initiate, facilitate, and moderate classroom discussions.",with_abstain,7,12,0.5833333333333334
25-1111.00,"Criminal Justice and Law Enforcement Teachers, Postsecondary",Educational Instruction and Library Occupations,"Initiate, facilitate, and moderate classroom discussions.",without_abstain,4,4,1.0
25-1112.00,"Law Teachers, Postsecondary",Educational Instruction and Library Occupations,"Prepare and deliver lectures to undergraduate or graduate students on topics such as civil procedure, contracts, and torts.",with_abstain,0,12,0.0
25-1112.00,"Law Teachers, Postsecondary",Educational Instruction and Library Occupations,"Prepare and deliver lectures to undergraduate or graduate students on topics such as civil procedure, contracts, and torts.",without_abstain,2,4,0.5
25-1113.00,"Social Work Teachers, Postsecondary",Educational Instruction and Library Occupations,"Evaluate and grade students' class work, assignments, and papers.",with_abstain,0,12,0.0
25-1113.00,"Social Work Teachers, Postsecondary",Educational Instruction and Library Occupations,"Evaluate and grade students' class work, assignments, and papers.",without_abstain,2,4,0.5
25-1121.00,"Art, Drama, and Music Teachers, Postsecondary",Educational Instruction and Library Occupations,Explain and demonstrate artistic techniques.,with_abstain,5,12,0.4166666666666667
25-1121.00,"Art, Drama, and Music Teachers, Postsecondary",Educational Instruction and Library Occupations,Explain and demonstrate artistic techniques.,without_abstain,2,4,0.5
25-1122.00,"Communications Teachers, Postsecondary",Educational Instruction and Library Occupations,Maintain regularly scheduled office hours to advise and assist students.,with_abstain,4,12,0.3333333333333333
25-1122.00,"Communications Teachers, Postsecondary",Educational Instruction and Library Occupations,Maintain regularly scheduled office hours to advise and assist students.,without_abstain,1,4,0.25
25-1123.00,"English Language and Literature Teachers, Postsecondary",Educational Instruction and Library Occupations,Teach writing classes.,with_abstain,0,12,0.0
25-1123.00,"English Language and Literature Teachers, Postsecondary",Educational Instruction and Library Occupations,Teach writing classes.,without_abstain,2,4,0.5
25-1124.00,"Foreign Language and Literature Teachers, Postsecondary",Educational Instruction and Library Occupations,"Evaluate and grade students' class work, assignments, and papers.",with_abstain,0,12,0.0
25-1124.00,"Foreign Language and Literature Teachers, Postsecondary",Educational Instruction and Library Occupations,"Evaluate and grade students' class work, assignments, and papers.",without_abstain,2,4,0.5
25-1125.00,"History Teachers, Postsecondary",Educational Instruction and Library Occupations,"Plan, evaluate, and revise curricula, course content, course materials, and methods of instruction.",with_abstain,0,12,0.0
25-1125.00,"History Teachers, Postsecondary",Educational Instruction and Library Occupations,"Plan, evaluate, and revise curricula, course content, course materials, and methods of instruction.",without_abstain,2,4,0.5
25-1126.00,"Philosophy and Religion Teachers, Postsecondary",Educational Instruction and Library Occupations,"Prepare course materials such as syllabi, homework assignments, and handouts.",with_abstain,0,12,0.0
25-1126.00,"Philosophy and Religion Teachers, Postsecondary",Educational Instruction and Library Occupations,"Prepare course materials such as syllabi, homework assignments, and handouts.",without_abstain,2,4,0.5
25-1191.00,Graduate Teaching Assistants,Educational Instruction and Library Occupations,Return assignments to students in accordance with established deadlines.,with_abstain,0,12,0.0
25-1191.00,Graduate Teaching Assistants,Educational Instruction and Library Occupations,Return assignments to students in accordance with established deadlines.,without_abstain,2,4,0.5
25-1192.00,"Home Economics Teachers, Postsecondary",Educational Instruction and Library Occupations,"Plan, evaluate, and revise curricula, course content, course materials, and methods of instruction.",with_abstain,1,12,0.08333333333333333
25-1192.00,"Home Economics Teachers, Postsecondary",Educational Instruction and Library Occupations,"Plan, evaluate, and revise curricula, course content, course materials, and methods of instruction.",without_abstain,2,4,0.5
25-1193.00,"Recreation and Fitness Studies Teachers, Postsecondary",Educational Instruction and Library Occupations,"Initiate, facilitate, and moderate classroom discussions.",with_abstain,3,12,0.25
25-1193.00,"Recreation and Fitness Studies Teachers, Postsecondary",Educational Instruction and Library Occupations,"Initiate, facilitate, and moderate classroom discussions.",without_abstain,3,4,0.75
25-1194.00,"Vocational Education Teachers, Postsecondary",Educational Instruction and Library Occupations,"Administer oral, written, or performance tests to measure progress and to evaluate training effectiveness.",with_abstain,0,12,0.0
25-1194.00,"Vocational Education Teachers, Postsecondary",Educational Instruction and Library Occupations,"Administer oral, written, or performance tests to measure progress and to evaluate training effectiveness.",without_abstain,2,4,0.5
25-2011.00,"Preschool Teachers, Except Special Education",Educational Instruction and Library Occupations,Read books to entire classes or to small groups.,with_abstain,0,12,0.0
25-2011.00,"Preschool Teachers, Except Special Education",Educational Instruction and Library Occupations,Read books to entire classes or to small groups.,without_abstain,2,4,0.5
25-2012.00,"Kindergarten Teachers, Except Special Education",Educational Instruction and Library Occupations,Demonstrate activities to children.,with_abstain,2,12,0.16666666666666666
25-2012.00,"Kindergarten Teachers, Except Special Education",Educational Instruction and Library Occupations,Demonstrate activities to children.,without_abstain,2,4,0.5
25-2021.00,"Elementary School Teachers, Except Special Education",Educational Instruction and Library Occupations,"Establish clear objectives for all lessons, units, and projects and communicate those objectives to students.",with_abstain,2,12,0.16666666666666666
25-2021.00,"Elementary School Teachers, Except Special Education",Educational Instruction and Library Occupations,"Establish clear objectives for all lessons, units, and projects and communicate those objectives to students.",without_abstain,2,4,0.5
25-2022.00,"Middle School Teachers, Except Special and Career/Technical Education",Educational Instruction and Library Occupations,"Prepare, administer, and grade tests and assignments to evaluate students' progress.",with_abstain,0,12,0.0
25-2022.00,"Middle School Teachers, Except Special and Career/Technical Education",Educational Instruction and Library Occupations,"Prepare, administer, and grade tests and assignments to evaluate students' progress.",without_abstain,2,4,0.5
25-2023.00,"Career/Technical Education Teachers, Middle School",Educational Instruction and Library Occupations,Prepare materials and classrooms for class activities.,with_abstain,2,12,0.16666666666666666
25-2023.00,"Career/Technical Education Teachers, Middle School",Educational Instruction and Library Occupations,Prepare materials and classrooms for class activities.,without_abstain,2,4,0.5
25-2031.00,"Secondary School Teachers, Except Special and Career/Technical Education",Educational Instruction and Library Occupations,Enforce all administration policies and rules governing students.,with_abstain,0,12,0.0
25-2031.00,"Secondary School Teachers, Except Special and Career/Technical Education",Educational Instruction and Library Occupations,Enforce all administration policies and rules governing students.,without_abstain,3,4,0.75
25-2032.00,"Career/Technical Education Teachers, Secondary School",Educational Instruction and Library Occupations,Instruct and monitor students in the use and care of equipment and materials to prevent injury and damage.,with_abstain,6,12,0.5
25-2032.00,"Career/Technical Education Teachers, Secondary School",Educational Instruction and Library Occupations,Instruct and monitor students in the use and care of equipment and materials to prevent injury and damage.,without_abstain,2,4,0.5
25-2052.00,"Special Education Teachers, Kindergarten and Elementary School",Educational Instruction and Library Occupations,"Instruct special needs students in academic subjects, using a variety of techniques, such as phonetics, multisensory learning, or repetition to reinforce learning and meet students' varying needs.",with_abstain,2,12,0.16666666666666666
25-2052.00,"Special Education Teachers, Kindergarten and Elementary School",Educational Instruction and Library Occupations,"Instruct special needs students in academic subjects, using a variety of techniques, such as phonetics, multisensory learning, or repetition to reinforce learning and meet students' varying needs.",without_abstain,2,4,0.5
25-2053.00,"Special Education Teachers, Middle School",Educational Instruction and Library Occupations,Modify the general education curriculum for special-needs students based upon a variety of instructional techniques and instructional technology.,with_abstain,0,12,0.0
25-2053.00,"Special Education Teachers, Middle School",Educational Instruction and Library Occupations,Modify the general education curriculum for special-needs students based upon a variety of instructional techniques and instructional technology.,without_abstain,1,4,0.25
25-2054.00,"Special Education Teachers, Secondary School",Educational Instruction and Library Occupations,"Modify the general education curriculum for special-needs students, based upon a variety of instructional techniques and technologies.",with_abstain,2,12,0.16666666666666666
25-2054.00,"Special Education Teachers, Secondary School",Educational Instruction and Library Occupations,"Modify the general education curriculum for special-needs students, based upon a variety of instructional techniques and technologies.",without_abstain,2,4,0.5
25-2059.01,Adapted Physical Education Specialists,Educational Instruction and Library Occupations,Provide students positive feedback to encourage them and help them develop an appreciation for physical education.,with_abstain,4,12,0.3333333333333333
25-2059.01,Adapted Physical Education Specialists,Educational Instruction and Library Occupations,Provide students positive feedback to encourage them and help them develop an appreciation for physical education.,without_abstain,1,4,0.25
25-3011.00,Adult Basic and Secondary Education and Literacy Teachers and Instructors,Educational Instruction and Library Occupations,Maintain accurate and complete student records as required by laws or administrative policies.,with_abstain,0,12,0.0
25-3011.00,Adult Basic and Secondary Education and Literacy Teachers and Instructors,Educational Instruction and Library Occupations,Maintain accurate and complete student records as required by laws or administrative policies.,without_abstain,2,4,0.5
25-3021.00,Self-Enrichment Education Teachers,Educational Instruction and Library Occupations,Enforce policies and rules governing students.,with_abstain,0,12,0.0
25-3021.00,Self-Enrichment Education Teachers,Educational Instruction and Library Occupations,Enforce policies and rules governing students.,without_abstain,3,4,0.75
25-3099.02,Tutors,Educational Instruction and Library Occupations,Assess students' progress throughout tutoring sessions.,with_abstain,0,12,0.0
25-3099.02,Tutors,Educational Instruction and Library Occupations,Assess students' progress throughout tutoring sessions.,without_abstain,2,4,0.5
25-4011.00,Archivists,Educational Instruction and Library Occupations,Authenticate and appraise historical documents and archival materials.,with_abstain,0,12,0.0
25-4011.00,Archivists,Educational Instruction and Library Occupations,Authenticate and appraise historical documents and archival materials.,without_abstain,4,4,1.0
25-4012.00,Curators,Educational Instruction and Library Occupations,"Confer with the board of directors to formulate and interpret policies, to determine budget requirements, and to plan overall operations.",with_abstain,0,12,0.0
25-4012.00,Curators,Educational Instruction and Library Occupations,"Confer with the board of directors to formulate and interpret policies, to determine budget requirements, and to plan overall operations.",without_abstain,2,4,0.5
25-4013.00,Museum Technicians and Conservators,Educational Instruction and Library Occupations,"Clean objects, such as paper, textiles, wood, metal, glass, rock, pottery, and furniture, using cleansers, solvents, soap solutions, and polishes.",with_abstain,2,12,0.16666666666666666
25-4013.00,Museum Technicians and Conservators,Educational Instruction and Library Occupations,"Clean objects, such as paper, textiles, wood, metal, glass, rock, pottery, and furniture, using cleansers, solvents, soap solutions, and polishes.",without_abstain,2,4,0.5
25-4021.00,Librarians,Educational Instruction and Library Occupations,"Teach library patrons basic computer skills, such as searching computerized databases.",with_abstain,2,12,0.16666666666666666
25-4021.00,Librarians,Educational Instruction and Library Occupations,"Teach library patrons basic computer skills, such as searching computerized databases.",without_abstain,2,4,0.5
25-4031.00,Library Technicians,Educational Instruction and Library Occupations,Process print and non-print library materials to prepare them for inclusion in library collections.,with_abstain,0,12,0.0
25-4031.00,Library Technicians,Educational Instruction and Library Occupations,Process print and non-print library materials to prepare them for inclusion in library collections.,without_abstain,3,4,0.75
25-9011.00,Audio-Visual and Multimedia Collections Specialists,Educational Instruction and Library Occupations,Install audio-visual equipment.,with_abstain,0,12,0.0
25-9011.00,Audio-Visual and Multimedia Collections Specialists,Educational Instruction and Library Occupations,Install audio-visual equipment.,without_abstain,2,4,0.5
25-9021.00,Farm and Home Management Advisors,Educational Instruction and Library Occupations,"Prepare and distribute leaflets, pamphlets, and visual aids for educational and informational purposes.",with_abstain,3,12,0.25
25-9021.00,Farm and Home Management Advisors,Educational Instruction and Library Occupations,"Prepare and distribute leaflets, pamphlets, and visual aids for educational and informational purposes.",without_abstain,2,4,0.5
25-9031.00,Instructional Coordinators,Educational Instruction and Library Occupations,"Confer with members of educational committees and advisory groups to obtain knowledge of subject areas and to relate curriculum materials to specific subjects, individual student needs, and occupational areas.",with_abstain,0,12,0.0
25-9031.00,Instructional Coordinators,Educational Instruction and Library Occupations,"Confer with members of educational committees and advisory groups to obtain knowledge of subject areas and to relate curriculum materials to specific subjects, individual student needs, and occupational areas.",without_abstain,2,4,0.5
25-9031.01,Instructional Designers and Technologists,Educational Instruction and Library Occupations,"Define instructional, learning, or performance objectives.",with_abstain,4,12,0.3333333333333333
25-9031.01,Instructional Designers and Technologists,Educational Instruction and Library Occupations,"Define instructional, learning, or performance objectives.",without_abstain,2,4,0.5
25-9041.00,Teacher Assistants,Educational Instruction and Library Occupations,"Provide extra assistance to students with special needs, such as non-English-speaking students or those with physical and mental disabilities.",with_abstain,0,12,0.0
25-9041.00,Teacher Assistants,Educational Instruction and Library Occupations,"Provide extra assistance to students with special needs, such as non-English-speaking students or those with physical and mental disabilities.",without_abstain,3,4,0.75
27-1011.00,Art Directors,"Arts, Design, Entertainment, Sports, and Media Occupations",Present final layouts to clients for approval.,with_abstain,0,12,0.0
27-1011.00,Art Directors,"Arts, Design, Entertainment, Sports, and Media Occupations",Present final layouts to clients for approval.,without_abstain,2,4,0.5
27-1012.00,Craft Artists,"Arts, Design, Entertainment, Sports, and Media Occupations",Apply finishes to objects being crafted.,with_abstain,0,12,0.0
27-1012.00,Craft Artists,"Arts, Design, Entertainment, Sports, and Media Occupations",Apply finishes to objects being crafted.,without_abstain,2,4,0.5
27-1013.00,"Fine Artists, Including Painters, Sculptors, and Illustrators","Arts, Design, Entertainment, Sports, and Media Occupations","Maintain portfolios of artistic work to demonstrate styles, interests, and abilities.",with_abstain,1,12,0.08333333333333333
27-1013.00,"Fine Artists, Including Painters, Sculptors, and Illustrators","Arts, Design, Entertainment, Sports, and Media Occupations","Maintain portfolios of artistic work to demonstrate styles, interests, and abilities.",without_abstain,2,4,0.5
27-1014.00,Multimedia Artists and Animators,"Arts, Design, Entertainment, Sports, and Media Occupations","Design complex graphics and animation, using independent judgment, creativity, and computer equipment.",with_abstain,6,12,0.5
27-1014.00,Multimedia Artists and Animators,"Arts, Design, Entertainment, Sports, and Media Occupations","Design complex graphics and animation, using independent judgment, creativity, and computer equipment.",without_abstain,2,4,0.5
27-1021.00,Commercial and Industrial Designers,"Arts, Design, Entertainment, Sports, and Media Occupations","Evaluate feasibility of design ideas, based on factors such as appearance, safety, function, serviceability, budget, production costs/methods, and market characteristics.",with_abstain,2,12,0.16666666666666666
27-1021.00,Commercial and Industrial Designers,"Arts, Design, Entertainment, Sports, and Media Occupations","Evaluate feasibility of design ideas, based on factors such as appearance, safety, function, serviceability, budget, production costs/methods, and market characteristics.",without_abstain,2,4,0.5
27-1022.00,Fashion Designers,"Arts, Design, Entertainment, Sports, and Media Occupations",Confer with sales and management executives or with clients to discuss design ideas.,with_abstain,1,12,0.08333333333333333
27-1022.00,Fashion Designers,"Arts, Design, Entertainment, Sports, and Media Occupations",Confer with sales and management executives or with clients to discuss design ideas.,without_abstain,2,4,0.5
27-1023.00,Floral Designers,"Arts, Design, Entertainment, Sports, and Media Occupations","Select flora and foliage for arrangements, working with numerous combinations to synthesize and develop new creations.",with_abstain,0,12,0.0
27-1023.00,Floral Designers,"Arts, Design, Entertainment, Sports, and Media Occupations","Select flora and foliage for arrangements, working with numerous combinations to synthesize and develop new creations.",without_abstain,2,4,0.5
27-1024.00,Graphic Designers,"Arts, Design, Entertainment, Sports, and Media Occupations","Determine size and arrangement of illustrative material and copy, and select style and size of type.",with_abstain,4,12,0.3333333333333333
27-1024.00,Graphic Designers,"Arts, Design, Entertainment, Sports, and Media Occupations","Determine size and arrangement of illustrative material and copy, and select style and size of type.",without_abstain,2,4,0.5
27-1025.00,Interior Designers,"Arts, Design, Entertainment, Sports, and Media Occupations","Estimate material requirements and costs, and present design to client for approval.",with_abstain,0,12,0.0
27-1025.00,Interior Designers,"Arts, Design, Entertainment, Sports, and Media Occupations","Estimate material requirements and costs, and present design to client for approval.",without_abstain,2,4,0.5
27-1026.00,Merchandise Displayers and Window Trimmers,"Arts, Design, Entertainment, Sports, and Media Occupations","Arrange properties, furniture, merchandise, backdrops, or other accessories, as shown in prepared sketches.",with_abstain,0,12,0.0
27-1026.00,Merchandise Displayers and Window Trimmers,"Arts, Design, Entertainment, Sports, and Media Occupations","Arrange properties, furniture, merchandise, backdrops, or other accessories, as shown in prepared sketches.",without_abstain,2,4,0.5
27-1027.00,Set and Exhibit Designers,"Arts, Design, Entertainment, Sports, and Media Occupations",Attend rehearsals and production meetings in order to obtain and share information related to sets.,with_abstain,0,12,0.0
27-1027.00,Set and Exhibit Designers,"Arts, Design, Entertainment, Sports, and Media Occupations",Attend rehearsals and production meetings in order to obtain and share information related to sets.,without_abstain,3,4,0.75
27-2011.00,Actors,"Arts, Design, Entertainment, Sports, and Media Occupations",Learn about characters in scripts and their relationships to each other to develop role interpretations.,with_abstain,3,12,0.25
27-2011.00,Actors,"Arts, Design, Entertainment, Sports, and Media Occupations",Learn about characters in scripts and their relationships to each other to develop role interpretations.,without_abstain,1,4,0.25
27-2012.01,Producers,"Arts, Design, Entertainment, Sports, and Media Occupations",Conduct meetings with staff to discuss production progress and to ensure production objectives are attained.,with_abstain,0,12,0.0
27-2012.01,Producers,"Arts, Design, Entertainment, Sports, and Media Occupations",Conduct meetings with staff to discuss production progress and to ensure production objectives are attained.,without_abstain,2,4,0.5
27-2012.02,"Directors- Stage, Motion Pictures, Television, and Radio","Arts, Design, Entertainment, Sports, and Media Occupations","Compile cue words and phrases and cue announcers, cast members, and technicians during performances.",with_abstain,2,12,0.16666666666666666
27-2012.02,"Directors- Stage, Motion Pictures, Television, and Radio","Arts, Design, Entertainment, Sports, and Media Occupations","Compile cue words and phrases and cue announcers, cast members, and technicians during performances.",without_abstain,2,4,0.5
27-2012.03,Program Directors,"Arts, Design, Entertainment, Sports, and Media Occupations",Establish work schedules and assign work to staff members.,with_abstain,4,12,0.3333333333333333
27-2012.03,Program Directors,"Arts, Design, Entertainment, Sports, and Media Occupations",Establish work schedules and assign work to staff members.,without_abstain,4,4,1.0
27-2012.04,Talent Directors,"Arts, Design, Entertainment, Sports, and Media Occupations",Audition and interview performers to match their attributes to specific roles or to increase the pool of available acting talent.,with_abstain,1,12,0.08333333333333333
27-2012.04,Talent Directors,"Arts, Design, Entertainment, Sports, and Media Occupations",Audition and interview performers to match their attributes to specific roles or to increase the pool of available acting talent.,without_abstain,2,4,0.5
27-2012.05,Technical Directors/Managers,"Arts, Design, Entertainment, Sports, and Media Occupations",Monitor broadcasts to ensure that programs conform to station or network policies and regulations.,with_abstain,2,12,0.16666666666666666
27-2012.05,Technical Directors/Managers,"Arts, Design, Entertainment, Sports, and Media Occupations",Monitor broadcasts to ensure that programs conform to station or network policies and regulations.,without_abstain,2,4,0.5
27-2021.00,Athletes and Sports Competitors,"Arts, Design, Entertainment, Sports, and Media Occupations","Maintain optimum physical fitness levels by training regularly, following nutrition plans, or consulting with health professionals.",with_abstain,4,12,0.3333333333333333
27-2021.00,Athletes and Sports Competitors,"Arts, Design, Entertainment, Sports, and Media Occupations","Maintain optimum physical fitness levels by training regularly, following nutrition plans, or consulting with health professionals.",without_abstain,4,4,1.0
27-2022.00,Coaches and Scouts,"Arts, Design, Entertainment, Sports, and Media Occupations",Explain and enforce safety rules and regulations.,with_abstain,8,12,0.6666666666666666
27-2022.00,Coaches and Scouts,"Arts, Design, Entertainment, Sports, and Media Occupations",Explain and enforce safety rules and regulations.,without_abstain,3,4,0.75
27-2023.00,"Umpires, Referees, and Other Sports Officials","Arts, Design, Entertainment, Sports, and Media Occupations",Inspect sporting equipment and/or examine participants in order to ensure compliance with event and safety regulations.,with_abstain,2,12,0.16666666666666666
27-2023.00,"Umpires, Referees, and Other Sports Officials","Arts, Design, Entertainment, Sports, and Media Occupations",Inspect sporting equipment and/or examine participants in order to ensure compliance with event and safety regulations.,without_abstain,2,4,0.5
27-2031.00,Dancers,"Arts, Design, Entertainment, Sports, and Media Occupations",Coordinate dancing with that of partners or dance ensembles.,with_abstain,2,12,0.16666666666666666
27-2031.00,Dancers,"Arts, Design, Entertainment, Sports, and Media Occupations",Coordinate dancing with that of partners or dance ensembles.,without_abstain,2,4,0.5
27-2032.00,Choreographers,"Arts, Design, Entertainment, Sports, and Media Occupations","Choose the music, sound effects, or spoken narrative to accompany a dance.",with_abstain,0,12,0.0
27-2032.00,Choreographers,"Arts, Design, Entertainment, Sports, and Media Occupations","Choose the music, sound effects, or spoken narrative to accompany a dance.",without_abstain,2,4,0.5
27-2041.01,Music Directors,"Arts, Design, Entertainment, Sports, and Media Occupations","Study scores to learn the music in detail, and to develop interpretations.",with_abstain,6,12,0.5
27-2041.01,Music Directors,"Arts, Design, Entertainment, Sports, and Media Occupations","Study scores to learn the music in detail, and to develop interpretations.",without_abstain,2,4,0.5
27-2041.04,Music Composers and Arrangers,"Arts, Design, Entertainment, Sports, and Media Occupations","Determine voices, instruments, harmonic structures, rhythms, tempos, and tone balances required to achieve the effects desired in a musical composition.",with_abstain,12,12,1.0
27-2041.04,Music Composers and Arrangers,"Arts, Design, Entertainment, Sports, and Media Occupations","Determine voices, instruments, harmonic structures, rhythms, tempos, and tone balances required to achieve the effects desired in a musical composition.",without_abstain,4,4,1.0
27-2042.01,Singers,"Arts, Design, Entertainment, Sports, and Media Occupations",Practice singing exercises and study with vocal coaches to develop voice and skills and to rehearse for upcoming roles.,with_abstain,2,12,0.16666666666666666
27-2042.01,Singers,"Arts, Design, Entertainment, Sports, and Media Occupations",Practice singing exercises and study with vocal coaches to develop voice and skills and to rehearse for upcoming roles.,without_abstain,1,4,0.25
27-2042.02,"Musicians, Instrumental","Arts, Design, Entertainment, Sports, and Media Occupations",Specialize in playing a specific family of instruments or a particular type of music.,with_abstain,0,12,0.0
27-2042.02,"Musicians, Instrumental","Arts, Design, Entertainment, Sports, and Media Occupations",Specialize in playing a specific family of instruments or a particular type of music.,without_abstain,3,4,0.75
27-3011.00,Radio and Television Announcers,"Arts, Design, Entertainment, Sports, and Media Occupations",Study background information to prepare for programs or interviews.,with_abstain,5,12,0.4166666666666667
27-3011.00,Radio and Television Announcers,"Arts, Design, Entertainment, Sports, and Media Occupations",Study background information to prepare for programs or interviews.,without_abstain,3,4,0.75
27-3012.00,Public Address System and Other Announcers,"Arts, Design, Entertainment, Sports, and Media Occupations","Meet with event directors to review schedules and exchange information about details, such as national anthem performers and starting lineups.",with_abstain,2,12,0.16666666666666666
27-3012.00,Public Address System and Other Announcers,"Arts, Design, Entertainment, Sports, and Media Occupations","Meet with event directors to review schedules and exchange information about details, such as national anthem performers and starting lineups.",without_abstain,2,4,0.5
27-3021.00,Broadcast News Analysts,"Arts, Design, Entertainment, Sports, and Media Occupations","Write commentaries, columns, or scripts, using computers.",with_abstain,0,12,0.0
27-3021.00,Broadcast News Analysts,"Arts, Design, Entertainment, Sports, and Media Occupations","Write commentaries, columns, or scripts, using computers.",without_abstain,2,4,0.5
27-3022.00,Reporters and Correspondents,"Arts, Design, Entertainment, Sports, and Media Occupations",Arrange interviews with people who can provide information about a story.,with_abstain,0,12,0.0
27-3022.00,Reporters and Correspondents,"Arts, Design, Entertainment, Sports, and Media Occupations",Arrange interviews with people who can provide information about a story.,without_abstain,2,4,0.5
27-3031.00,Public Relations Specialists,"Arts, Design, Entertainment, Sports, and Media Occupations","Plan or direct development or communication of programs to maintain favorable public or stockholder perceptions of an organization's accomplishments, agenda, or environmental responsibility.",with_abstain,1,12,0.08333333333333333
27-3031.00,Public Relations Specialists,"Arts, Design, Entertainment, Sports, and Media Occupations","Plan or direct development or communication of programs to maintain favorable public or stockholder perceptions of an organization's accomplishments, agenda, or environmental responsibility.",without_abstain,0,4,0.0
27-3041.00,Editors,"Arts, Design, Entertainment, Sports, and Media Occupations","Prepare, rewrite and edit copy to improve readability, or supervise others who do this work.",with_abstain,2,12,0.16666666666666666
27-3041.00,Editors,"Arts, Design, Entertainment, Sports, and Media Occupations","Prepare, rewrite and edit copy to improve readability, or supervise others who do this work.",without_abstain,2,4,0.5
27-3042.00,Technical Writers,"Arts, Design, Entertainment, Sports, and Media Occupations","Select photographs, drawings, sketches, diagrams, and charts to illustrate material.",with_abstain,0,12,0.0
27-3042.00,Technical Writers,"Arts, Design, Entertainment, Sports, and Media Occupations","Select photographs, drawings, sketches, diagrams, and charts to illustrate material.",without_abstain,3,4,0.75
27-3043.04,Copy Writers,"Arts, Design, Entertainment, Sports, and Media Occupations","Write advertising copy for use by publication, broadcast, or internet media to promote the sale of goods and services.",with_abstain,0,12,0.0
27-3043.04,Copy Writers,"Arts, Design, Entertainment, Sports, and Media Occupations","Write advertising copy for use by publication, broadcast, or internet media to promote the sale of goods and services.",without_abstain,2,4,0.5
27-3043.05,"Poets, Lyricists and Creative Writers","Arts, Design, Entertainment, Sports, and Media Occupations","Choose subject matter and suitable form to express personal feelings and experiences or ideas, or to narrate stories or events.",with_abstain,2,12,0.16666666666666666
27-3043.05,"Poets, Lyricists and Creative Writers","Arts, Design, Entertainment, Sports, and Media Occupations","Choose subject matter and suitable form to express personal feelings and experiences or ideas, or to narrate stories or events.",without_abstain,2,4,0.5
27-3091.00,Interpreters and Translators,"Arts, Design, Entertainment, Sports, and Media Occupations","Read written materials, such as legal documents, scientific works, or news reports, and rewrite material into specified languages.",with_abstain,0,12,0.0
27-3091.00,Interpreters and Translators,"Arts, Design, Entertainment, Sports, and Media Occupations","Read written materials, such as legal documents, scientific works, or news reports, and rewrite material into specified languages.",without_abstain,2,4,0.5
27-4011.00,Audio and Video Equipment Technicians,"Arts, Design, Entertainment, Sports, and Media Occupations","Switch sources of video input from one camera or studio to another, from film to live programming, or from network to local programming.",with_abstain,0,12,0.0
27-4011.00,Audio and Video Equipment Technicians,"Arts, Design, Entertainment, Sports, and Media Occupations","Switch sources of video input from one camera or studio to another, from film to live programming, or from network to local programming.",without_abstain,2,4,0.5
27-4012.00,Broadcast Technicians,"Arts, Design, Entertainment, Sports, and Media Occupations",Play and record broadcast programs using automation systems.,with_abstain,0,12,0.0
27-4012.00,Broadcast Technicians,"Arts, Design, Entertainment, Sports, and Media Occupations",Play and record broadcast programs using automation systems.,without_abstain,1,4,0.25
27-4013.00,Radio Operators,"Arts, Design, Entertainment, Sports, and Media Occupations",Monitor emergency frequencies to detect distress calls and respond by dispatching emergency equipment.,with_abstain,0,12,0.0
27-4013.00,Radio Operators,"Arts, Design, Entertainment, Sports, and Media Occupations",Monitor emergency frequencies to detect distress calls and respond by dispatching emergency equipment.,without_abstain,2,4,0.5
27-4014.00,Sound Engineering Technicians,"Arts, Design, Entertainment, Sports, and Media Occupations","Record speech, music, and other sounds on recording media, using recording equipment.",with_abstain,1,12,0.08333333333333333
27-4014.00,Sound Engineering Technicians,"Arts, Design, Entertainment, Sports, and Media Occupations","Record speech, music, and other sounds on recording media, using recording equipment.",without_abstain,2,4,0.5
27-4021.00,Photographers,"Arts, Design, Entertainment, Sports, and Media Occupations","Create artificial light, using flashes and reflectors.",with_abstain,6,12,0.5
27-4021.00,Photographers,"Arts, Design, Entertainment, Sports, and Media Occupations","Create artificial light, using flashes and reflectors.",without_abstain,2,4,0.5
27-4031.00,"Camera Operators, Television, Video, and Motion Picture","Arts, Design, Entertainment, Sports, and Media Occupations","Compose and frame each shot, applying the technical aspects of light, lenses, film, filters, and camera settings to achieve the effects sought by directors.",with_abstain,0,12,0.0
27-4031.00,"Camera Operators, Television, Video, and Motion Picture","Arts, Design, Entertainment, Sports, and Media Occupations","Compose and frame each shot, applying the technical aspects of light, lenses, film, filters, and camera settings to achieve the effects sought by directors.",without_abstain,2,4,0.5
27-4032.00,Film and Video Editors,"Arts, Design, Entertainment, Sports, and Media Occupations",Organize and string together raw footage into a continuous whole according to scripts or the instructions of directors and producers.,with_abstain,5,12,0.4166666666666667
27-4032.00,Film and Video Editors,"Arts, Design, Entertainment, Sports, and Media Occupations",Organize and string together raw footage into a continuous whole according to scripts or the instructions of directors and producers.,without_abstain,3,4,0.75
29-1011.00,Chiropractors,Healthcare Practitioners and Technical Occupations,Perform a series of manual adjustments to the spine or other articulations of the body to correct the musculoskeletal system.,with_abstain,0,12,0.0
29-1011.00,Chiropractors,Healthcare Practitioners and Technical Occupations,Perform a series of manual adjustments to the spine or other articulations of the body to correct the musculoskeletal system.,without_abstain,2,4,0.5
29-1021.00,"Dentists, General",Healthcare Practitioners and Technical Occupations,"Use dental air turbines, hand instruments, dental appliances, or surgical implements.",with_abstain,0,12,0.0
29-1021.00,"Dentists, General",Healthcare Practitioners and Technical Occupations,"Use dental air turbines, hand instruments, dental appliances, or surgical implements.",without_abstain,2,4,0.5
29-1022.00,Oral and Maxillofacial Surgeons,Healthcare Practitioners and Technical Occupations,Evaluate the position of the wisdom teeth to determine whether problems exist currently or might occur in the future.,with_abstain,3,12,0.25
29-1022.00,Oral and Maxillofacial Surgeons,Healthcare Practitioners and Technical Occupations,Evaluate the position of the wisdom teeth to determine whether problems exist currently or might occur in the future.,without_abstain,1,4,0.25
29-1023.00,Orthodontists,Healthcare Practitioners and Technical Occupations,"Study diagnostic records, such as medical or dental histories, plaster models of the teeth, photos of a patient's face and teeth, and X-rays, to develop patient treatment plans.",with_abstain,4,12,0.3333333333333333
29-1023.00,Orthodontists,Healthcare Practitioners and Technical Occupations,"Study diagnostic records, such as medical or dental histories, plaster models of the teeth, photos of a patient's face and teeth, and X-rays, to develop patient treatment plans.",without_abstain,2,4,0.5
29-1024.00,Prosthodontists,Healthcare Practitioners and Technical Occupations,"Replace missing teeth and associated oral structures with permanent fixtures, such as implant-supported prostheses, crowns and bridges, or removable fixtures, such as dentures.",with_abstain,2,12,0.16666666666666666
29-1024.00,Prosthodontists,Healthcare Practitioners and Technical Occupations,"Replace missing teeth and associated oral structures with permanent fixtures, such as implant-supported prostheses, crowns and bridges, or removable fixtures, such as dentures.",without_abstain,2,4,0.5
29-1031.00,Dietitians and Nutritionists,Healthcare Practitioners and Technical Occupations,"Advise patients and their families on nutritional principles, dietary plans and diet modifications, and food selection and preparation.",with_abstain,5,12,0.4166666666666667
29-1031.00,Dietitians and Nutritionists,Healthcare Practitioners and Technical Occupations,"Advise patients and their families on nutritional principles, dietary plans and diet modifications, and food selection and preparation.",without_abstain,2,4,0.5
29-1041.00,Optometrists,Healthcare Practitioners and Technical Occupations,"Prescribe, supply, fit and adjust eyeglasses, contact lenses and other vision aids.",with_abstain,0,12,0.0
29-1041.00,Optometrists,Healthcare Practitioners and Technical Occupations,"Prescribe, supply, fit and adjust eyeglasses, contact lenses and other vision aids.",without_abstain,1,4,0.25
29-1051.00,Pharmacists,Healthcare Practitioners and Technical Occupations,"Assess the identity, strength, or purity of medications.",with_abstain,1,12,0.08333333333333333
29-1051.00,Pharmacists,Healthcare Practitioners and Technical Occupations,"Assess the identity, strength, or purity of medications.",without_abstain,2,4,0.5
29-1061.00,Anesthesiologists,Healthcare Practitioners and Technical Occupations,"Administer anesthetic or sedation during medical procedures, using local, intravenous, spinal, or caudal methods.",with_abstain,0,12,0.0
29-1061.00,Anesthesiologists,Healthcare Practitioners and Technical Occupations,"Administer anesthetic or sedation during medical procedures, using local, intravenous, spinal, or caudal methods.",without_abstain,2,4,0.5
29-1062.00,Family and General Practitioners,Healthcare Practitioners and Technical Occupations,"Collect, record, and maintain patient information, such as medical history, reports, and examination results.",with_abstain,0,12,0.0
29-1062.00,Family and General Practitioners,Healthcare Practitioners and Technical Occupations,"Collect, record, and maintain patient information, such as medical history, reports, and examination results.",without_abstain,2,4,0.5
29-1063.00,"Internists, General",Healthcare Practitioners and Technical Occupations,"Manage and treat common health problems, such as infections, influenza and pneumonia, as well as serious, chronic, and complex illnesses, in adolescents, adults, and the elderly.",with_abstain,0,12,0.0
29-1063.00,"Internists, General",Healthcare Practitioners and Technical Occupations,"Manage and treat common health problems, such as infections, influenza and pneumonia, as well as serious, chronic, and complex illnesses, in adolescents, adults, and the elderly.",without_abstain,3,4,0.75
29-1064.00,Obstetricians and Gynecologists,Healthcare Practitioners and Technical Occupations,"Analyze records, reports, test results, or examination information to diagnose medical condition of patient.",with_abstain,0,12,0.0
29-1064.00,Obstetricians and Gynecologists,Healthcare Practitioners and Technical Occupations,"Analyze records, reports, test results, or examination information to diagnose medical condition of patient.",without_abstain,2,4,0.5
29-1065.00,"Pediatricians, General",Healthcare Practitioners and Technical Occupations,"Treat children who have minor illnesses, acute and chronic health problems, and growth and development concerns.",with_abstain,0,12,0.0
29-1065.00,"Pediatricians, General",Healthcare Practitioners and Technical Occupations,"Treat children who have minor illnesses, acute and chronic health problems, and growth and development concerns.",without_abstain,2,4,0.5
29-1066.00,Psychiatrists,Healthcare Practitioners and Technical Occupations,"Prescribe, direct, or administer psychotherapeutic treatments or medications to treat mental, emotional, or behavioral disorders.",with_abstain,0,12,0.0
29-1066.00,Psychiatrists,Healthcare Practitioners and Technical Occupations,"Prescribe, direct, or administer psychotherapeutic treatments or medications to treat mental, emotional, or behavioral disorders.",without_abstain,2,4,0.5
29-1067.00,Surgeons,Healthcare Practitioners and Technical Occupations,Follow established surgical techniques during the operation.,with_abstain,6,12,0.5
29-1067.00,Surgeons,Healthcare Practitioners and Technical Occupations,Follow established surgical techniques during the operation.,without_abstain,2,4,0.5
29-1069.01,Allergists and Immunologists,Healthcare Practitioners and Technical Occupations,"Order or perform diagnostic tests such as skin pricks and intradermal, patch, or delayed hypersensitivity tests.",with_abstain,0,12,0.0
29-1069.01,Allergists and Immunologists,Healthcare Practitioners and Technical Occupations,"Order or perform diagnostic tests such as skin pricks and intradermal, patch, or delayed hypersensitivity tests.",without_abstain,2,4,0.5
29-1069.02,Dermatologists,Healthcare Practitioners and Technical Occupations,Perform incisional biopsies to diagnose melanoma.,with_abstain,4,12,0.3333333333333333
29-1069.02,Dermatologists,Healthcare Practitioners and Technical Occupations,Perform incisional biopsies to diagnose melanoma.,without_abstain,2,4,0.5
29-1069.03,Hospitalists,Healthcare Practitioners and Technical Occupations,Conduct discharge planning and discharge patients.,with_abstain,0,12,0.0
29-1069.03,Hospitalists,Healthcare Practitioners and Technical Occupations,Conduct discharge planning and discharge patients.,without_abstain,2,4,0.5
29-1069.04,Neurologists,Healthcare Practitioners and Technical Occupations,"Diagnose neurological conditions based on interpretation of examination findings, histories, or test results.",with_abstain,0,12,0.0
29-1069.04,Neurologists,Healthcare Practitioners and Technical Occupations,"Diagnose neurological conditions based on interpretation of examination findings, histories, or test results.",without_abstain,2,4,0.5
29-1069.05,Nuclear Medicine Physicians,Healthcare Practitioners and Technical Occupations,Prescribe radionuclides and dosages to be administered to individual patients.,with_abstain,0,12,0.0
29-1069.05,Nuclear Medicine Physicians,Healthcare Practitioners and Technical Occupations,Prescribe radionuclides and dosages to be administered to individual patients.,without_abstain,2,4,0.5
29-1069.06,Ophthalmologists,Healthcare Practitioners and Technical Occupations,Perform comprehensive examinations of the visual system to determine the nature or extent of ocular disorders.,with_abstain,3,12,0.25
29-1069.06,Ophthalmologists,Healthcare Practitioners and Technical Occupations,Perform comprehensive examinations of the visual system to determine the nature or extent of ocular disorders.,without_abstain,2,4,0.5
29-1069.07,Pathologists,Healthcare Practitioners and Technical Occupations,"Identify the etiology, pathogenesis, morphological change, and clinical significance of diseases.",with_abstain,7,12,0.5833333333333334
29-1069.07,Pathologists,Healthcare Practitioners and Technical Occupations,"Identify the etiology, pathogenesis, morphological change, and clinical significance of diseases.",without_abstain,2,4,0.5
29-1069.08,Physical Medicine and Rehabilitation Physicians,Healthcare Practitioners and Technical Occupations,"Develop comprehensive plans for immediate and long-term rehabilitation including therapeutic exercise; speech and occupational therapy; counseling; cognitive retraining; patient, family or caregiver education; or community reintegration.",with_abstain,3,12,0.25
29-1069.08,Physical Medicine and Rehabilitation Physicians,Healthcare Practitioners and Technical Occupations,"Develop comprehensive plans for immediate and long-term rehabilitation including therapeutic exercise; speech and occupational therapy; counseling; cognitive retraining; patient, family or caregiver education; or community reintegration.",without_abstain,2,4,0.5
29-1069.09,Preventive Medicine Physicians,Healthcare Practitioners and Technical Occupations,Teach or train medical staff regarding preventive medicine issues.,with_abstain,0,12,0.0
29-1069.09,Preventive Medicine Physicians,Healthcare Practitioners and Technical Occupations,Teach or train medical staff regarding preventive medicine issues.,without_abstain,0,4,0.0
29-1069.10,Radiologists,Healthcare Practitioners and Technical Occupations,Review or transmit images and information using picture archiving or communications systems.,with_abstain,0,12,0.0
29-1069.10,Radiologists,Healthcare Practitioners and Technical Occupations,Review or transmit images and information using picture archiving or communications systems.,without_abstain,2,4,0.5
29-1069.11,Sports Medicine Physicians,Healthcare Practitioners and Technical Occupations,Record athletes' medical histories and perform physical examinations.,with_abstain,1,12,0.08333333333333333
29-1069.11,Sports Medicine Physicians,Healthcare Practitioners and Technical Occupations,Record athletes' medical histories and perform physical examinations.,without_abstain,2,4,0.5
29-1069.12,Urologists,Healthcare Practitioners and Technical Occupations,"Examine patients using equipment, such as radiograph (x-ray) machines and fluoroscopes, to determine the nature and extent of disorder or injury.",with_abstain,2,12,0.16666666666666666
29-1069.12,Urologists,Healthcare Practitioners and Technical Occupations,"Examine patients using equipment, such as radiograph (x-ray) machines and fluoroscopes, to determine the nature and extent of disorder or injury.",without_abstain,2,4,0.5
29-1071.00,Physician Assistants,Healthcare Practitioners and Technical Occupations,"Administer or order diagnostic tests, such as x-ray, electrocardiogram, and laboratory tests.",with_abstain,0,12,0.0
29-1071.00,Physician Assistants,Healthcare Practitioners and Technical Occupations,"Administer or order diagnostic tests, such as x-ray, electrocardiogram, and laboratory tests.",without_abstain,2,4,0.5
29-1071.01,Anesthesiologist Assistants,Healthcare Practitioners and Technical Occupations,"Verify availability of operating room supplies, medications, and gases.",with_abstain,5,12,0.4166666666666667
29-1071.01,Anesthesiologist Assistants,Healthcare Practitioners and Technical Occupations,"Verify availability of operating room supplies, medications, and gases.",without_abstain,2,4,0.5
29-1081.00,Podiatrists,Healthcare Practitioners and Technical Occupations,"Diagnose diseases and deformities of the foot using medical histories, physical examinations, x-rays, and laboratory test results.",with_abstain,8,12,0.6666666666666666
29-1081.00,Podiatrists,Healthcare Practitioners and Technical Occupations,"Diagnose diseases and deformities of the foot using medical histories, physical examinations, x-rays, and laboratory test results.",without_abstain,2,4,0.5
29-1122.00,Occupational Therapists,Healthcare Practitioners and Technical Occupations,Complete and maintain necessary records.,with_abstain,0,12,0.0
29-1122.00,Occupational Therapists,Healthcare Practitioners and Technical Occupations,Complete and maintain necessary records.,without_abstain,2,4,0.5
29-1122.01,"Low Vision Therapists, Orientation and Mobility Specialists, and Vision Rehabilitation Therapists",Healthcare Practitioners and Technical Occupations,Teach clients to travel independently using a variety of actual or simulated travel situations or exercises.,with_abstain,6,12,0.5
29-1122.01,"Low Vision Therapists, Orientation and Mobility Specialists, and Vision Rehabilitation Therapists",Healthcare Practitioners and Technical Occupations,Teach clients to travel independently using a variety of actual or simulated travel situations or exercises.,without_abstain,2,4,0.5
29-1123.00,Physical Therapists,Healthcare Practitioners and Technical Occupations,Obtain patients' informed consent to proposed interventions.,with_abstain,4,12,0.3333333333333333
29-1123.00,Physical Therapists,Healthcare Practitioners and Technical Occupations,Obtain patients' informed consent to proposed interventions.,without_abstain,2,4,0.5
29-1124.00,Radiation Therapists,Healthcare Practitioners and Technical Occupations,"Follow principles of radiation protection for patient, self, and others.",with_abstain,0,12,0.0
29-1124.00,Radiation Therapists,Healthcare Practitioners and Technical Occupations,"Follow principles of radiation protection for patient, self, and others.",without_abstain,2,4,0.5
29-1125.00,Recreational Therapists,Healthcare Practitioners and Technical Occupations,"Observe, analyze, and record patients' participation, reactions, and progress during treatment sessions, modifying treatment programs as needed.",with_abstain,4,12,0.3333333333333333
29-1125.00,Recreational Therapists,Healthcare Practitioners and Technical Occupations,"Observe, analyze, and record patients' participation, reactions, and progress during treatment sessions, modifying treatment programs as needed.",without_abstain,2,4,0.5
29-1125.01,Art Therapists,Healthcare Practitioners and Technical Occupations,"Observe and document client reactions, progress, or other outcomes related to art therapy.",with_abstain,5,12,0.4166666666666667
29-1125.01,Art Therapists,Healthcare Practitioners and Technical Occupations,"Observe and document client reactions, progress, or other outcomes related to art therapy.",without_abstain,1,4,0.25
29-1125.02,Music Therapists,Healthcare Practitioners and Technical Occupations,"Sing or play musical instruments, such as keyboard, guitar, or percussion instruments.",with_abstain,2,12,0.16666666666666666
29-1125.02,Music Therapists,Healthcare Practitioners and Technical Occupations,"Sing or play musical instruments, such as keyboard, guitar, or percussion instruments.",without_abstain,2,4,0.5
29-1126.00,Respiratory Therapists,Healthcare Practitioners and Technical Occupations,"Set up and operate devices such as mechanical ventilators, therapeutic gas administration apparatus, environmental control systems, or aerosol generators, following specified parameters of treatment.",with_abstain,3,12,0.25
29-1126.00,Respiratory Therapists,Healthcare Practitioners and Technical Occupations,"Set up and operate devices such as mechanical ventilators, therapeutic gas administration apparatus, environmental control systems, or aerosol generators, following specified parameters of treatment.",without_abstain,2,4,0.5
29-1127.00,Speech-Language Pathologists,Healthcare Practitioners and Technical Occupations,"Complete administrative responsibilities, such as coordinating paperwork, scheduling case management activities, or writing lesson plans.",with_abstain,0,12,0.0
29-1127.00,Speech-Language Pathologists,Healthcare Practitioners and Technical Occupations,"Complete administrative responsibilities, such as coordinating paperwork, scheduling case management activities, or writing lesson plans.",without_abstain,4,4,1.0
29-1128.00,Exercise Physiologists,Healthcare Practitioners and Technical Occupations,"Develop exercise programs to improve participant strength, flexibility, endurance, or circulatory functioning, in accordance with exercise science standards, regulatory requirements, and credentialing requirements.",with_abstain,0,12,0.0
29-1128.00,Exercise Physiologists,Healthcare Practitioners and Technical Occupations,"Develop exercise programs to improve participant strength, flexibility, endurance, or circulatory functioning, in accordance with exercise science standards, regulatory requirements, and credentialing requirements.",without_abstain,0,4,0.0
29-1131.00,Veterinarians,Healthcare Practitioners and Technical Occupations,"Treat sick or injured animals by prescribing medication, setting bones, dressing wounds, or performing surgery.",with_abstain,0,12,0.0
29-1131.00,Veterinarians,Healthcare Practitioners and Technical Occupations,"Treat sick or injured animals by prescribing medication, setting bones, dressing wounds, or performing surgery.",without_abstain,2,4,0.5
29-1141.00,Registered Nurses,Healthcare Practitioners and Technical Occupations,Administer medications to patients and monitor patients for reactions or side effects.,with_abstain,0,12,0.0
29-1141.00,Registered Nurses,Healthcare Practitioners and Technical Occupations,Administer medications to patients and monitor patients for reactions or side effects.,without_abstain,2,4,0.5
29-1141.01,Acute Care Nurses,Healthcare Practitioners and Technical Occupations,"Administer blood and blood product transfusions or intravenous infusions, monitoring patients for adverse reactions.",with_abstain,0,12,0.0
29-1141.01,Acute Care Nurses,Healthcare Practitioners and Technical Occupations,"Administer blood and blood product transfusions or intravenous infusions, monitoring patients for adverse reactions.",without_abstain,2,4,0.5
29-1141.02,Advanced Practice Psychiatric Nurses,Healthcare Practitioners and Technical Occupations,Diagnose psychiatric disorders and mental health conditions.,with_abstain,0,12,0.0
29-1141.02,Advanced Practice Psychiatric Nurses,Healthcare Practitioners and Technical Occupations,Diagnose psychiatric disorders and mental health conditions.,without_abstain,2,4,0.5
29-1141.03,Critical Care Nurses,Healthcare Practitioners and Technical Occupations,"Administer medications intravenously, by injection, orally, through gastric tubes, or by other methods.",with_abstain,0,12,0.0
29-1141.03,Critical Care Nurses,Healthcare Practitioners and Technical Occupations,"Administer medications intravenously, by injection, orally, through gastric tubes, or by other methods.",without_abstain,2,4,0.5
29-1141.04,Clinical Nurse Specialists,Healthcare Practitioners and Technical Occupations,Evaluate the quality and effectiveness of nursing practice or organizational systems.,with_abstain,0,12,0.0
29-1141.04,Clinical Nurse Specialists,Healthcare Practitioners and Technical Occupations,Evaluate the quality and effectiveness of nursing practice or organizational systems.,without_abstain,1,4,0.25
29-1151.00,Nurse Anesthetists,Healthcare Practitioners and Technical Occupations,"Manage patients' airway or pulmonary status using techniques such as endotracheal intubation, mechanical ventilation, pharmacological support, respiratory therapy, and extubation.",with_abstain,5,12,0.4166666666666667
29-1151.00,Nurse Anesthetists,Healthcare Practitioners and Technical Occupations,"Manage patients' airway or pulmonary status using techniques such as endotracheal intubation, mechanical ventilation, pharmacological support, respiratory therapy, and extubation.",without_abstain,3,4,0.75
29-1161.00,Nurse Midwives,Healthcare Practitioners and Technical Occupations,Initiate emergency interventions to stabilize patients.,with_abstain,1,12,0.08333333333333333
29-1161.00,Nurse Midwives,Healthcare Practitioners and Technical Occupations,Initiate emergency interventions to stabilize patients.,without_abstain,2,4,0.5
29-1171.00,Nurse Practitioners,Healthcare Practitioners and Technical Occupations,"Prescribe medication dosages, routes, and frequencies based on patient characteristics such as age and gender.",with_abstain,0,12,0.0
29-1171.00,Nurse Practitioners,Healthcare Practitioners and Technical Occupations,"Prescribe medication dosages, routes, and frequencies based on patient characteristics such as age and gender.",without_abstain,2,4,0.5
29-1181.00,Audiologists,Healthcare Practitioners and Technical Occupations,"Fit, dispense, and repair assistive devices, such as hearing aids.",with_abstain,0,12,0.0
29-1181.00,Audiologists,Healthcare Practitioners and Technical Occupations,"Fit, dispense, and repair assistive devices, such as hearing aids.",without_abstain,2,4,0.5
29-1199.01,Acupuncturists,Healthcare Practitioners and Technical Occupations,Insert needles to provide acupuncture treatment.,with_abstain,1,12,0.08333333333333333
29-1199.01,Acupuncturists,Healthcare Practitioners and Technical Occupations,Insert needles to provide acupuncture treatment.,without_abstain,2,4,0.5
29-1199.04,Naturopathic Physicians,Healthcare Practitioners and Technical Occupations,"Administer, dispense, or prescribe natural medicines such as food or botanical extracts, herbs, dietary supplements, vitamins, nutraceuticals, and amino acids.",with_abstain,2,12,0.16666666666666666
29-1199.04,Naturopathic Physicians,Healthcare Practitioners and Technical Occupations,"Administer, dispense, or prescribe natural medicines such as food or botanical extracts, herbs, dietary supplements, vitamins, nutraceuticals, and amino acids.",without_abstain,0,4,0.0
29-1199.05,Orthoptists,Healthcare Practitioners and Technical Occupations,"Develop nonsurgical treatment plans for patients with conditions such as strabismus, nystagmus, and other visual disorders.",with_abstain,3,12,0.25
29-1199.05,Orthoptists,Healthcare Practitioners and Technical Occupations,"Develop nonsurgical treatment plans for patients with conditions such as strabismus, nystagmus, and other visual disorders.",without_abstain,2,4,0.5
29-2011.00,Medical and Clinical Laboratory Technologists,Healthcare Practitioners and Technical Occupations,"Operate, calibrate, or maintain equipment used in quantitative or qualitative analysis, such as spectrophotometers, calorimeters, flame photometers, or computer-controlled analyzers.",with_abstain,2,12,0.16666666666666666
29-2011.00,Medical and Clinical Laboratory Technologists,Healthcare Practitioners and Technical Occupations,"Operate, calibrate, or maintain equipment used in quantitative or qualitative analysis, such as spectrophotometers, calorimeters, flame photometers, or computer-controlled analyzers.",without_abstain,2,4,0.5
29-2011.01,Cytogenetic Technologists,Healthcare Practitioners and Technical Occupations,"Arrange and attach chromosomes in numbered pairs on karyotype charts, using standard genetics laboratory practices and nomenclature, to identify normal or abnormal chromosomes.",with_abstain,3,12,0.25
29-2011.01,Cytogenetic Technologists,Healthcare Practitioners and Technical Occupations,"Arrange and attach chromosomes in numbered pairs on karyotype charts, using standard genetics laboratory practices and nomenclature, to identify normal or abnormal chromosomes.",without_abstain,2,4,0.5
29-2011.02,Cytotechnologists,Healthcare Practitioners and Technical Occupations,"Examine cell samples to detect abnormalities in the color, shape, or size of cellular components and patterns.",with_abstain,2,12,0.16666666666666666
29-2011.02,Cytotechnologists,Healthcare Practitioners and Technical Occupations,"Examine cell samples to detect abnormalities in the color, shape, or size of cellular components and patterns.",without_abstain,2,4,0.5
29-2011.03,Histotechnologists and Histologic Technicians,Healthcare Practitioners and Technical Occupations,Freeze tissue specimens.,with_abstain,0,12,0.0
29-2011.03,Histotechnologists and Histologic Technicians,Healthcare Practitioners and Technical Occupations,Freeze tissue specimens.,without_abstain,2,4,0.5
29-2012.00,Medical and Clinical Laboratory Technicians,Healthcare Practitioners and Technical Occupations,"Prepare standard volumetric solutions or reagents to be combined with samples, following standardized formulas or experimental procedures.",with_abstain,4,12,0.3333333333333333
29-2012.00,Medical and Clinical Laboratory Technicians,Healthcare Practitioners and Technical Occupations,"Prepare standard volumetric solutions or reagents to be combined with samples, following standardized formulas or experimental procedures.",without_abstain,2,4,0.5
29-2021.00,Dental Hygienists,Healthcare Practitioners and Technical Occupations,Expose and develop x-ray film.,with_abstain,0,12,0.0
29-2021.00,Dental Hygienists,Healthcare Practitioners and Technical Occupations,Expose and develop x-ray film.,without_abstain,2,4,0.5
29-2031.00,Cardiovascular Technologists and Technicians,Healthcare Practitioners and Technical Occupations,"Monitor patients' comfort and safety during tests, alerting physicians to abnormalities or changes in patient responses.",with_abstain,2,12,0.16666666666666666
29-2031.00,Cardiovascular Technologists and Technicians,Healthcare Practitioners and Technical Occupations,"Monitor patients' comfort and safety during tests, alerting physicians to abnormalities or changes in patient responses.",without_abstain,2,4,0.5
29-2032.00,Diagnostic Medical Sonographers,Healthcare Practitioners and Technical Occupations,Observe and care for patients throughout examinations to ensure their safety and comfort.,with_abstain,0,12,0.0
29-2032.00,Diagnostic Medical Sonographers,Healthcare Practitioners and Technical Occupations,Observe and care for patients throughout examinations to ensure their safety and comfort.,without_abstain,1,4,0.25
29-2033.00,Nuclear Medicine Technologists,Healthcare Practitioners and Technical Occupations,Record and process results of procedures.,with_abstain,3,12,0.25
29-2033.00,Nuclear Medicine Technologists,Healthcare Practitioners and Technical Occupations,Record and process results of procedures.,without_abstain,2,4,0.5
29-2034.00,Radiologic Technologists,Healthcare Practitioners and Technical Occupations,"Review and evaluate developed x-rays, video tape, or computer-generated information to determine if images are satisfactory for diagnostic purposes.",with_abstain,1,12,0.08333333333333333
29-2034.00,Radiologic Technologists,Healthcare Practitioners and Technical Occupations,"Review and evaluate developed x-rays, video tape, or computer-generated information to determine if images are satisfactory for diagnostic purposes.",without_abstain,2,4,0.5
29-2035.00,Magnetic Resonance Imaging Technologists,Healthcare Practitioners and Technical Occupations,Take brief medical histories from patients.,with_abstain,2,12,0.16666666666666666
29-2035.00,Magnetic Resonance Imaging Technologists,Healthcare Practitioners and Technical Occupations,Take brief medical histories from patients.,without_abstain,2,4,0.5
29-2041.00,Emergency Medical Technicians and Paramedics,Healthcare Practitioners and Technical Occupations,Assess nature and extent of illness or injury to establish and prioritize medical procedures.,with_abstain,3,12,0.25
29-2041.00,Emergency Medical Technicians and Paramedics,Healthcare Practitioners and Technical Occupations,Assess nature and extent of illness or injury to establish and prioritize medical procedures.,without_abstain,2,4,0.5
29-2051.00,Dietetic Technicians,Healthcare Practitioners and Technical Occupations,Supervise food production or service or assist dietitians or nutritionists in food service supervision or planning.,with_abstain,2,12,0.16666666666666666
29-2051.00,Dietetic Technicians,Healthcare Practitioners and Technical Occupations,Supervise food production or service or assist dietitians or nutritionists in food service supervision or planning.,without_abstain,1,4,0.25
29-2052.00,Pharmacy Technicians,Healthcare Practitioners and Technical Occupations,"Prepack bulk medicines, fill bottles with prescribed medications, and type and affix labels.",with_abstain,0,12,0.0
29-2052.00,Pharmacy Technicians,Healthcare Practitioners and Technical Occupations,"Prepack bulk medicines, fill bottles with prescribed medications, and type and affix labels.",without_abstain,3,4,0.75
29-2053.00,Psychiatric Technicians,Healthcare Practitioners and Technical Occupations,"Collaborate with or assist doctors, psychologists, or rehabilitation therapists in working with mentally ill, emotionally disturbed, or developmentally disabled patients to treat, rehabilitate, and return patients to the community.",with_abstain,2,12,0.16666666666666666
29-2053.00,Psychiatric Technicians,Healthcare Practitioners and Technical Occupations,"Collaborate with or assist doctors, psychologists, or rehabilitation therapists in working with mentally ill, emotionally disturbed, or developmentally disabled patients to treat, rehabilitate, and return patients to the community.",without_abstain,2,4,0.5
29-2054.00,Respiratory Therapy Technicians,Healthcare Practitioners and Technical Occupations,Follow and enforce safety rules applying to equipment.,with_abstain,1,12,0.08333333333333333
29-2054.00,Respiratory Therapy Technicians,Healthcare Practitioners and Technical Occupations,Follow and enforce safety rules applying to equipment.,without_abstain,3,4,0.75
29-2055.00,Surgical Technologists,Healthcare Practitioners and Technical Occupations,"Count sponges, needles, and instruments before and after operation.",with_abstain,2,12,0.16666666666666666
29-2055.00,Surgical Technologists,Healthcare Practitioners and Technical Occupations,"Count sponges, needles, and instruments before and after operation.",without_abstain,2,4,0.5
29-2056.00,Veterinary Technologists and Technicians,Healthcare Practitioners and Technical Occupations,Observe the behavior and condition of animals and monitor their clinical symptoms.,with_abstain,0,12,0.0
29-2056.00,Veterinary Technologists and Technicians,Healthcare Practitioners and Technical Occupations,Observe the behavior and condition of animals and monitor their clinical symptoms.,without_abstain,1,4,0.25
29-2057.00,Ophthalmic Medical Technicians,Healthcare Practitioners and Technical Occupations,Conduct visual field tests to measure field of vision.,with_abstain,0,12,0.0
29-2057.00,Ophthalmic Medical Technicians,Healthcare Practitioners and Technical Occupations,Conduct visual field tests to measure field of vision.,without_abstain,2,4,0.5
29-2061.00,Licensed Practical and Licensed Vocational Nurses,Healthcare Practitioners and Technical Occupations,"Provide basic patient care or treatments, such as taking temperatures or blood pressures, dressing wounds, treating bedsores, giving enemas or douches, rubbing with alcohol, massaging, or performing catheterizations.",with_abstain,0,12,0.0
29-2061.00,Licensed Practical and Licensed Vocational Nurses,Healthcare Practitioners and Technical Occupations,"Provide basic patient care or treatments, such as taking temperatures or blood pressures, dressing wounds, treating bedsores, giving enemas or douches, rubbing with alcohol, massaging, or performing catheterizations.",without_abstain,2,4,0.5
29-2071.00,Medical Records and Health Information Technicians,Healthcare Practitioners and Technical Occupations,"Retrieve patient medical records for physicians, technicians, or other medical personnel.",with_abstain,0,12,0.0
29-2071.00,Medical Records and Health Information Technicians,Healthcare Practitioners and Technical Occupations,"Retrieve patient medical records for physicians, technicians, or other medical personnel.",without_abstain,3,4,0.75
29-2081.00,"Opticians, Dispensing",Healthcare Practitioners and Technical Occupations,"Sell goods such as contact lenses, spectacles, sunglasses, and other goods related to eyes in general.",with_abstain,0,12,0.0
29-2081.00,"Opticians, Dispensing",Healthcare Practitioners and Technical Occupations,"Sell goods such as contact lenses, spectacles, sunglasses, and other goods related to eyes in general.",without_abstain,2,4,0.5
29-2091.00,Orthotists and Prosthetists,Healthcare Practitioners and Technical Occupations,"Design orthopedic and prosthetic devices, based on physicians' prescriptions and examination and measurement of patients.",with_abstain,3,12,0.25
29-2091.00,Orthotists and Prosthetists,Healthcare Practitioners and Technical Occupations,"Design orthopedic and prosthetic devices, based on physicians' prescriptions and examination and measurement of patients.",without_abstain,2,4,0.5
29-2092.00,Hearing Aid Specialists,Healthcare Practitioners and Technical Occupations,"Administer basic hearing tests including air conduction, bone conduction, or speech audiometry tests.",with_abstain,3,12,0.25
29-2092.00,Hearing Aid Specialists,Healthcare Practitioners and Technical Occupations,"Administer basic hearing tests including air conduction, bone conduction, or speech audiometry tests.",without_abstain,2,4,0.5
29-2099.01,Neurodiagnostic Technologists,Healthcare Practitioners and Technical Occupations,"Conduct tests or studies such as electroencephalography (EEG), polysomnography (PSG), nerve conduction studies (NCS), electromyography (EMG), and intraoperative monitoring (IOM).",with_abstain,1,12,0.08333333333333333
29-2099.01,Neurodiagnostic Technologists,Healthcare Practitioners and Technical Occupations,"Conduct tests or studies such as electroencephalography (EEG), polysomnography (PSG), nerve conduction studies (NCS), electromyography (EMG), and intraoperative monitoring (IOM).",without_abstain,2,4,0.5
29-2099.05,Ophthalmic Medical Technologists,Healthcare Practitioners and Technical Occupations,Calculate corrections for refractive errors.,with_abstain,2,12,0.16666666666666666
29-2099.05,Ophthalmic Medical Technologists,Healthcare Practitioners and Technical Occupations,Calculate corrections for refractive errors.,without_abstain,2,4,0.5
29-2099.06,Radiologic Technicians,Healthcare Practitioners and Technical Occupations,"Position x-ray equipment and adjust controls to set exposure factors, such as time and distance.",with_abstain,0,12,0.0
29-2099.06,Radiologic Technicians,Healthcare Practitioners and Technical Occupations,"Position x-ray equipment and adjust controls to set exposure factors, such as time and distance.",without_abstain,2,4,0.5
29-2099.07,Surgical Assistants,Healthcare Practitioners and Technical Occupations,Verify the identity of patient or operative site.,with_abstain,0,12,0.0
29-2099.07,Surgical Assistants,Healthcare Practitioners and Technical Occupations,Verify the identity of patient or operative site.,without_abstain,3,4,0.75
29-9011.00,Occupational Health and Safety Specialists,Healthcare Practitioners and Technical Occupations,Order suspension of activities that pose threats to workers' health or safety.,with_abstain,1,12,0.08333333333333333
29-9011.00,Occupational Health and Safety Specialists,Healthcare Practitioners and Technical Occupations,Order suspension of activities that pose threats to workers' health or safety.,without_abstain,2,4,0.5
29-9012.00,Occupational Health and Safety Technicians,Healthcare Practitioners and Technical Occupations,"Verify availability or monitor use of safety equipment, such as hearing protection or respirators.",with_abstain,0,12,0.0
29-9012.00,Occupational Health and Safety Technicians,Healthcare Practitioners and Technical Occupations,"Verify availability or monitor use of safety equipment, such as hearing protection or respirators.",without_abstain,0,4,0.0
29-9091.00,Athletic Trainers,Healthcare Practitioners and Technical Occupations,Conduct an initial assessment of an athlete's injury or illness to provide emergency or continued care and to determine whether they should be referred to physicians for definitive diagnosis and treatment.,with_abstain,0,12,0.0
29-9091.00,Athletic Trainers,Healthcare Practitioners and Technical Occupations,Conduct an initial assessment of an athlete's injury or illness to provide emergency or continued care and to determine whether they should be referred to physicians for definitive diagnosis and treatment.,without_abstain,2,4,0.5
29-9092.00,Genetic Counselors,Healthcare Practitioners and Technical Occupations,"Discuss testing options and the associated risks, benefits and limitations with patients and families to assist them in making informed decisions.",with_abstain,2,12,0.16666666666666666
29-9092.00,Genetic Counselors,Healthcare Practitioners and Technical Occupations,"Discuss testing options and the associated risks, benefits and limitations with patients and families to assist them in making informed decisions.",without_abstain,1,4,0.25
29-9099.01,Midwives,Healthcare Practitioners and Technical Occupations,"Monitor maternal condition during labor by checking vital signs, monitoring uterine contractions, or performing physical examinations.",with_abstain,3,12,0.25
29-9099.01,Midwives,Healthcare Practitioners and Technical Occupations,"Monitor maternal condition during labor by checking vital signs, monitoring uterine contractions, or performing physical examinations.",without_abstain,0,4,0.0
31-1011.00,Home Health Aides,Healthcare Support Occupations,Bathe patients.,with_abstain,0,12,0.0
31-1011.00,Home Health Aides,Healthcare Support Occupations,Bathe patients.,without_abstain,2,4,0.5
31-1013.00,Psychiatric Aides,Healthcare Support Occupations,Serve meals or feed patients needing assistance or persuasion.,with_abstain,2,12,0.16666666666666666
31-1013.00,Psychiatric Aides,Healthcare Support Occupations,Serve meals or feed patients needing assistance or persuasion.,without_abstain,1,4,0.25
31-1014.00,Nursing Assistants,Healthcare Support Occupations,"Provide physical support to assist patients to perform daily living activities, such as getting out of bed, bathing, dressing, using the toilet, standing, walking, or exercising.",with_abstain,1,12,0.08333333333333333
31-1014.00,Nursing Assistants,Healthcare Support Occupations,"Provide physical support to assist patients to perform daily living activities, such as getting out of bed, bathing, dressing, using the toilet, standing, walking, or exercising.",without_abstain,2,4,0.5
31-2011.00,Occupational Therapy Assistants,Healthcare Support Occupations,Aid patients in dressing and grooming themselves.,with_abstain,2,12,0.16666666666666666
31-2011.00,Occupational Therapy Assistants,Healthcare Support Occupations,Aid patients in dressing and grooming themselves.,without_abstain,1,4,0.25
31-2012.00,Occupational Therapy Aides,Healthcare Support Occupations,Encourage patients and attend to their physical needs to facilitate the attainment of therapeutic goals.,with_abstain,5,12,0.4166666666666667
31-2012.00,Occupational Therapy Aides,Healthcare Support Occupations,Encourage patients and attend to their physical needs to facilitate the attainment of therapeutic goals.,without_abstain,3,4,0.75
31-2021.00,Physical Therapist Assistants,Healthcare Support Occupations,"Instruct, motivate, safeguard, and assist patients as they practice exercises or functional activities.",with_abstain,7,12,0.5833333333333334
31-2021.00,Physical Therapist Assistants,Healthcare Support Occupations,"Instruct, motivate, safeguard, and assist patients as they practice exercises or functional activities.",without_abstain,2,4,0.5
31-2022.00,Physical Therapist Aides,Healthcare Support Occupations,"Change linens, such as bed sheets and pillow cases.",with_abstain,0,12,0.0
31-2022.00,Physical Therapist Aides,Healthcare Support Occupations,"Change linens, such as bed sheets and pillow cases.",without_abstain,0,4,0.0
31-9011.00,Massage Therapists,Healthcare Support Occupations,Apply finger and hand pressure to specific points of the body.,with_abstain,3,12,0.25
31-9011.00,Massage Therapists,Healthcare Support Occupations,Apply finger and hand pressure to specific points of the body.,without_abstain,2,4,0.5
31-9091.00,Dental Assistants,Healthcare Support Occupations,Expose dental diagnostic x-rays.,with_abstain,0,12,0.0
31-9091.00,Dental Assistants,Healthcare Support Occupations,Expose dental diagnostic x-rays.,without_abstain,2,4,0.5
31-9092.00,Medical Assistants,Healthcare Support Occupations,"Record patients' medical history, vital statistics, or information such as test results in medical records.",with_abstain,2,12,0.16666666666666666
31-9092.00,Medical Assistants,Healthcare Support Occupations,"Record patients' medical history, vital statistics, or information such as test results in medical records.",without_abstain,2,4,0.5
31-9093.00,Medical Equipment Preparers,Healthcare Support Occupations,"Organize and assemble routine or specialty surgical instrument trays or other sterilized supplies, filling special requests as needed.",with_abstain,1,12,0.08333333333333333
31-9093.00,Medical Equipment Preparers,Healthcare Support Occupations,"Organize and assemble routine or specialty surgical instrument trays or other sterilized supplies, filling special requests as needed.",without_abstain,2,4,0.5
31-9094.00,Medical Transcriptionists,Healthcare Support Occupations,"Review and edit transcribed reports or dictated material for spelling, grammar, clarity, consistency, and proper medical terminology.",with_abstain,0,12,0.0
31-9094.00,Medical Transcriptionists,Healthcare Support Occupations,"Review and edit transcribed reports or dictated material for spelling, grammar, clarity, consistency, and proper medical terminology.",without_abstain,2,4,0.5
31-9095.00,Pharmacy Aides,Healthcare Support Occupations,"Unpack, sort, count, and label incoming merchandise, including items requiring special handling or refrigeration.",with_abstain,0,12,0.0
31-9095.00,Pharmacy Aides,Healthcare Support Occupations,"Unpack, sort, count, and label incoming merchandise, including items requiring special handling or refrigeration.",without_abstain,3,4,0.75
31-9096.00,Veterinary Assistants and Laboratory Animal Caretakers,Healthcare Support Occupations,Assist veterinarians in examining animals to determine the nature of illnesses or injuries.,with_abstain,5,12,0.4166666666666667
31-9096.00,Veterinary Assistants and Laboratory Animal Caretakers,Healthcare Support Occupations,Assist veterinarians in examining animals to determine the nature of illnesses or injuries.,without_abstain,2,4,0.5
31-9097.00,Phlebotomists,Healthcare Support Occupations,"Draw blood from veins by vacuum tube, syringe, or butterfly venipuncture methods.",with_abstain,0,12,0.0
31-9097.00,Phlebotomists,Healthcare Support Occupations,"Draw blood from veins by vacuum tube, syringe, or butterfly venipuncture methods.",without_abstain,2,4,0.5
31-9099.01,Speech-Language Pathology Assistants,Healthcare Support Occupations,Select or prepare speech-language instructional materials.,with_abstain,3,12,0.25
31-9099.01,Speech-Language Pathology Assistants,Healthcare Support Occupations,Select or prepare speech-language instructional materials.,without_abstain,2,4,0.5
31-9099.02,Endoscopy Technicians,Healthcare Support Occupations,Assist physicians or registered nurses in the conduct of endoscopic procedures.,with_abstain,3,12,0.25
31-9099.02,Endoscopy Technicians,Healthcare Support Occupations,Assist physicians or registered nurses in the conduct of endoscopic procedures.,without_abstain,3,4,0.75
33-1011.00,First-Line Supervisors of Correctional Officers,Protective Service Occupations,"Take, receive, or check periodic inmate counts.",with_abstain,0,12,0.0
33-1011.00,First-Line Supervisors of Correctional Officers,Protective Service Occupations,"Take, receive, or check periodic inmate counts.",without_abstain,3,4,0.75
33-1012.00,First-Line Supervisors of Police and Detectives,Protective Service Occupations,"Maintain logs, prepare reports, and direct the preparation, handling, and maintenance of departmental records.",with_abstain,0,12,0.0
33-1012.00,First-Line Supervisors of Police and Detectives,Protective Service Occupations,"Maintain logs, prepare reports, and direct the preparation, handling, and maintenance of departmental records.",without_abstain,2,4,0.5
33-1021.01,Municipal Fire Fighting and Prevention Supervisors,Protective Service Occupations,"Assess nature and extent of fire, condition of building, danger to adjacent buildings, and water supply status to determine crew or company requirements.",with_abstain,5,12,0.4166666666666667
33-1021.01,Municipal Fire Fighting and Prevention Supervisors,Protective Service Occupations,"Assess nature and extent of fire, condition of building, danger to adjacent buildings, and water supply status to determine crew or company requirements.",without_abstain,3,4,0.75
33-1021.02,Forest Fire Fighting and Prevention Supervisors,Protective Service Occupations,"Maintain fire suppression equipment in good condition, checking equipment periodically to ensure that it is ready for use.",with_abstain,0,12,0.0
33-1021.02,Forest Fire Fighting and Prevention Supervisors,Protective Service Occupations,"Maintain fire suppression equipment in good condition, checking equipment periodically to ensure that it is ready for use.",without_abstain,3,4,0.75
33-2011.01,Municipal Firefighters,Protective Service Occupations,Drive and operate fire fighting vehicles and equipment.,with_abstain,0,12,0.0
33-2011.01,Municipal Firefighters,Protective Service Occupations,Drive and operate fire fighting vehicles and equipment.,without_abstain,2,4,0.5
33-2011.02,Forest Firefighters,Protective Service Occupations,"Establish water supplies, connect hoses, and direct water onto fires.",with_abstain,3,12,0.25
33-2011.02,Forest Firefighters,Protective Service Occupations,"Establish water supplies, connect hoses, and direct water onto fires.",without_abstain,2,4,0.5
33-2021.01,Fire Inspectors,Protective Service Occupations,"Identify corrective actions necessary to bring properties into compliance with applicable fire codes, laws, regulations, and standards, and explain these measures to property owners or their representatives.",with_abstain,7,12,0.5833333333333334
33-2021.01,Fire Inspectors,Protective Service Occupations,"Identify corrective actions necessary to bring properties into compliance with applicable fire codes, laws, regulations, and standards, and explain these measures to property owners or their representatives.",without_abstain,2,4,0.5
33-2021.02,Fire Investigators,Protective Service Occupations,Analyze evidence and other information to determine probable cause of fire or explosion.,with_abstain,3,12,0.25
33-2021.02,Fire Investigators,Protective Service Occupations,Analyze evidence and other information to determine probable cause of fire or explosion.,without_abstain,3,4,0.75
33-2022.00,Forest Fire Inspectors and Prevention Specialists,Protective Service Occupations,Direct crews working on firelines during forest fires.,with_abstain,7,12,0.5833333333333334
33-2022.00,Forest Fire Inspectors and Prevention Specialists,Protective Service Occupations,Direct crews working on firelines during forest fires.,without_abstain,4,4,1.0
33-3011.00,Bailiffs,Protective Service Occupations,Provide security by patrolling interior and exterior of courthouse and escorting judges and other court employees.,with_abstain,0,12,0.0
33-3011.00,Bailiffs,Protective Service Occupations,Provide security by patrolling interior and exterior of courthouse and escorting judges and other court employees.,without_abstain,2,4,0.5
33-3012.00,Correctional Officers and Jailers,Protective Service Occupations,"Inspect conditions of locks, window bars, grills, doors, and gates at correctional facilities to ensure security and help prevent escapes.",with_abstain,0,12,0.0
33-3012.00,Correctional Officers and Jailers,Protective Service Occupations,"Inspect conditions of locks, window bars, grills, doors, and gates at correctional facilities to ensure security and help prevent escapes.",without_abstain,2,4,0.5
33-3021.01,Police Detectives,Protective Service Occupations,Provide testimony as a witness in court.,with_abstain,2,12,0.16666666666666666
33-3021.01,Police Detectives,Protective Service Occupations,Provide testimony as a witness in court.,without_abstain,2,4,0.5
33-3021.02,Police Identification and Records Officers,Protective Service Occupations,"Dust selected areas of crime scene and lift latent fingerprints, adhering to proper preservation procedures.",with_abstain,0,12,0.0
33-3021.02,Police Identification and Records Officers,Protective Service Occupations,"Dust selected areas of crime scene and lift latent fingerprints, adhering to proper preservation procedures.",without_abstain,2,4,0.5
33-3021.03,Criminal Investigators and Special Agents,Protective Service Occupations,Obtain and use search and arrest warrants.,with_abstain,2,12,0.16666666666666666
33-3021.03,Criminal Investigators and Special Agents,Protective Service Occupations,Obtain and use search and arrest warrants.,without_abstain,2,4,0.5
33-3021.05,Immigration and Customs Inspectors,Protective Service Occupations,"Locate and seize contraband, undeclared merchandise, and vehicles, aircraft, or boats that contain such merchandise.",with_abstain,0,12,0.0
33-3021.05,Immigration and Customs Inspectors,Protective Service Occupations,"Locate and seize contraband, undeclared merchandise, and vehicles, aircraft, or boats that contain such merchandise.",without_abstain,2,4,0.5
33-3021.06,Intelligence Analysts,Protective Service Occupations,Collaborate with representatives from other government and intelligence organizations to share information or coordinate intelligence activities.,with_abstain,0,12,0.0
33-3021.06,Intelligence Analysts,Protective Service Occupations,Collaborate with representatives from other government and intelligence organizations to share information or coordinate intelligence activities.,without_abstain,3,4,0.75
33-3031.00,Fish and Game Wardens,Protective Service Occupations,Serve warrants and make arrests.,with_abstain,5,12,0.4166666666666667
33-3031.00,Fish and Game Wardens,Protective Service Occupations,Serve warrants and make arrests.,without_abstain,4,4,1.0
33-3041.00,Parking Enforcement Workers,Protective Service Occupations,Write warnings and citations for illegally parked vehicles.,with_abstain,8,12,0.6666666666666666
33-3041.00,Parking Enforcement Workers,Protective Service Occupations,Write warnings and citations for illegally parked vehicles.,without_abstain,3,4,0.75
33-3051.01,Police Patrol Officers,Protective Service Occupations,"Identify, pursue, and arrest suspects and perpetrators of criminal acts.",with_abstain,0,12,0.0
33-3051.01,Police Patrol Officers,Protective Service Occupations,"Identify, pursue, and arrest suspects and perpetrators of criminal acts.",without_abstain,2,4,0.5
33-3051.03,Sheriffs and Deputy Sheriffs,Protective Service Occupations,"Execute arrest warrants, locating and taking persons into custody.",with_abstain,3,12,0.25
33-3051.03,Sheriffs and Deputy Sheriffs,Protective Service Occupations,"Execute arrest warrants, locating and taking persons into custody.",without_abstain,3,4,0.75
33-3052.00,Transit and Railroad Police,Protective Service Occupations,"Direct security activities at derailments, fires, floods, or strikes involving railroad property.",with_abstain,2,12,0.16666666666666666
33-3052.00,Transit and Railroad Police,Protective Service Occupations,"Direct security activities at derailments, fires, floods, or strikes involving railroad property.",without_abstain,2,4,0.5
33-9011.00,Animal Control Workers,Protective Service Occupations,"Euthanize rabid, unclaimed, or severely injured animals.",with_abstain,1,12,0.08333333333333333
33-9011.00,Animal Control Workers,Protective Service Occupations,"Euthanize rabid, unclaimed, or severely injured animals.",without_abstain,2,4,0.5
33-9021.00,Private Detectives and Investigators,Protective Service Occupations,"Conduct personal background investigations, such as pre-employment checks, to obtain information about an individual's character, financial status, or personal history.",with_abstain,4,12,0.3333333333333333
33-9021.00,Private Detectives and Investigators,Protective Service Occupations,"Conduct personal background investigations, such as pre-employment checks, to obtain information about an individual's character, financial status, or personal history.",without_abstain,2,4,0.5
33-9031.00,Gaming Surveillance Officers and Gaming Investigators,Protective Service Occupations,"Observe casino or casino hotel operations for irregular activities such as cheating or theft by employees or patrons, using audio and video equipment and one-way mirrors.",with_abstain,3,12,0.25
33-9031.00,Gaming Surveillance Officers and Gaming Investigators,Protective Service Occupations,"Observe casino or casino hotel operations for irregular activities such as cheating or theft by employees or patrons, using audio and video equipment and one-way mirrors.",without_abstain,1,4,0.25
33-9032.00,Security Guards,Protective Service Occupations,Answer alarms and investigate disturbances.,with_abstain,1,12,0.08333333333333333
33-9032.00,Security Guards,Protective Service Occupations,Answer alarms and investigate disturbances.,without_abstain,3,4,0.75
33-9091.00,Crossing Guards,Protective Service Occupations,Guide or control vehicular or pedestrian traffic at such places as street and railroad crossings and construction sites.,with_abstain,0,12,0.0
33-9091.00,Crossing Guards,Protective Service Occupations,Guide or control vehicular or pedestrian traffic at such places as street and railroad crossings and construction sites.,without_abstain,0,4,0.0
33-9092.00,"Lifeguards, Ski Patrol, and Other Recreational Protective Service Workers",Protective Service Occupations,Contact emergency medical personnel in case of serious injury.,with_abstain,0,12,0.0
33-9092.00,"Lifeguards, Ski Patrol, and Other Recreational Protective Service Workers",Protective Service Occupations,Contact emergency medical personnel in case of serious injury.,without_abstain,2,4,0.5
33-9093.00,Transportation Security Screeners,Protective Service Occupations,"Test baggage for any explosive materials, using equipment such as explosive detection machines or chemical swab systems.",with_abstain,0,12,0.0
33-9093.00,Transportation Security Screeners,Protective Service Occupations,"Test baggage for any explosive materials, using equipment such as explosive detection machines or chemical swab systems.",without_abstain,2,4,0.5
33-9099.02,Retail Loss Prevention Specialists,Protective Service Occupations,Apprehend shoplifters in accordance with guidelines.,with_abstain,4,12,0.3333333333333333
33-9099.02,Retail Loss Prevention Specialists,Protective Service Occupations,Apprehend shoplifters in accordance with guidelines.,without_abstain,3,4,0.75
35-1011.00,Chefs and Head Cooks,Food Preparation and Serving Related Occupations,"Instruct cooks or other workers in the preparation, cooking, garnishing, or presentation of food.",with_abstain,1,12,0.08333333333333333
35-1011.00,Chefs and Head Cooks,Food Preparation and Serving Related Occupations,"Instruct cooks or other workers in the preparation, cooking, garnishing, or presentation of food.",without_abstain,0,4,0.0
35-1012.00,First-Line Supervisors of Food Preparation and Serving Workers,Food Preparation and Serving Related Occupations,Estimate ingredients and supplies required to prepare a recipe.,with_abstain,0,12,0.0
35-1012.00,First-Line Supervisors of Food Preparation and Serving Workers,Food Preparation and Serving Related Occupations,Estimate ingredients and supplies required to prepare a recipe.,without_abstain,2,4,0.5
35-2011.00,"Cooks, Fast Food",Food Preparation and Serving Related Occupations,"Clean food preparation areas, cooking surfaces, and utensils.",with_abstain,0,12,0.0
35-2011.00,"Cooks, Fast Food",Food Preparation and Serving Related Occupations,"Clean food preparation areas, cooking surfaces, and utensils.",without_abstain,4,4,1.0
35-2012.00,"Cooks, Institution and Cafeteria",Food Preparation and Serving Related Occupations,"Wash pots, pans, dishes, utensils, and other cooking equipment.",with_abstain,0,12,0.0
35-2012.00,"Cooks, Institution and Cafeteria",Food Preparation and Serving Related Occupations,"Wash pots, pans, dishes, utensils, and other cooking equipment.",without_abstain,1,4,0.25
35-2013.00,"Cooks, Private Household",Food Preparation and Serving Related Occupations,"Peel, wash, trim, and cook vegetables and meats, and bake breads and pastries.",with_abstain,0,12,0.0
35-2013.00,"Cooks, Private Household",Food Preparation and Serving Related Occupations,"Peel, wash, trim, and cook vegetables and meats, and bake breads and pastries.",without_abstain,1,4,0.25
35-2014.00,"Cooks, Restaurant",Food Preparation and Serving Related Occupations,Season and cook food according to recipes or personal judgment and experience.,with_abstain,0,12,0.0
35-2014.00,"Cooks, Restaurant",Food Preparation and Serving Related Occupations,Season and cook food according to recipes or personal judgment and experience.,without_abstain,4,4,1.0
35-2015.00,"Cooks, Short Order",Food Preparation and Serving Related Occupations,"Grill and garnish hamburgers or other meats, such as steaks and chops.",with_abstain,7,12,0.5833333333333334
35-2015.00,"Cooks, Short Order",Food Preparation and Serving Related Occupations,"Grill and garnish hamburgers or other meats, such as steaks and chops.",without_abstain,2,4,0.5
35-2021.00,Food Preparation Workers,Food Preparation and Serving Related Occupations,"Wash, peel, and cut various foods, such as fruits and vegetables, to prepare for cooking or serving.",with_abstain,0,12,0.0
35-2021.00,Food Preparation Workers,Food Preparation and Serving Related Occupations,"Wash, peel, and cut various foods, such as fruits and vegetables, to prepare for cooking or serving.",without_abstain,0,4,0.0
35-3011.00,Bartenders,Food Preparation and Serving Related Occupations,"Clean glasses, utensils, and bar equipment.",with_abstain,0,12,0.0
35-3011.00,Bartenders,Food Preparation and Serving Related Occupations,"Clean glasses, utensils, and bar equipment.",without_abstain,1,4,0.25
35-3021.00,"Combined Food Preparation and Serving Workers, Including Fast Food",Food Preparation and Serving Related Occupations,Serve customers in eating places that specialize in fast service and inexpensive carry-out food.,with_abstain,0,12,0.0
35-3021.00,"Combined Food Preparation and Serving Workers, Including Fast Food",Food Preparation and Serving Related Occupations,Serve customers in eating places that specialize in fast service and inexpensive carry-out food.,without_abstain,2,4,0.5
35-3022.00,"Counter Attendants, Cafeteria, Food Concession, and Coffee Shop",Food Preparation and Serving Related Occupations,Balance receipts and payments in cash registers.,with_abstain,0,12,0.0
35-3022.00,"Counter Attendants, Cafeteria, Food Concession, and Coffee Shop",Food Preparation and Serving Related Occupations,Balance receipts and payments in cash registers.,without_abstain,2,4,0.5
35-3022.01,Baristas,Food Preparation and Serving Related Occupations,Take customer orders and convey them to other employees for preparation.,with_abstain,2,12,0.16666666666666666
35-3022.01,Baristas,Food Preparation and Serving Related Occupations,Take customer orders and convey them to other employees for preparation.,without_abstain,2,4,0.5
35-3031.00,Waiters and Waitresses,Food Preparation and Serving Related Occupations,Collect payments from customers.,with_abstain,0,12,0.0
35-3031.00,Waiters and Waitresses,Food Preparation and Serving Related Occupations,Collect payments from customers.,without_abstain,2,4,0.5
35-3041.00,"Food Servers, Nonrestaurant",Food Preparation and Serving Related Occupations,Examine trays to ensure that they contain required items.,with_abstain,0,12,0.0
35-3041.00,"Food Servers, Nonrestaurant",Food Preparation and Serving Related Occupations,Examine trays to ensure that they contain required items.,without_abstain,1,4,0.25
35-9011.00,Dining Room and Cafeteria Attendants and Bartender Helpers,Food Preparation and Serving Related Occupations,"Set tables with clean linens, condiments, or other supplies.",with_abstain,0,12,0.0
35-9011.00,Dining Room and Cafeteria Attendants and Bartender Helpers,Food Preparation and Serving Related Occupations,"Set tables with clean linens, condiments, or other supplies.",without_abstain,1,4,0.25
35-9021.00,Dishwashers,Food Preparation and Serving Related Occupations,"Wash dishes, glassware, flatware, pots, or pans, using dishwashers or by hand.",with_abstain,0,12,0.0
35-9021.00,Dishwashers,Food Preparation and Serving Related Occupations,"Wash dishes, glassware, flatware, pots, or pans, using dishwashers or by hand.",without_abstain,0,4,0.0
35-9031.00,"Hosts and Hostesses, Restaurant, Lounge, and Coffee Shop",Food Preparation and Serving Related Occupations,Provide guests with menus.,with_abstain,0,12,0.0
35-9031.00,"Hosts and Hostesses, Restaurant, Lounge, and Coffee Shop",Food Preparation and Serving Related Occupations,Provide guests with menus.,without_abstain,2,4,0.5
37-1011.00,First-Line Supervisors of Housekeeping and Janitorial Workers,Building and Grounds Cleaning and Maintenance Occupations,Perform or assist with cleaning duties as necessary.,with_abstain,4,12,0.3333333333333333
37-1011.00,First-Line Supervisors of Housekeeping and Janitorial Workers,Building and Grounds Cleaning and Maintenance Occupations,Perform or assist with cleaning duties as necessary.,without_abstain,2,4,0.5
37-1012.00,"First-Line Supervisors of Landscaping, Lawn Service, and Groundskeeping Workers",Building and Grounds Cleaning and Maintenance Occupations,Confer with other supervisors to coordinate work activities with those of other departments or units.,with_abstain,0,12,0.0
37-1012.00,"First-Line Supervisors of Landscaping, Lawn Service, and Groundskeeping Workers",Building and Grounds Cleaning and Maintenance Occupations,Confer with other supervisors to coordinate work activities with those of other departments or units.,without_abstain,2,4,0.5
37-2011.00,"Janitors and Cleaners, Except Maids and Housekeeping Cleaners",Building and Grounds Cleaning and Maintenance Occupations,"Service, clean, or supply restrooms.",with_abstain,0,12,0.0
37-2011.00,"Janitors and Cleaners, Except Maids and Housekeeping Cleaners",Building and Grounds Cleaning and Maintenance Occupations,"Service, clean, or supply restrooms.",without_abstain,2,4,0.5
37-2012.00,Maids and Housekeeping Cleaners,Building and Grounds Cleaning and Maintenance Occupations,"Replenish supplies, such as drinking glasses, linens, writing supplies, and bathroom items.",with_abstain,0,12,0.0
37-2012.00,Maids and Housekeeping Cleaners,Building and Grounds Cleaning and Maintenance Occupations,"Replenish supplies, such as drinking glasses, linens, writing supplies, and bathroom items.",without_abstain,2,4,0.5
37-2021.00,Pest Control Workers,Building and Grounds Cleaning and Maintenance Occupations,Recommend treatment and prevention methods for pest problems to clients.,with_abstain,2,12,0.16666666666666666
37-2021.00,Pest Control Workers,Building and Grounds Cleaning and Maintenance Occupations,Recommend treatment and prevention methods for pest problems to clients.,without_abstain,2,4,0.5
37-3011.00,Landscaping and Groundskeeping Workers,Building and Grounds Cleaning and Maintenance Occupations,Gather and remove litter.,with_abstain,0,12,0.0
37-3011.00,Landscaping and Groundskeeping Workers,Building and Grounds Cleaning and Maintenance Occupations,Gather and remove litter.,without_abstain,2,4,0.5
37-3012.00,"Pesticide Handlers, Sprayers, and Applicators, Vegetation",Building and Grounds Cleaning and Maintenance Occupations,"Start motors and engage machinery, such as sprayer agitators or pumps or portable spray equipment.",with_abstain,0,12,0.0
37-3012.00,"Pesticide Handlers, Sprayers, and Applicators, Vegetation",Building and Grounds Cleaning and Maintenance Occupations,"Start motors and engage machinery, such as sprayer agitators or pumps or portable spray equipment.",without_abstain,4,4,1.0
37-3013.00,Tree Trimmers and Pruners,Building and Grounds Cleaning and Maintenance Occupations,"Clean, sharpen, and lubricate tools and equipment.",with_abstain,0,12,0.0
37-3013.00,Tree Trimmers and Pruners,Building and Grounds Cleaning and Maintenance Occupations,"Clean, sharpen, and lubricate tools and equipment.",without_abstain,3,4,0.75
39-1011.00,Gaming Supervisors,Personal Care and Service Occupations,Greet customers and ask about the quality of service they are receiving.,with_abstain,2,12,0.16666666666666666
39-1011.00,Gaming Supervisors,Personal Care and Service Occupations,Greet customers and ask about the quality of service they are receiving.,without_abstain,1,4,0.25
39-1012.00,Slot Supervisors,Personal Care and Service Occupations,Monitor functioning of slot machine coin dispensers and fill coin hoppers when necessary.,with_abstain,3,12,0.25
39-1012.00,Slot Supervisors,Personal Care and Service Occupations,Monitor functioning of slot machine coin dispensers and fill coin hoppers when necessary.,without_abstain,1,4,0.25
39-1021.00,First-Line Supervisors of Personal Service Workers,Personal Care and Service Occupations,Resolve customer complaints regarding worker performance or services rendered.,with_abstain,3,12,0.25
39-1021.00,First-Line Supervisors of Personal Service Workers,Personal Care and Service Occupations,Resolve customer complaints regarding worker performance or services rendered.,without_abstain,2,4,0.5
39-1021.01,Spa Managers,Personal Care and Service Occupations,Maintain client databases.,with_abstain,0,12,0.0
39-1021.01,Spa Managers,Personal Care and Service Occupations,Maintain client databases.,without_abstain,0,4,0.0
39-2011.00,Animal Trainers,Personal Care and Service Occupations,Cue or signal animals during performances.,with_abstain,0,12,0.0
39-2011.00,Animal Trainers,Personal Care and Service Occupations,Cue or signal animals during performances.,without_abstain,2,4,0.5
39-2021.00,Nonfarm Animal Caretakers,Personal Care and Service Occupations,"Perform animal grooming duties such as washing, brushing, clipping, and trimming coats, cutting nails, and cleaning ears.",with_abstain,0,12,0.0
39-2021.00,Nonfarm Animal Caretakers,Personal Care and Service Occupations,"Perform animal grooming duties such as washing, brushing, clipping, and trimming coats, cutting nails, and cleaning ears.",without_abstain,2,4,0.5
39-3011.00,Gaming Dealers,Personal Care and Service Occupations,Stand behind a gaming table and deal the appropriate number of cards to each player.,with_abstain,1,12,0.08333333333333333
39-3011.00,Gaming Dealers,Personal Care and Service Occupations,Stand behind a gaming table and deal the appropriate number of cards to each player.,without_abstain,2,4,0.5
39-3012.00,Gaming and Sports Book Writers and Runners,Personal Care and Service Occupations,"Operate games in which players bet that a ball will come to rest in a particular slot on a rotating wheel, performing actions such as spinning the wheel and releasing the ball.",with_abstain,0,12,0.0
39-3012.00,Gaming and Sports Book Writers and Runners,Personal Care and Service Occupations,"Operate games in which players bet that a ball will come to rest in a particular slot on a rotating wheel, performing actions such as spinning the wheel and releasing the ball.",without_abstain,2,4,0.5
39-3021.00,Motion Picture Projectionists,Personal Care and Service Occupations,Inspect movie films to ensure that they are complete and in good condition.,with_abstain,0,12,0.0
39-3021.00,Motion Picture Projectionists,Personal Care and Service Occupations,Inspect movie films to ensure that they are complete and in good condition.,without_abstain,2,4,0.5
39-3031.00,"Ushers, Lobby Attendants, and Ticket Takers",Personal Care and Service Occupations,"Provide assistance with patrons' special needs, such as helping those with wheelchairs.",with_abstain,3,12,0.25
39-3031.00,"Ushers, Lobby Attendants, and Ticket Takers",Personal Care and Service Occupations,"Provide assistance with patrons' special needs, such as helping those with wheelchairs.",without_abstain,1,4,0.25
39-3091.00,Amusement and Recreation Attendants,Personal Care and Service Occupations,Sell tickets and collect fees from customers.,with_abstain,0,12,0.0
39-3091.00,Amusement and Recreation Attendants,Personal Care and Service Occupations,Sell tickets and collect fees from customers.,without_abstain,2,4,0.5
39-3092.00,Costume Attendants,Personal Care and Service Occupations,Arrange costumes in order of use to facilitate quick-change procedures for performances.,with_abstain,0,12,0.0
39-3092.00,Costume Attendants,Personal Care and Service Occupations,Arrange costumes in order of use to facilitate quick-change procedures for performances.,without_abstain,1,4,0.25
39-3093.00,"Locker Room, Coatroom, and Dressing Room Attendants",Personal Care and Service Occupations,"Provide towels and sheets to clients in public baths, steam rooms, and restrooms.",with_abstain,2,12,0.16666666666666666
39-3093.00,"Locker Room, Coatroom, and Dressing Room Attendants",Personal Care and Service Occupations,"Provide towels and sheets to clients in public baths, steam rooms, and restrooms.",without_abstain,2,4,0.5
39-4011.00,Embalmers,Personal Care and Service Occupations,"Wash and dry bodies, using germicidal soap and towels or hot air dryers.",with_abstain,0,12,0.0
39-4011.00,Embalmers,Personal Care and Service Occupations,"Wash and dry bodies, using germicidal soap and towels or hot air dryers.",without_abstain,2,4,0.5
39-4021.00,Funeral Attendants,Personal Care and Service Occupations,Close caskets at appropriate point in services.,with_abstain,0,12,0.0
39-4021.00,Funeral Attendants,Personal Care and Service Occupations,Close caskets at appropriate point in services.,without_abstain,2,4,0.5
39-4031.00,"Morticians, Undertakers, and Funeral Directors",Personal Care and Service Occupations,Perform embalming duties as necessary.,with_abstain,0,12,0.0
39-4031.00,"Morticians, Undertakers, and Funeral Directors",Personal Care and Service Occupations,Perform embalming duties as necessary.,without_abstain,2,4,0.5
39-5011.00,Barbers,Personal Care and Service Occupations,Drape and pin protective cloths around customers' shoulders.,with_abstain,0,12,0.0
39-5011.00,Barbers,Personal Care and Service Occupations,Drape and pin protective cloths around customers' shoulders.,without_abstain,1,4,0.25
39-5012.00,"Hairdressers, Hairstylists, and Cosmetologists",Personal Care and Service Occupations,"Bleach, dye, or tint hair, using applicator or brush.",with_abstain,0,12,0.0
39-5012.00,"Hairdressers, Hairstylists, and Cosmetologists",Personal Care and Service Occupations,"Bleach, dye, or tint hair, using applicator or brush.",without_abstain,2,4,0.5
39-5091.00,"Makeup Artists, Theatrical and Performance",Personal Care and Service Occupations,Duplicate work precisely in order to replicate characters' appearances on a daily basis.,with_abstain,0,12,0.0
39-5091.00,"Makeup Artists, Theatrical and Performance",Personal Care and Service Occupations,Duplicate work precisely in order to replicate characters' appearances on a daily basis.,without_abstain,2,4,0.5
39-5092.00,Manicurists and Pedicurists,Personal Care and Service Occupations,"Shape and smooth ends of nails, using scissors, files, or emery boards.",with_abstain,0,12,0.0
39-5092.00,Manicurists and Pedicurists,Personal Care and Service Occupations,"Shape and smooth ends of nails, using scissors, files, or emery boards.",without_abstain,2,4,0.5
39-5093.00,Shampooers,Personal Care and Service Occupations,"Massage, shampoo, and condition patron's hair and scalp to clean them and remove excess oil.",with_abstain,0,12,0.0
39-5093.00,Shampooers,Personal Care and Service Occupations,"Massage, shampoo, and condition patron's hair and scalp to clean them and remove excess oil.",without_abstain,1,4,0.25
39-5094.00,Skincare Specialists,Personal Care and Service Occupations,Sterilize equipment and clean work areas.,with_abstain,0,12,0.0
39-5094.00,Skincare Specialists,Personal Care and Service Occupations,Sterilize equipment and clean work areas.,without_abstain,2,4,0.5
39-6011.00,Baggage Porters and Bellhops,Personal Care and Service Occupations,Greet incoming guests and escort them to their rooms.,with_abstain,0,12,0.0
39-6011.00,Baggage Porters and Bellhops,Personal Care and Service Occupations,Greet incoming guests and escort them to their rooms.,without_abstain,2,4,0.5
39-6012.00,Concierges,Personal Care and Service Occupations,Pick up and deliver items or run errands for guests.,with_abstain,0,12,0.0
39-6012.00,Concierges,Personal Care and Service Occupations,Pick up and deliver items or run errands for guests.,without_abstain,2,4,0.5
39-7011.00,Tour Guides and Escorts,Personal Care and Service Occupations,Conduct educational activities for school children.,with_abstain,2,12,0.16666666666666666
39-7011.00,Tour Guides and Escorts,Personal Care and Service Occupations,Conduct educational activities for school children.,without_abstain,4,4,1.0
39-7012.00,Travel Guides,Personal Care and Service Occupations,"Arrange for tour or expedition details such as accommodations, transportation, equipment, and the availability of medical personnel.",with_abstain,0,12,0.0
39-7012.00,Travel Guides,Personal Care and Service Occupations,"Arrange for tour or expedition details such as accommodations, transportation, equipment, and the availability of medical personnel.",without_abstain,2,4,0.5
39-9011.00,Childcare Workers,Personal Care and Service Occupations,Sanitize toys and play equipment.,with_abstain,0,12,0.0
39-9011.00,Childcare Workers,Personal Care and Service Occupations,Sanitize toys and play equipment.,without_abstain,1,4,0.25
39-9011.01,Nannies,Personal Care and Service Occupations,"Instruct children in safe behavior, such as seeking adult assistance when crossing the street and avoiding contact or play with unsafe objects.",with_abstain,3,12,0.25
39-9011.01,Nannies,Personal Care and Service Occupations,"Instruct children in safe behavior, such as seeking adult assistance when crossing the street and avoiding contact or play with unsafe objects.",without_abstain,0,4,0.0
39-9021.00,Personal Care Aides,Personal Care and Service Occupations,"Participate in case reviews, consulting with the team caring for the client, to evaluate the client's needs and plan for continuing services.",with_abstain,2,12,0.16666666666666666
39-9021.00,Personal Care Aides,Personal Care and Service Occupations,"Participate in case reviews, consulting with the team caring for the client, to evaluate the client's needs and plan for continuing services.",without_abstain,2,4,0.5
39-9031.00,Fitness Trainers and Aerobics Instructors,Personal Care and Service Occupations,Observe participants and inform them of corrective measures necessary for skill improvement.,with_abstain,1,12,0.08333333333333333
39-9031.00,Fitness Trainers and Aerobics Instructors,Personal Care and Service Occupations,Observe participants and inform them of corrective measures necessary for skill improvement.,without_abstain,2,4,0.5
39-9032.00,Recreation Workers,Personal Care and Service Occupations,"Supervise and coordinate the work activities of personnel, such as training staff members and assigning work duties.",with_abstain,0,12,0.0
39-9032.00,Recreation Workers,Personal Care and Service Occupations,"Supervise and coordinate the work activities of personnel, such as training staff members and assigning work duties.",without_abstain,4,4,1.0
39-9041.00,Residential Advisors,Personal Care and Service Occupations,Mediate interpersonal problems between residents.,with_abstain,0,12,0.0
39-9041.00,Residential Advisors,Personal Care and Service Occupations,Mediate interpersonal problems between residents.,without_abstain,2,4,0.5
41-1011.00,First-Line Supervisors of Retail Sales Workers,Sales and Related Occupations,Provide customer service by greeting and assisting customers and responding to customer inquiries and complaints.,with_abstain,2,12,0.16666666666666666
41-1011.00,First-Line Supervisors of Retail Sales Workers,Sales and Related Occupations,Provide customer service by greeting and assisting customers and responding to customer inquiries and complaints.,without_abstain,1,4,0.25
41-1012.00,First-Line Supervisors of Non-Retail Sales Workers,Sales and Related Occupations,Formulate pricing policies on merchandise according to profitability requirements.,with_abstain,2,12,0.16666666666666666
41-1012.00,First-Line Supervisors of Non-Retail Sales Workers,Sales and Related Occupations,Formulate pricing policies on merchandise according to profitability requirements.,without_abstain,2,4,0.5
41-2011.00,Cashiers,Sales and Related Occupations,Greet customers entering establishments.,with_abstain,0,12,0.0
41-2011.00,Cashiers,Sales and Related Occupations,Greet customers entering establishments.,without_abstain,2,4,0.5
41-2012.00,Gaming Change Persons and Booth Cashiers,Sales and Related Occupations,Count money and audit money drawers.,with_abstain,0,12,0.0
41-2012.00,Gaming Change Persons and Booth Cashiers,Sales and Related Occupations,Count money and audit money drawers.,without_abstain,2,4,0.5
41-2021.00,Counter and Rental Clerks,Sales and Related Occupations,"Provide information about rental items, such as availability, operation, or description.",with_abstain,2,12,0.16666666666666666
41-2021.00,Counter and Rental Clerks,Sales and Related Occupations,"Provide information about rental items, such as availability, operation, or description.",without_abstain,2,4,0.5
41-2022.00,Parts Salespersons,Sales and Related Occupations,"Read catalogs, microfiche viewers, or computer displays to determine replacement part stock numbers and prices.",with_abstain,6,12,0.5
41-2022.00,Parts Salespersons,Sales and Related Occupations,"Read catalogs, microfiche viewers, or computer displays to determine replacement part stock numbers and prices.",without_abstain,3,4,0.75
41-2031.00,Retail Salespersons,Sales and Related Occupations,"Recommend, select, and help locate or obtain merchandise based on customer needs and desires.",with_abstain,2,12,0.16666666666666666
41-2031.00,Retail Salespersons,Sales and Related Occupations,"Recommend, select, and help locate or obtain merchandise based on customer needs and desires.",without_abstain,2,4,0.5
41-3011.00,Advertising Sales Agents,Sales and Related Occupations,Locate and contact potential clients to offer advertising services.,with_abstain,4,12,0.3333333333333333
41-3011.00,Advertising Sales Agents,Sales and Related Occupations,Locate and contact potential clients to offer advertising services.,without_abstain,3,4,0.75
41-3021.00,Insurance Sales Agents,Sales and Related Occupations,"Call on policyholders to deliver and explain policy, to analyze insurance program and suggest additions or changes, or to change beneficiaries.",with_abstain,7,12,0.5833333333333334
41-3021.00,Insurance Sales Agents,Sales and Related Occupations,"Call on policyholders to deliver and explain policy, to analyze insurance program and suggest additions or changes, or to change beneficiaries.",without_abstain,2,4,0.5
41-3031.01,"Sales Agents, Securities and Commodities",Sales and Related Occupations,Complete sales order tickets and submit for processing of client-requested transactions.,with_abstain,0,12,0.0
41-3031.01,"Sales Agents, Securities and Commodities",Sales and Related Occupations,Complete sales order tickets and submit for processing of client-requested transactions.,without_abstain,4,4,1.0
41-3031.02,"Sales Agents, Financial Services",Sales and Related Occupations,Determine customers' financial services needs and prepare proposals to sell services that address these needs.,with_abstain,5,12,0.4166666666666667
41-3031.02,"Sales Agents, Financial Services",Sales and Related Occupations,Determine customers' financial services needs and prepare proposals to sell services that address these needs.,without_abstain,2,4,0.5
41-3031.03,Securities and Commodities Traders,Sales and Related Occupations,Report all positions or trading results.,with_abstain,0,12,0.0
41-3031.03,Securities and Commodities Traders,Sales and Related Occupations,Report all positions or trading results.,without_abstain,2,4,0.5
41-3041.00,Travel Agents,Sales and Related Occupations,Collect payment for transportation and accommodations from customer.,with_abstain,0,12,0.0
41-3041.00,Travel Agents,Sales and Related Occupations,Collect payment for transportation and accommodations from customer.,without_abstain,2,4,0.5
41-3099.01,Energy Brokers,Sales and Related Occupations,Forecast energy supply and demand to minimize costs and maximize availability.,with_abstain,0,12,0.0
41-3099.01,Energy Brokers,Sales and Related Occupations,Forecast energy supply and demand to minimize costs and maximize availability.,without_abstain,2,4,0.5
41-4011.00,"Sales Representatives, Wholesale and Manufacturing, Technical and Scientific Products",Sales and Related Occupations,"Maintain customer records, using automated systems.",with_abstain,0,12,0.0
41-4011.00,"Sales Representatives, Wholesale and Manufacturing, Technical and Scientific Products",Sales and Related Occupations,"Maintain customer records, using automated systems.",without_abstain,2,4,0.5
41-4011.07,Solar Sales Representatives and Assessors,Sales and Related Occupations,"Calculate potential solar resources or solar array production for a particular site considering issues such as climate, shading, and roof orientation.",with_abstain,3,12,0.25
41-4011.07,Solar Sales Representatives and Assessors,Sales and Related Occupations,"Calculate potential solar resources or solar array production for a particular site considering issues such as climate, shading, and roof orientation.",without_abstain,1,4,0.25
41-4012.00,"Sales Representatives, Wholesale and Manufacturing, Except Technical and Scientific Products",Sales and Related Occupations,"Recommend products to customers, based on customers' needs and interests.",with_abstain,1,12,0.08333333333333333
41-4012.00,"Sales Representatives, Wholesale and Manufacturing, Except Technical and Scientific Products",Sales and Related Occupations,"Recommend products to customers, based on customers' needs and interests.",without_abstain,2,4,0.5
41-9011.00,Demonstrators and Product Promoters,Sales and Related Occupations,"Record and report demonstration-related information, such as the number of questions asked by the audience or the number of coupons distributed.",with_abstain,0,12,0.0
41-9011.00,Demonstrators and Product Promoters,Sales and Related Occupations,"Record and report demonstration-related information, such as the number of questions asked by the audience or the number of coupons distributed.",without_abstain,2,4,0.5
41-9012.00,Models,Sales and Related Occupations,Record rates of pay and durations of jobs on vouchers.,with_abstain,1,12,0.08333333333333333
41-9012.00,Models,Sales and Related Occupations,Record rates of pay and durations of jobs on vouchers.,without_abstain,2,4,0.5
41-9021.00,Real Estate Brokers,Sales and Related Occupations,Compare a property with similar properties that have recently sold to determine its competitive market price.,with_abstain,9,12,0.75
41-9021.00,Real Estate Brokers,Sales and Related Occupations,Compare a property with similar properties that have recently sold to determine its competitive market price.,without_abstain,4,4,1.0
41-9022.00,Real Estate Sales Agents,Sales and Related Occupations,Present purchase offers to sellers for consideration.,with_abstain,2,12,0.16666666666666666
41-9022.00,Real Estate Sales Agents,Sales and Related Occupations,Present purchase offers to sellers for consideration.,without_abstain,3,4,0.75
41-9031.00,Sales Engineers,Sales and Related Occupations,Arrange for demonstrations or trial installations of equipment.,with_abstain,0,12,0.0
41-9031.00,Sales Engineers,Sales and Related Occupations,Arrange for demonstrations or trial installations of equipment.,without_abstain,3,4,0.75
41-9041.00,Telemarketers,Sales and Related Occupations,"Explain products or services and prices, and answer questions from customers.",with_abstain,5,12,0.4166666666666667
41-9041.00,Telemarketers,Sales and Related Occupations,"Explain products or services and prices, and answer questions from customers.",without_abstain,4,4,1.0
41-9091.00,"Door-To-Door Sales Workers, News and Street Vendors, and Related Workers",Sales and Related Occupations,Write and record orders for merchandise or enter orders into computers.,with_abstain,0,12,0.0
41-9091.00,"Door-To-Door Sales Workers, News and Street Vendors, and Related Workers",Sales and Related Occupations,Write and record orders for merchandise or enter orders into computers.,without_abstain,2,4,0.5
43-1011.00,First-Line Supervisors of Office and Administrative Support Workers,Office and Administrative Support Occupations,Discuss job performance problems with employees to identify causes and issues and to work on resolving problems.,with_abstain,6,12,0.5
43-1011.00,First-Line Supervisors of Office and Administrative Support Workers,Office and Administrative Support Occupations,Discuss job performance problems with employees to identify causes and issues and to work on resolving problems.,without_abstain,4,4,1.0
43-2011.00,"Switchboard Operators, Including Answering Service",Office and Administrative Support Occupations,"Operate communication systems, such as telephone, switchboard, intercom, two-way radio, or public address.",with_abstain,1,12,0.08333333333333333
43-2011.00,"Switchboard Operators, Including Answering Service",Office and Administrative Support Occupations,"Operate communication systems, such as telephone, switchboard, intercom, two-way radio, or public address.",without_abstain,2,4,0.5
43-2021.00,Telephone Operators,Office and Administrative Support Occupations,Offer special assistance to persons such as those who are unable to dial or who are in emergency situations.,with_abstain,1,12,0.08333333333333333
43-2021.00,Telephone Operators,Office and Administrative Support Occupations,Offer special assistance to persons such as those who are unable to dial or who are in emergency situations.,without_abstain,2,4,0.5
43-3011.00,Bill and Account Collectors,Office and Administrative Support Occupations,"Locate and monitor overdue accounts, using computers and a variety of automated systems.",with_abstain,3,12,0.25
43-3011.00,Bill and Account Collectors,Office and Administrative Support Occupations,"Locate and monitor overdue accounts, using computers and a variety of automated systems.",without_abstain,2,4,0.5
43-3021.01,Statement Clerks,Office and Administrative Support Occupations,Verify signatures and required information on checks.,with_abstain,1,12,0.08333333333333333
43-3021.01,Statement Clerks,Office and Administrative Support Occupations,Verify signatures and required information on checks.,without_abstain,3,4,0.75
43-3021.02,"Billing, Cost, and Rate Clerks",Office and Administrative Support Occupations,Resolve discrepancies in accounting records.,with_abstain,2,12,0.16666666666666666
43-3021.02,"Billing, Cost, and Rate Clerks",Office and Administrative Support Occupations,Resolve discrepancies in accounting records.,without_abstain,3,4,0.75
43-3031.00,"Bookkeeping, Accounting, and Auditing Clerks",Office and Administrative Support Occupations,"Receive, record, and bank cash, checks, and vouchers.",with_abstain,2,12,0.16666666666666666
43-3031.00,"Bookkeeping, Accounting, and Auditing Clerks",Office and Administrative Support Occupations,"Receive, record, and bank cash, checks, and vouchers.",without_abstain,3,4,0.75
43-3041.00,Gaming Cage Workers,Office and Administrative Support Occupations,Count funds and reconcile daily summaries of transactions to balance books.,with_abstain,0,12,0.0
43-3041.00,Gaming Cage Workers,Office and Administrative Support Occupations,Count funds and reconcile daily summaries of transactions to balance books.,without_abstain,2,4,0.5
43-3051.00,Payroll and Timekeeping Clerks,Office and Administrative Support Occupations,"Compute wages and deductions, and enter data into computers.",with_abstain,0,12,0.0
43-3051.00,Payroll and Timekeeping Clerks,Office and Administrative Support Occupations,"Compute wages and deductions, and enter data into computers.",without_abstain,2,4,0.5
43-3061.00,Procurement Clerks,Office and Administrative Support Occupations,"Compare prices, specifications, and delivery dates to determine the best bid among potential suppliers.",with_abstain,0,12,0.0
43-3061.00,Procurement Clerks,Office and Administrative Support Occupations,"Compare prices, specifications, and delivery dates to determine the best bid among potential suppliers.",without_abstain,2,4,0.5
43-3071.00,Tellers,Office and Administrative Support Occupations,Enter customers' transactions into computers to record transactions and issue computer-generated receipts.,with_abstain,0,12,0.0
43-3071.00,Tellers,Office and Administrative Support Occupations,Enter customers' transactions into computers to record transactions and issue computer-generated receipts.,without_abstain,2,4,0.5
43-4011.00,Brokerage Clerks,Office and Administrative Support Occupations,"Perform clerical tasks, such as answering phones or distributing mail.",with_abstain,0,12,0.0
43-4011.00,Brokerage Clerks,Office and Administrative Support Occupations,"Perform clerical tasks, such as answering phones or distributing mail.",without_abstain,3,4,0.75
43-4021.00,Correspondence Clerks,Office and Administrative Support Occupations,Type acknowledgment letters to persons sending correspondence.,with_abstain,0,12,0.0
43-4021.00,Correspondence Clerks,Office and Administrative Support Occupations,Type acknowledgment letters to persons sending correspondence.,without_abstain,4,4,1.0
43-4031.01,Court Clerks,Office and Administrative Support Occupations,"Prepare dockets or calendars of cases to be called, using typewriters or computers.",with_abstain,0,12,0.0
43-4031.01,Court Clerks,Office and Administrative Support Occupations,"Prepare dockets or calendars of cases to be called, using typewriters or computers.",without_abstain,2,4,0.5
43-4031.02,Municipal Clerks,Office and Administrative Support Occupations,"Maintain and update documents, such as municipal codes or city charters.",with_abstain,2,12,0.16666666666666666
43-4031.02,Municipal Clerks,Office and Administrative Support Occupations,"Maintain and update documents, such as municipal codes or city charters.",without_abstain,3,4,0.75
43-4031.03,License Clerks,Office and Administrative Support Occupations,"Update operational records or licensing information, using computer terminals.",with_abstain,0,12,0.0
43-4031.03,License Clerks,Office and Administrative Support Occupations,"Update operational records or licensing information, using computer terminals.",without_abstain,3,4,0.75
43-4041.01,Credit Authorizers,Office and Administrative Support Occupations,File sales slips in customers' ledgers for billing purposes.,with_abstain,0,12,0.0
43-4041.01,Credit Authorizers,Office and Administrative Support Occupations,File sales slips in customers' ledgers for billing purposes.,without_abstain,2,4,0.5
43-4041.02,Credit Checkers,Office and Administrative Support Occupations,"Examine city directories and public records to verify residence property ownership, bankruptcies, liens, arrest record, or unpaid taxes of applicants.",with_abstain,4,12,0.3333333333333333
43-4041.02,Credit Checkers,Office and Administrative Support Occupations,"Examine city directories and public records to verify residence property ownership, bankruptcies, liens, arrest record, or unpaid taxes of applicants.",without_abstain,2,4,0.5
43-4051.00,Customer Service Representatives,Office and Administrative Support Occupations,"Resolve customers' service or billing complaints by performing activities such as exchanging merchandise, refunding money, or adjusting bills.",with_abstain,0,12,0.0
43-4051.00,Customer Service Representatives,Office and Administrative Support Occupations,"Resolve customers' service or billing complaints by performing activities such as exchanging merchandise, refunding money, or adjusting bills.",without_abstain,2,4,0.5
43-4051.03,Patient Representatives,Office and Administrative Support Occupations,"Explain policies, procedures, or services to patients using medical or administrative knowledge.",with_abstain,5,12,0.4166666666666667
43-4051.03,Patient Representatives,Office and Administrative Support Occupations,"Explain policies, procedures, or services to patients using medical or administrative knowledge.",without_abstain,2,4,0.5
43-4061.00,"Eligibility Interviewers, Government Programs",Office and Administrative Support Occupations,"Initiate procedures to grant, modify, deny, or terminate assistance, or refer applicants to other agencies for assistance.",with_abstain,2,12,0.16666666666666666
43-4061.00,"Eligibility Interviewers, Government Programs",Office and Administrative Support Occupations,"Initiate procedures to grant, modify, deny, or terminate assistance, or refer applicants to other agencies for assistance.",without_abstain,2,4,0.5
43-4071.00,File Clerks,Office and Administrative Support Occupations,"Input data, such as file numbers, new or updated information, or document information codes into computer systems to support document and information retrieval.",with_abstain,0,12,0.0
43-4071.00,File Clerks,Office and Administrative Support Occupations,"Input data, such as file numbers, new or updated information, or document information codes into computer systems to support document and information retrieval.",without_abstain,2,4,0.5
43-4081.00,"Hotel, Motel, and Resort Desk Clerks",Office and Administrative Support Occupations,Contact housekeeping or maintenance staff when guests report problems.,with_abstain,3,12,0.25
43-4081.00,"Hotel, Motel, and Resort Desk Clerks",Office and Administrative Support Occupations,Contact housekeeping or maintenance staff when guests report problems.,without_abstain,2,4,0.5
43-4111.00,"Interviewers, Except Eligibility and Loan",Office and Administrative Support Occupations,Explain survey objectives and procedures to interviewees and interpret survey questions to help interviewees' comprehension.,with_abstain,2,12,0.16666666666666666
43-4111.00,"Interviewers, Except Eligibility and Loan",Office and Administrative Support Occupations,Explain survey objectives and procedures to interviewees and interpret survey questions to help interviewees' comprehension.,without_abstain,1,4,0.25
43-4121.00,"Library Assistants, Clerical",Office and Administrative Support Occupations,"Locate library materials for patrons, including books, periodicals, tape cassettes, Braille volumes, and pictures.",with_abstain,2,12,0.16666666666666666
43-4121.00,"Library Assistants, Clerical",Office and Administrative Support Occupations,"Locate library materials for patrons, including books, periodicals, tape cassettes, Braille volumes, and pictures.",without_abstain,1,4,0.25
43-4131.00,Loan Interviewers and Clerks,Office and Administrative Support Occupations,Interview loan applicants to obtain personal and financial data and to assist in completing applications.,with_abstain,0,12,0.0
43-4131.00,Loan Interviewers and Clerks,Office and Administrative Support Occupations,Interview loan applicants to obtain personal and financial data and to assist in completing applications.,without_abstain,1,4,0.25
43-4141.00,New Accounts Clerks,Office and Administrative Support Occupations,"Compile information about new accounts, enter account information into computers, and file related forms or other documents.",with_abstain,0,12,0.0
43-4141.00,New Accounts Clerks,Office and Administrative Support Occupations,"Compile information about new accounts, enter account information into computers, and file related forms or other documents.",without_abstain,2,4,0.5
43-4151.00,Order Clerks,Office and Administrative Support Occupations,Receive and respond to customer complaints.,with_abstain,0,12,0.0
43-4151.00,Order Clerks,Office and Administrative Support Occupations,Receive and respond to customer complaints.,without_abstain,1,4,0.25
43-4161.00,"Human Resources Assistants, Except Payroll and Timekeeping",Office and Administrative Support Occupations,Gather personnel records from other departments or employees.,with_abstain,0,12,0.0
43-4161.00,"Human Resources Assistants, Except Payroll and Timekeeping",Office and Administrative Support Occupations,Gather personnel records from other departments or employees.,without_abstain,2,4,0.5
43-4171.00,Receptionists and Information Clerks,Office and Administrative Support Occupations,File and maintain records.,with_abstain,0,12,0.0
43-4171.00,Receptionists and Information Clerks,Office and Administrative Support Occupations,File and maintain records.,without_abstain,2,4,0.5
43-4181.00,Reservation and Transportation Ticket Agents and Travel Clerks,Office and Administrative Support Occupations,"Announce arrival and departure information, using public address systems.",with_abstain,0,12,0.0
43-4181.00,Reservation and Transportation Ticket Agents and Travel Clerks,Office and Administrative Support Occupations,"Announce arrival and departure information, using public address systems.",without_abstain,2,4,0.5
43-5011.00,Cargo and Freight Agents,Office and Administrative Support Occupations,Estimate freight or postal rates and record shipment costs and weights.,with_abstain,0,12,0.0
43-5011.00,Cargo and Freight Agents,Office and Administrative Support Occupations,Estimate freight or postal rates and record shipment costs and weights.,without_abstain,2,4,0.5
43-5011.01,Freight Forwarders,Office and Administrative Support Occupations,"Calculate weight, volume, or cost of goods to be moved.",with_abstain,0,12,0.0
43-5011.01,Freight Forwarders,Office and Administrative Support Occupations,"Calculate weight, volume, or cost of goods to be moved.",without_abstain,2,4,0.5
43-5021.00,Couriers and Messengers,Office and Administrative Support Occupations,Plan and follow the most efficient routes for delivering goods.,with_abstain,0,12,0.0
43-5021.00,Couriers and Messengers,Office and Administrative Support Occupations,Plan and follow the most efficient routes for delivering goods.,without_abstain,2,4,0.5
43-5031.00,"Police, Fire, and Ambulance Dispatchers",Office and Administrative Support Occupations,"Question callers to determine their locations, and the nature of their problems to determine type of response needed.",with_abstain,2,12,0.16666666666666666
43-5031.00,"Police, Fire, and Ambulance Dispatchers",Office and Administrative Support Occupations,"Question callers to determine their locations, and the nature of their problems to determine type of response needed.",without_abstain,2,4,0.5
43-5032.00,"Dispatchers, Except Police, Fire, and Ambulance",Office and Administrative Support Occupations,Monitor personnel or equipment locations and utilization to coordinate service and schedules.,with_abstain,5,12,0.4166666666666667
43-5032.00,"Dispatchers, Except Police, Fire, and Ambulance",Office and Administrative Support Occupations,Monitor personnel or equipment locations and utilization to coordinate service and schedules.,without_abstain,1,4,0.25
43-5041.00,"Meter Readers, Utilities",Office and Administrative Support Occupations,"Verify readings in cases where consumption appears to be abnormal, and record possible reasons for fluctuations.",with_abstain,0,12,0.0
43-5041.00,"Meter Readers, Utilities",Office and Administrative Support Occupations,"Verify readings in cases where consumption appears to be abnormal, and record possible reasons for fluctuations.",without_abstain,1,4,0.25
43-5051.00,Postal Service Clerks,Office and Administrative Support Occupations,"Keep money drawers in order, and record and balance daily transactions.",with_abstain,0,12,0.0
43-5051.00,Postal Service Clerks,Office and Administrative Support Occupations,"Keep money drawers in order, and record and balance daily transactions.",without_abstain,1,4,0.25
43-5052.00,Postal Service Mail Carriers,Office and Administrative Support Occupations,Turn in money and receipts collected along mail routes.,with_abstain,0,12,0.0
43-5052.00,Postal Service Mail Carriers,Office and Administrative Support Occupations,Turn in money and receipts collected along mail routes.,without_abstain,2,4,0.5
43-5053.00,"Postal Service Mail Sorters, Processors, and Processing Machine Operators",Office and Administrative Support Occupations,Distribute incoming mail into the correct boxes or pigeonholes.,with_abstain,0,12,0.0
43-5053.00,"Postal Service Mail Sorters, Processors, and Processing Machine Operators",Office and Administrative Support Occupations,Distribute incoming mail into the correct boxes or pigeonholes.,without_abstain,2,4,0.5
43-5061.00,"Production, Planning, and Expediting Clerks",Office and Administrative Support Occupations,"Revise production schedules when required due to design changes, labor or material shortages, backlogs, or other interruptions, collaborating with management, marketing, sales, production, or engineering.",with_abstain,0,12,0.0
43-5061.00,"Production, Planning, and Expediting Clerks",Office and Administrative Support Occupations,"Revise production schedules when required due to design changes, labor or material shortages, backlogs, or other interruptions, collaborating with management, marketing, sales, production, or engineering.",without_abstain,2,4,0.5
43-5071.00,"Shipping, Receiving, and Traffic Clerks",Office and Administrative Support Occupations,Contact carrier representatives to make arrangements or to issue instructions for shipping and delivery of materials.,with_abstain,0,12,0.0
43-5071.00,"Shipping, Receiving, and Traffic Clerks",Office and Administrative Support Occupations,Contact carrier representatives to make arrangements or to issue instructions for shipping and delivery of materials.,without_abstain,1,4,0.25
43-5081.01,"Stock Clerks, Sales Floor",Office and Administrative Support Occupations,"Itemize and total customer merchandise selection at checkout counter, using cash register, and accept cash or charge card for purchases.",with_abstain,2,12,0.16666666666666666
43-5081.01,"Stock Clerks, Sales Floor",Office and Administrative Support Occupations,"Itemize and total customer merchandise selection at checkout counter, using cash register, and accept cash or charge card for purchases.",without_abstain,4,4,1.0
43-5081.02,Marking Clerks,Office and Administrative Support Occupations,"Record price, buyer, and grade of product on tickets attached to products auctioned.",with_abstain,0,12,0.0
43-5081.02,Marking Clerks,Office and Administrative Support Occupations,"Record price, buyer, and grade of product on tickets attached to products auctioned.",without_abstain,2,4,0.5
43-5081.03,"Stock Clerks- Stockroom, Warehouse, or Storage Yard",Office and Administrative Support Occupations,"Mark stock items using identification tags, stamps, electric marking tools, or other labeling equipment.",with_abstain,0,12,0.0
43-5081.03,"Stock Clerks- Stockroom, Warehouse, or Storage Yard",Office and Administrative Support Occupations,"Mark stock items using identification tags, stamps, electric marking tools, or other labeling equipment.",without_abstain,2,4,0.5
43-5081.04,"Order Fillers, Wholesale and Retail Sales",Office and Administrative Support Occupations,Place merchandise on conveyors leading to wrapping areas.,with_abstain,0,12,0.0
43-5081.04,"Order Fillers, Wholesale and Retail Sales",Office and Administrative Support Occupations,Place merchandise on conveyors leading to wrapping areas.,without_abstain,2,4,0.5
43-5111.00,"Weighers, Measurers, Checkers, and Samplers, Recordkeeping",Office and Administrative Support Occupations,"Count or estimate quantities of materials, parts, or products received or shipped.",with_abstain,0,12,0.0
43-5111.00,"Weighers, Measurers, Checkers, and Samplers, Recordkeeping",Office and Administrative Support Occupations,"Count or estimate quantities of materials, parts, or products received or shipped.",without_abstain,2,4,0.5
43-6011.00,Executive Secretaries and Executive Administrative Assistants,Office and Administrative Support Occupations,Greet visitors and determine whether they should be given access to specific individuals.,with_abstain,0,12,0.0
43-6011.00,Executive Secretaries and Executive Administrative Assistants,Office and Administrative Support Occupations,Greet visitors and determine whether they should be given access to specific individuals.,without_abstain,2,4,0.5
43-6012.00,Legal Secretaries,Office and Administrative Support Occupations,"Prepare and process legal documents and papers, such as summonses, subpoenas, complaints, appeals, motions, and pretrial agreements.",with_abstain,0,12,0.0
43-6012.00,Legal Secretaries,Office and Administrative Support Occupations,"Prepare and process legal documents and papers, such as summonses, subpoenas, complaints, appeals, motions, and pretrial agreements.",without_abstain,1,4,0.25
43-6013.00,Medical Secretaries,Office and Administrative Support Occupations,"Schedule and confirm patient diagnostic appointments, surgeries, or medical consultations.",with_abstain,0,12,0.0
43-6013.00,Medical Secretaries,Office and Administrative Support Occupations,"Schedule and confirm patient diagnostic appointments, surgeries, or medical consultations.",without_abstain,3,4,0.75
43-6014.00,"Secretaries and Administrative Assistants, Except Legal, Medical, and Executive",Office and Administrative Support Occupations,"Set up and manage paper or electronic filing systems, recording information, updating paperwork, or maintaining documents, such as attendance records, correspondence, or other material.",with_abstain,0,12,0.0
43-6014.00,"Secretaries and Administrative Assistants, Except Legal, Medical, and Executive",Office and Administrative Support Occupations,"Set up and manage paper or electronic filing systems, recording information, updating paperwork, or maintaining documents, such as attendance records, correspondence, or other material.",without_abstain,3,4,0.75
43-9011.00,Computer Operators,Office and Administrative Support Occupations,Respond to program error messages by finding and correcting problems or terminating the program.,with_abstain,6,12,0.5
43-9011.00,Computer Operators,Office and Administrative Support Occupations,Respond to program error messages by finding and correcting problems or terminating the program.,without_abstain,2,4,0.5
43-9021.00,Data Entry Keyers,Office and Administrative Support Occupations,"Locate and correct data entry errors, or report them to supervisors.",with_abstain,0,12,0.0
43-9021.00,Data Entry Keyers,Office and Administrative Support Occupations,"Locate and correct data entry errors, or report them to supervisors.",without_abstain,3,4,0.75
43-9022.00,Word Processors and Typists,Office and Administrative Support Occupations,Print and make copies of work.,with_abstain,0,12,0.0
43-9022.00,Word Processors and Typists,Office and Administrative Support Occupations,Print and make copies of work.,without_abstain,2,4,0.5
43-9031.00,Desktop Publishers,Office and Administrative Support Occupations,"Operate desktop publishing software and equipment to design, lay out, and produce camera-ready copy.",with_abstain,0,12,0.0
43-9031.00,Desktop Publishers,Office and Administrative Support Occupations,"Operate desktop publishing software and equipment to design, lay out, and produce camera-ready copy.",without_abstain,2,4,0.5
43-9041.01,Insurance Claims Clerks,Office and Administrative Support Occupations,Contact insured or other involved persons to obtain missing information.,with_abstain,1,12,0.08333333333333333
43-9041.01,Insurance Claims Clerks,Office and Administrative Support Occupations,Contact insured or other involved persons to obtain missing information.,without_abstain,1,4,0.25
43-9041.02,Insurance Policy Processing Clerks,Office and Administrative Support Occupations,"Review and verify data, such as age, name, address, and principal sum and value of property on insurance applications and policies.",with_abstain,0,12,0.0
43-9041.02,Insurance Policy Processing Clerks,Office and Administrative Support Occupations,"Review and verify data, such as age, name, address, and principal sum and value of property on insurance applications and policies.",without_abstain,1,4,0.25
43-9051.00,"Mail Clerks and Mail Machine Operators, Except Postal Service",Office and Administrative Support Occupations,Clear jams in sortation equipment.,with_abstain,0,12,0.0
43-9051.00,"Mail Clerks and Mail Machine Operators, Except Postal Service",Office and Administrative Support Occupations,Clear jams in sortation equipment.,without_abstain,2,4,0.5
43-9061.00,"Office Clerks, General",Office and Administrative Support Occupations,"Maintain and update filing, inventory, mailing, and database systems, either manually or using a computer.",with_abstain,2,12,0.16666666666666666
43-9061.00,"Office Clerks, General",Office and Administrative Support Occupations,"Maintain and update filing, inventory, mailing, and database systems, either manually or using a computer.",without_abstain,3,4,0.75
43-9071.00,"Office Machine Operators, Except Computer",Office and Administrative Support Occupations,"Place original copies in feed trays, feed originals into feed rolls, or position originals on tables beneath camera lenses.",with_abstain,0,12,0.0
43-9071.00,"Office Machine Operators, Except Computer",Office and Administrative Support Occupations,"Place original copies in feed trays, feed originals into feed rolls, or position originals on tables beneath camera lenses.",without_abstain,2,4,0.5
43-9081.00,Proofreaders and Copy Markers,Office and Administrative Support Occupations,"Route proofs with marked corrections to authors, editors, typists, or typesetters for correction or reprinting.",with_abstain,0,12,0.0
43-9081.00,Proofreaders and Copy Markers,Office and Administrative Support Occupations,"Route proofs with marked corrections to authors, editors, typists, or typesetters for correction or reprinting.",without_abstain,2,4,0.5
43-9111.00,Statistical Assistants,Office and Administrative Support Occupations,File data and related information and maintain and update databases.,with_abstain,0,12,0.0
43-9111.00,Statistical Assistants,Office and Administrative Support Occupations,File data and related information and maintain and update databases.,without_abstain,2,4,0.5
43-9111.01,Bioinformatics Technicians,Office and Administrative Support Occupations,"Enter or retrieve information from structural databases, protein sequence motif databases, mutation databases, genomic databases or gene expression databases.",with_abstain,0,12,0.0
43-9111.01,Bioinformatics Technicians,Office and Administrative Support Occupations,"Enter or retrieve information from structural databases, protein sequence motif databases, mutation databases, genomic databases or gene expression databases.",without_abstain,2,4,0.5
45-1011.05,First-Line Supervisors of Logging Workers,"Farming, Fishing, and Forestry Occupations","Monitor workers to ensure that safety regulations are followed, warning or disciplining those who violate safety regulations.",with_abstain,8,12,0.6666666666666666
45-1011.05,First-Line Supervisors of Logging Workers,"Farming, Fishing, and Forestry Occupations","Monitor workers to ensure that safety regulations are followed, warning or disciplining those who violate safety regulations.",without_abstain,3,4,0.75
45-1011.06,First-Line Supervisors of Aquacultural Workers,"Farming, Fishing, and Forestry Occupations","Prepare or direct the preparation of fish food, and specify medications to be added to food and water to treat fish for diseases.",with_abstain,3,12,0.25
45-1011.06,First-Line Supervisors of Aquacultural Workers,"Farming, Fishing, and Forestry Occupations","Prepare or direct the preparation of fish food, and specify medications to be added to food and water to treat fish for diseases.",without_abstain,2,4,0.5
45-1011.07,First-Line Supervisors of Agricultural Crop and Horticultural Workers,"Farming, Fishing, and Forestry Occupations",Review employees' work to evaluate quality and quantity.,with_abstain,7,12,0.5833333333333334
45-1011.07,First-Line Supervisors of Agricultural Crop and Horticultural Workers,"Farming, Fishing, and Forestry Occupations",Review employees' work to evaluate quality and quantity.,without_abstain,3,4,0.75
45-1011.08,First-Line Supervisors of Animal Husbandry and Animal Care Workers,"Farming, Fishing, and Forestry Occupations","Monitor animal care, maintenance, breeding, or packing and transfer activities to ensure work is done correctly.",with_abstain,1,12,0.08333333333333333
45-1011.08,First-Line Supervisors of Animal Husbandry and Animal Care Workers,"Farming, Fishing, and Forestry Occupations","Monitor animal care, maintenance, breeding, or packing and transfer activities to ensure work is done correctly.",without_abstain,2,4,0.5
45-2011.00,Agricultural Inspectors,"Farming, Fishing, and Forestry Occupations",Inspect food products and processing procedures to determine whether products are safe to eat.,with_abstain,1,12,0.08333333333333333
45-2011.00,Agricultural Inspectors,"Farming, Fishing, and Forestry Occupations",Inspect food products and processing procedures to determine whether products are safe to eat.,without_abstain,0,4,0.0
45-2021.00,Animal Breeders,"Farming, Fishing, and Forestry Occupations",Treat minor injuries and ailments and contact veterinarians to obtain treatment for animals with serious illnesses or injuries.,with_abstain,2,12,0.16666666666666666
45-2021.00,Animal Breeders,"Farming, Fishing, and Forestry Occupations",Treat minor injuries and ailments and contact veterinarians to obtain treatment for animals with serious illnesses or injuries.,without_abstain,0,4,0.0
45-2041.00,"Graders and Sorters, Agricultural Products","Farming, Fishing, and Forestry Occupations","Separate fiber tufts between fingers to assess strength, uniformity, and cohesive quality of fibers.",with_abstain,2,12,0.16666666666666666
45-2041.00,"Graders and Sorters, Agricultural Products","Farming, Fishing, and Forestry Occupations","Separate fiber tufts between fingers to assess strength, uniformity, and cohesive quality of fibers.",without_abstain,1,4,0.25
45-2091.00,Agricultural Equipment Operators,"Farming, Fishing, and Forestry Occupations",Observe and listen to machinery operation to detect equipment malfunctions.,with_abstain,7,12,0.5833333333333334
45-2091.00,Agricultural Equipment Operators,"Farming, Fishing, and Forestry Occupations",Observe and listen to machinery operation to detect equipment malfunctions.,without_abstain,4,4,1.0
45-2092.01,Nursery Workers,"Farming, Fishing, and Forestry Occupations",Inspect plants and bud ties to assess quality.,with_abstain,5,12,0.4166666666666667
45-2092.01,Nursery Workers,"Farming, Fishing, and Forestry Occupations",Inspect plants and bud ties to assess quality.,without_abstain,2,4,0.5
45-2092.02,"Farmworkers and Laborers, Crop","Farming, Fishing, and Forestry Occupations",Harvest fruits and vegetables by hand.,with_abstain,0,12,0.0
45-2092.02,"Farmworkers and Laborers, Crop","Farming, Fishing, and Forestry Occupations",Harvest fruits and vegetables by hand.,without_abstain,2,4,0.5
45-2093.00,"Farmworkers, Farm, Ranch, and Aquacultural Animals","Farming, Fishing, and Forestry Occupations","Provide medical treatment, such as administering medications and vaccinations, or arrange for veterinarians to provide more extensive treatment.",with_abstain,2,12,0.16666666666666666
45-2093.00,"Farmworkers, Farm, Ranch, and Aquacultural Animals","Farming, Fishing, and Forestry Occupations","Provide medical treatment, such as administering medications and vaccinations, or arrange for veterinarians to provide more extensive treatment.",without_abstain,2,4,0.5
45-3011.00,Fishers and Related Fishing Workers,"Farming, Fishing, and Forestry Occupations","Locate fish, using fish-finding equipment.",with_abstain,7,12,0.5833333333333334
45-3011.00,Fishers and Related Fishing Workers,"Farming, Fishing, and Forestry Occupations","Locate fish, using fish-finding equipment.",without_abstain,3,4,0.75
45-3021.00,Hunters and Trappers,"Farming, Fishing, and Forestry Occupations","Scrape fat, blubber, or flesh from skin sides of pelts with knives or hand scrapers.",with_abstain,2,12,0.16666666666666666
45-3021.00,Hunters and Trappers,"Farming, Fishing, and Forestry Occupations","Scrape fat, blubber, or flesh from skin sides of pelts with knives or hand scrapers.",without_abstain,2,4,0.5
45-4011.00,Forest and Conservation Workers,"Farming, Fishing, and Forestry Occupations",Maintain tallies of trees examined and counted during tree marking or measuring efforts.,with_abstain,0,12,0.0
45-4011.00,Forest and Conservation Workers,"Farming, Fishing, and Forestry Occupations",Maintain tallies of trees examined and counted during tree marking or measuring efforts.,without_abstain,3,4,0.75
45-4021.00,Fallers,"Farming, Fishing, and Forestry Occupations",Assess logs after cutting to ensure that the quality and length are correct.,with_abstain,4,12,0.3333333333333333
45-4021.00,Fallers,"Farming, Fishing, and Forestry Occupations",Assess logs after cutting to ensure that the quality and length are correct.,without_abstain,4,4,1.0
45-4022.00,Logging Equipment Operators,"Farming, Fishing, and Forestry Occupations","Grade logs according to characteristics such as knot size and straightness, and according to established industry or company standards.",with_abstain,1,12,0.08333333333333333
45-4022.00,Logging Equipment Operators,"Farming, Fishing, and Forestry Occupations","Grade logs according to characteristics such as knot size and straightness, and according to established industry or company standards.",without_abstain,2,4,0.5
45-4023.00,Log Graders and Scalers,"Farming, Fishing, and Forestry Occupations","Paint identification marks of specified colors on logs to identify grades or species, using spray cans, or call out grades to log markers.",with_abstain,0,12,0.0
45-4023.00,Log Graders and Scalers,"Farming, Fishing, and Forestry Occupations","Paint identification marks of specified colors on logs to identify grades or species, using spray cans, or call out grades to log markers.",without_abstain,2,4,0.5
47-1011.00,First-Line Supervisors of Construction Trades and Extraction Workers,Construction and Extraction Occupations,"Read specifications, such as blueprints, to determine construction requirements or to plan procedures.",with_abstain,8,12,0.6666666666666666
47-1011.00,First-Line Supervisors of Construction Trades and Extraction Workers,Construction and Extraction Occupations,"Read specifications, such as blueprints, to determine construction requirements or to plan procedures.",without_abstain,4,4,1.0
47-1011.03,Solar Energy Installation Managers,Construction and Extraction Occupations,"Monitor work of contractors and subcontractors to ensure projects conform to plans, specifications, schedules, or budgets.",with_abstain,0,12,0.0
47-1011.03,Solar Energy Installation Managers,Construction and Extraction Occupations,"Monitor work of contractors and subcontractors to ensure projects conform to plans, specifications, schedules, or budgets.",without_abstain,0,4,0.0
47-2011.00,Boilermakers,Construction and Extraction Occupations,"Locate and mark reference points for columns or plates on boiler foundations, following blueprints and using straightedges, squares, transits, or measuring instruments.",with_abstain,2,12,0.16666666666666666
47-2011.00,Boilermakers,Construction and Extraction Occupations,"Locate and mark reference points for columns or plates on boiler foundations, following blueprints and using straightedges, squares, transits, or measuring instruments.",without_abstain,3,4,0.75
47-2021.00,Brickmasons and Blockmasons,Construction and Extraction Occupations,"Measure distance from reference points and mark guidelines to lay out work, using plumb bobs and levels.",with_abstain,0,12,0.0
47-2021.00,Brickmasons and Blockmasons,Construction and Extraction Occupations,"Measure distance from reference points and mark guidelines to lay out work, using plumb bobs and levels.",without_abstain,2,4,0.5
47-2022.00,Stonemasons,Construction and Extraction Occupations,"Set vertical and horizontal alignment of structures, using plumb bob, gauge line, and level.",with_abstain,4,12,0.3333333333333333
47-2022.00,Stonemasons,Construction and Extraction Occupations,"Set vertical and horizontal alignment of structures, using plumb bob, gauge line, and level.",without_abstain,2,4,0.5
47-2031.01,Construction Carpenters,Construction and Extraction Occupations,"Shape or cut materials to specified measurements, using hand tools, machines, or power saws.",with_abstain,0,12,0.0
47-2031.01,Construction Carpenters,Construction and Extraction Occupations,"Shape or cut materials to specified measurements, using hand tools, machines, or power saws.",without_abstain,2,4,0.5
47-2031.02,Rough Carpenters,Construction and Extraction Occupations,"Mark cutting lines on materials, using pencil and scriber.",with_abstain,0,12,0.0
47-2031.02,Rough Carpenters,Construction and Extraction Occupations,"Mark cutting lines on materials, using pencil and scriber.",without_abstain,4,4,1.0
47-2041.00,Carpet Installers,Construction and Extraction Occupations,"Inspect the surface to be covered to determine its condition, and correct any imperfections that might show through carpet or cause carpet to wear unevenly.",with_abstain,2,12,0.16666666666666666
47-2041.00,Carpet Installers,Construction and Extraction Occupations,"Inspect the surface to be covered to determine its condition, and correct any imperfections that might show through carpet or cause carpet to wear unevenly.",without_abstain,2,4,0.5
47-2042.00,"Floor Layers, Except Carpet, Wood, and Hard Tiles",Construction and Extraction Occupations,Inspect surface to be covered to ensure that it is firm and dry.,with_abstain,0,12,0.0
47-2042.00,"Floor Layers, Except Carpet, Wood, and Hard Tiles",Construction and Extraction Occupations,Inspect surface to be covered to ensure that it is firm and dry.,without_abstain,2,4,0.5
47-2043.00,Floor Sanders and Finishers,Construction and Extraction Occupations,"Scrape and sand floor edges and areas inaccessible to floor sanders, using scrapers, disk-type sanders, and sandpaper.",with_abstain,1,12,0.08333333333333333
47-2043.00,Floor Sanders and Finishers,Construction and Extraction Occupations,"Scrape and sand floor edges and areas inaccessible to floor sanders, using scrapers, disk-type sanders, and sandpaper.",without_abstain,4,4,1.0
47-2044.00,Tile and Marble Setters,Construction and Extraction Occupations,"Finish and dress the joints and wipe excess grout from between tiles, using damp sponge.",with_abstain,4,12,0.3333333333333333
47-2044.00,Tile and Marble Setters,Construction and Extraction Occupations,"Finish and dress the joints and wipe excess grout from between tiles, using damp sponge.",without_abstain,1,4,0.25
47-2051.00,Cement Masons and Concrete Finishers,Construction and Extraction Occupations,"Produce rough concrete surface, using broom.",with_abstain,6,12,0.5
47-2051.00,Cement Masons and Concrete Finishers,Construction and Extraction Occupations,"Produce rough concrete surface, using broom.",without_abstain,2,4,0.5
47-2053.00,Terrazzo Workers and Finishers,Construction and Extraction Occupations,Cut metal division strips and press them into the terrazzo base for joints or changes of color to form designs or patterns or to help prevent cracks.,with_abstain,0,12,0.0
47-2053.00,Terrazzo Workers and Finishers,Construction and Extraction Occupations,Cut metal division strips and press them into the terrazzo base for joints or changes of color to form designs or patterns or to help prevent cracks.,without_abstain,4,4,1.0
47-2061.00,Construction Laborers,Construction and Extraction Occupations,"Control traffic passing near, in, or around work zones.",with_abstain,3,12,0.25
47-2061.00,Construction Laborers,Construction and Extraction Occupations,"Control traffic passing near, in, or around work zones.",without_abstain,2,4,0.5
47-2071.00,"Paving, Surfacing, and Tamping Equipment Operators",Construction and Extraction Occupations,"Observe distribution of paving material to adjust machine settings or material flow, and indicate low spots for workers to add material.",with_abstain,4,12,0.3333333333333333
47-2071.00,"Paving, Surfacing, and Tamping Equipment Operators",Construction and Extraction Occupations,"Observe distribution of paving material to adjust machine settings or material flow, and indicate low spots for workers to add material.",without_abstain,3,4,0.75
47-2072.00,Pile-Driver Operators,Construction and Extraction Occupations,"Drive pilings to provide support for buildings or other structures, using heavy equipment with a pile driver head.",with_abstain,5,12,0.4166666666666667
47-2072.00,Pile-Driver Operators,Construction and Extraction Occupations,"Drive pilings to provide support for buildings or other structures, using heavy equipment with a pile driver head.",without_abstain,4,4,1.0
47-2073.00,Operating Engineers and Other Construction Equipment Operators,Construction and Extraction Occupations,"Take actions to avoid potential hazards or obstructions, such as utility lines, other equipment, other workers, or falling objects.",with_abstain,12,12,1.0
47-2073.00,Operating Engineers and Other Construction Equipment Operators,Construction and Extraction Occupations,"Take actions to avoid potential hazards or obstructions, such as utility lines, other equipment, other workers, or falling objects.",without_abstain,4,4,1.0
47-2081.00,Drywall and Ceiling Tile Installers,Construction and Extraction Occupations,Hang dry lines to wall moldings to guide positioning of main runners.,with_abstain,1,12,0.08333333333333333
47-2081.00,Drywall and Ceiling Tile Installers,Construction and Extraction Occupations,Hang dry lines to wall moldings to guide positioning of main runners.,without_abstain,2,4,0.5
47-2082.00,Tapers,Construction and Extraction Occupations,Sand or patch nicks or cracks in plasterboard or wallboard.,with_abstain,0,12,0.0
47-2082.00,Tapers,Construction and Extraction Occupations,Sand or patch nicks or cracks in plasterboard or wallboard.,without_abstain,2,4,0.5
47-2111.00,Electricians,Construction and Extraction Occupations,"Connect wires to circuit breakers, transformers, or other components.",with_abstain,2,12,0.16666666666666666
47-2111.00,Electricians,Construction and Extraction Occupations,"Connect wires to circuit breakers, transformers, or other components.",without_abstain,2,4,0.5
47-2121.00,Glaziers,Construction and Extraction Occupations,"Determine plumb of walls or ceilings, using plumb lines and levels.",with_abstain,0,12,0.0
47-2121.00,Glaziers,Construction and Extraction Occupations,"Determine plumb of walls or ceilings, using plumb lines and levels.",without_abstain,2,4,0.5
47-2131.00,"Insulation Workers, Floor, Ceiling, and Wall",Construction and Extraction Occupations,"Distribute insulating materials evenly into small spaces within floors, ceilings, or walls, using blowers and hose attachments, or cement mortars.",with_abstain,0,12,0.0
47-2131.00,"Insulation Workers, Floor, Ceiling, and Wall",Construction and Extraction Occupations,"Distribute insulating materials evenly into small spaces within floors, ceilings, or walls, using blowers and hose attachments, or cement mortars.",without_abstain,2,4,0.5
47-2132.00,"Insulation Workers, Mechanical",Construction and Extraction Occupations,"Determine the amounts and types of insulation needed, and methods of installation, based on factors such as location, surface shape, and equipment use.",with_abstain,6,12,0.5
47-2132.00,"Insulation Workers, Mechanical",Construction and Extraction Occupations,"Determine the amounts and types of insulation needed, and methods of installation, based on factors such as location, surface shape, and equipment use.",without_abstain,2,4,0.5
47-2141.00,"Painters, Construction and Maintenance",Construction and Extraction Occupations,"Smooth surfaces, using sandpaper, scrapers, brushes, steel wool, or sanding machines.",with_abstain,0,12,0.0
47-2141.00,"Painters, Construction and Maintenance",Construction and Extraction Occupations,"Smooth surfaces, using sandpaper, scrapers, brushes, steel wool, or sanding machines.",without_abstain,2,4,0.5
47-2142.00,Paperhangers,Construction and Extraction Occupations,"Check finished wallcoverings for proper alignment, pattern matching, and neatness of seams.",with_abstain,0,12,0.0
47-2142.00,Paperhangers,Construction and Extraction Occupations,"Check finished wallcoverings for proper alignment, pattern matching, and neatness of seams.",without_abstain,0,4,0.0
47-2151.00,Pipelayers,Construction and Extraction Occupations,"Connect pipe pieces and seal joints, using welding equipment, cement, or glue.",with_abstain,0,12,0.0
47-2151.00,Pipelayers,Construction and Extraction Occupations,"Connect pipe pieces and seal joints, using welding equipment, cement, or glue.",without_abstain,3,4,0.75
47-2152.01,Pipe Fitters and Steamfitters,Construction and Extraction Occupations,"Plan pipe system layout, installation, or repair, according to specifications.",with_abstain,0,12,0.0
47-2152.01,Pipe Fitters and Steamfitters,Construction and Extraction Occupations,"Plan pipe system layout, installation, or repair, according to specifications.",without_abstain,2,4,0.5
47-2152.02,Plumbers,Construction and Extraction Occupations,"Assemble pipe sections, tubing, or fittings, using couplings, clamps, screws, bolts, cement, plastic solvent, caulking, or soldering, brazing, or welding equipment.",with_abstain,2,12,0.16666666666666666
47-2152.02,Plumbers,Construction and Extraction Occupations,"Assemble pipe sections, tubing, or fittings, using couplings, clamps, screws, bolts, cement, plastic solvent, caulking, or soldering, brazing, or welding equipment.",without_abstain,3,4,0.75
47-2161.00,Plasterers and Stucco Masons,Construction and Extraction Occupations,"Cover surfaces such as windows, doors, or sidewalks to protect from splashing.",with_abstain,1,12,0.08333333333333333
47-2161.00,Plasterers and Stucco Masons,Construction and Extraction Occupations,"Cover surfaces such as windows, doors, or sidewalks to protect from splashing.",without_abstain,0,4,0.0
47-2171.00,Reinforcing Iron and Rebar Workers,Construction and Extraction Occupations,"Determine quantities, sizes, shapes, and locations of reinforcing rods from blueprints, sketches, or oral instructions.",with_abstain,7,12,0.5833333333333334
47-2171.00,Reinforcing Iron and Rebar Workers,Construction and Extraction Occupations,"Determine quantities, sizes, shapes, and locations of reinforcing rods from blueprints, sketches, or oral instructions.",without_abstain,3,4,0.75
47-2181.00,Roofers,Construction and Extraction Occupations,Inspect problem roofs to determine the best repair procedures.,with_abstain,5,12,0.4166666666666667
47-2181.00,Roofers,Construction and Extraction Occupations,Inspect problem roofs to determine the best repair procedures.,without_abstain,2,4,0.5
47-2211.00,Sheet Metal Workers,Construction and Extraction Occupations,"Lay out, measure, and mark dimensions and reference lines on material such as roofing panels, using calculators, scribes, dividers, squares, or rulers.",with_abstain,3,12,0.25
47-2211.00,Sheet Metal Workers,Construction and Extraction Occupations,"Lay out, measure, and mark dimensions and reference lines on material such as roofing panels, using calculators, scribes, dividers, squares, or rulers.",without_abstain,4,4,1.0
47-2221.00,Structural Iron and Steel Workers,Construction and Extraction Occupations,"Verify vertical and horizontal alignment of structural steel members, using plumb bobs, laser equipment, transits, or levels.",with_abstain,0,12,0.0
47-2221.00,Structural Iron and Steel Workers,Construction and Extraction Occupations,"Verify vertical and horizontal alignment of structural steel members, using plumb bobs, laser equipment, transits, or levels.",without_abstain,3,4,0.75
47-2231.00,Solar Photovoltaic Installers,Construction and Extraction Occupations,"Install photovoltaic (PV) systems in accordance with codes and standards using drawings, schematics, and instructions.",with_abstain,0,12,0.0
47-2231.00,Solar Photovoltaic Installers,Construction and Extraction Occupations,"Install photovoltaic (PV) systems in accordance with codes and standards using drawings, schematics, and instructions.",without_abstain,2,4,0.5
47-3011.00,"Helpers--Brickmasons, Blockmasons, Stonemasons, and Tile and Marble Setters",Construction and Extraction Occupations,"Modify material moving, mixing, grouting, grinding, polishing, or cleaning procedures, according to installation or material requirements.",with_abstain,5,12,0.4166666666666667
47-3011.00,"Helpers--Brickmasons, Blockmasons, Stonemasons, and Tile and Marble Setters",Construction and Extraction Occupations,"Modify material moving, mixing, grouting, grinding, polishing, or cleaning procedures, according to installation or material requirements.",without_abstain,2,4,0.5
47-3012.00,Helpers--Carpenters,Construction and Extraction Occupations,"Cut timbers, lumber, or paneling to specified dimensions.",with_abstain,0,12,0.0
47-3012.00,Helpers--Carpenters,Construction and Extraction Occupations,"Cut timbers, lumber, or paneling to specified dimensions.",without_abstain,3,4,0.75
47-3013.00,Helpers--Electricians,Construction and Extraction Occupations,"Trace out short circuits in wiring, using test meter.",with_abstain,7,12,0.5833333333333334
47-3013.00,Helpers--Electricians,Construction and Extraction Occupations,"Trace out short circuits in wiring, using test meter.",without_abstain,2,4,0.5
47-3014.00,"Helpers--Painters, Paperhangers, Plasterers, and Stucco Masons",Construction and Extraction Occupations,"Apply protective coverings, such as masking tape, to articles or areas that could be damaged or stained by work processes.",with_abstain,0,12,0.0
47-3014.00,"Helpers--Painters, Paperhangers, Plasterers, and Stucco Masons",Construction and Extraction Occupations,"Apply protective coverings, such as masking tape, to articles or areas that could be damaged or stained by work processes.",without_abstain,2,4,0.5
47-3015.00,"Helpers--Pipelayers, Plumbers, Pipefitters, and Steamfitters",Construction and Extraction Occupations,"Fit or assist in fitting valves, couplings, or assemblies to tanks, pumps, or systems, using hand tools.",with_abstain,2,12,0.16666666666666666
47-3015.00,"Helpers--Pipelayers, Plumbers, Pipefitters, and Steamfitters",Construction and Extraction Occupations,"Fit or assist in fitting valves, couplings, or assemblies to tanks, pumps, or systems, using hand tools.",without_abstain,2,4,0.5
47-3016.00,Helpers--Roofers,Construction and Extraction Occupations,Locate worn or torn areas in roofs.,with_abstain,2,12,0.16666666666666666
47-3016.00,Helpers--Roofers,Construction and Extraction Occupations,Locate worn or torn areas in roofs.,without_abstain,2,4,0.5
47-4011.00,Construction and Building Inspectors,Construction and Extraction Occupations,"Monitor installation of plumbing, wiring, equipment, or appliances to ensure that installation is performed properly and is in compliance with applicable regulations.",with_abstain,0,12,0.0
47-4011.00,Construction and Building Inspectors,Construction and Extraction Occupations,"Monitor installation of plumbing, wiring, equipment, or appliances to ensure that installation is performed properly and is in compliance with applicable regulations.",without_abstain,2,4,0.5
47-4021.00,Elevator Installers and Repairers,Construction and Extraction Occupations,"Adjust safety controls, counterweights, door mechanisms, and components such as valves, ratchets, seals, and brake linings.",with_abstain,2,12,0.16666666666666666
47-4021.00,Elevator Installers and Repairers,Construction and Extraction Occupations,"Adjust safety controls, counterweights, door mechanisms, and components such as valves, ratchets, seals, and brake linings.",without_abstain,1,4,0.25
47-4031.00,Fence Erectors,Construction and Extraction Occupations,"Discuss fencing needs with customers, and estimate and quote prices.",with_abstain,1,12,0.08333333333333333
47-4031.00,Fence Erectors,Construction and Extraction Occupations,"Discuss fencing needs with customers, and estimate and quote prices.",without_abstain,3,4,0.75
47-4041.00,Hazardous Materials Removal Workers,Construction and Extraction Occupations,Prepare hazardous material for removal or storage.,with_abstain,0,12,0.0
47-4041.00,Hazardous Materials Removal Workers,Construction and Extraction Occupations,Prepare hazardous material for removal or storage.,without_abstain,2,4,0.5
47-4051.00,Highway Maintenance Workers,Construction and Extraction Occupations,Set out signs and cones around work areas to divert traffic.,with_abstain,0,12,0.0
47-4051.00,Highway Maintenance Workers,Construction and Extraction Occupations,Set out signs and cones around work areas to divert traffic.,without_abstain,3,4,0.75
47-4061.00,Rail-Track Laying and Maintenance Equipment Operators,Construction and Extraction Occupations,Operate track-wrench machines to tighten or loosen bolts at joints that hold ends of rails together.,with_abstain,8,12,0.6666666666666666
47-4061.00,Rail-Track Laying and Maintenance Equipment Operators,Construction and Extraction Occupations,Operate track-wrench machines to tighten or loosen bolts at joints that hold ends of rails together.,without_abstain,4,4,1.0
47-4071.00,Septic Tank Servicers and Sewer Pipe Cleaners,Construction and Extraction Occupations,Ensure that repaired sewer line joints are tightly sealed before backfilling begins.,with_abstain,0,12,0.0
47-4071.00,Septic Tank Servicers and Sewer Pipe Cleaners,Construction and Extraction Occupations,Ensure that repaired sewer line joints are tightly sealed before backfilling begins.,without_abstain,2,4,0.5
47-4091.00,Segmental Pavers,Construction and Extraction Occupations,Discuss the design with the client.,with_abstain,6,12,0.5
47-4091.00,Segmental Pavers,Construction and Extraction Occupations,Discuss the design with the client.,without_abstain,3,4,0.75
47-4099.02,Solar Thermal Installers and Technicians,Construction and Extraction Occupations,"Identify plumbing, electrical, environmental, or safety hazards associated with solar thermal installations.",with_abstain,4,12,0.3333333333333333
47-4099.02,Solar Thermal Installers and Technicians,Construction and Extraction Occupations,"Identify plumbing, electrical, environmental, or safety hazards associated with solar thermal installations.",without_abstain,2,4,0.5
47-4099.03,Weatherization Installers and Technicians,Construction and Extraction Occupations,"Test and diagnose air flow systems, using furnace efficiency analysis equipment.",with_abstain,4,12,0.3333333333333333
47-4099.03,Weatherization Installers and Technicians,Construction and Extraction Occupations,"Test and diagnose air flow systems, using furnace efficiency analysis equipment.",without_abstain,3,4,0.75
47-5011.00,"Derrick Operators, Oil and Gas",Construction and Extraction Occupations,Listen to mud pumps and check regularly for vibration and other problems to ensure that rig pumps and drilling mud systems are working properly.,with_abstain,4,12,0.3333333333333333
47-5011.00,"Derrick Operators, Oil and Gas",Construction and Extraction Occupations,Listen to mud pumps and check regularly for vibration and other problems to ensure that rig pumps and drilling mud systems are working properly.,without_abstain,4,4,1.0
47-5012.00,"Rotary Drill Operators, Oil and Gas",Construction and Extraction Occupations,"Observe pressure gauge and move throttles and levers to control the speed of rotary tables, and to regulate pressure of tools at bottoms of boreholes.",with_abstain,4,12,0.3333333333333333
47-5012.00,"Rotary Drill Operators, Oil and Gas",Construction and Extraction Occupations,"Observe pressure gauge and move throttles and levers to control the speed of rotary tables, and to regulate pressure of tools at bottoms of boreholes.",without_abstain,2,4,0.5
47-5013.00,"Service Unit Operators, Oil, Gas, and Mining",Construction and Extraction Occupations,Confer with others to gather information regarding pipe or tool sizes or borehole conditions in wells.,with_abstain,9,12,0.75
47-5013.00,"Service Unit Operators, Oil, Gas, and Mining",Construction and Extraction Occupations,Confer with others to gather information regarding pipe or tool sizes or borehole conditions in wells.,without_abstain,3,4,0.75
47-5021.00,"Earth Drillers, Except Oil and Gas",Construction and Extraction Occupations,"Monitor drilling operations, checking gauges and listening to equipment to assess drilling conditions and to determine the need to adjust drilling or alter equipment.",with_abstain,4,12,0.3333333333333333
47-5021.00,"Earth Drillers, Except Oil and Gas",Construction and Extraction Occupations,"Monitor drilling operations, checking gauges and listening to equipment to assess drilling conditions and to determine the need to adjust drilling or alter equipment.",without_abstain,2,4,0.5
47-5031.00,"Explosives Workers, Ordnance Handling Experts, and Blasters",Construction and Extraction Occupations,"Place safety cones around blast areas to alert other workers of danger zones, and signal workers as necessary to ensure that they clear blast sites prior to explosions.",with_abstain,2,12,0.16666666666666666
47-5031.00,"Explosives Workers, Ordnance Handling Experts, and Blasters",Construction and Extraction Occupations,"Place safety cones around blast areas to alert other workers of danger zones, and signal workers as necessary to ensure that they clear blast sites prior to explosions.",without_abstain,1,4,0.25
47-5041.00,Continuous Mining Machine Operators,Construction and Extraction Occupations,"Determine locations, boundaries, and depths of holes or channels to be cut.",with_abstain,9,12,0.75
47-5041.00,Continuous Mining Machine Operators,Construction and Extraction Occupations,"Determine locations, boundaries, and depths of holes or channels to be cut.",without_abstain,3,4,0.75
47-5042.00,Mine Cutting and Channeling Machine Operators,Construction and Extraction Occupations,Cut entries between rooms and haulage ways.,with_abstain,5,12,0.4166666666666667
47-5042.00,Mine Cutting and Channeling Machine Operators,Construction and Extraction Occupations,Cut entries between rooms and haulage ways.,without_abstain,4,4,1.0
47-5051.00,"Rock Splitters, Quarry",Construction and Extraction Occupations,"Mark dimensions or outlines on stone prior to cutting, using rules and chalk lines.",with_abstain,0,12,0.0
47-5051.00,"Rock Splitters, Quarry",Construction and Extraction Occupations,"Mark dimensions or outlines on stone prior to cutting, using rules and chalk lines.",without_abstain,2,4,0.5
47-5061.00,"Roof Bolters, Mining",Construction and Extraction Occupations,"Test bolts for specified tension, using torque wrenches.",with_abstain,2,12,0.16666666666666666
47-5061.00,"Roof Bolters, Mining",Construction and Extraction Occupations,"Test bolts for specified tension, using torque wrenches.",without_abstain,3,4,0.75
47-5071.00,"Roustabouts, Oil and Gas",Construction and Extraction Occupations,Bolt together pump and engine parts.,with_abstain,0,12,0.0
47-5071.00,"Roustabouts, Oil and Gas",Construction and Extraction Occupations,Bolt together pump and engine parts.,without_abstain,4,4,1.0
47-5081.00,Helpers--Extraction Workers,Construction and Extraction Occupations,Organize materials to prepare for use.,with_abstain,0,12,0.0
47-5081.00,Helpers--Extraction Workers,Construction and Extraction Occupations,Organize materials to prepare for use.,without_abstain,3,4,0.75
49-1011.00,"First-Line Supervisors of Mechanics, Installers, and Repairers","Installation, Maintenance, and Repair Occupations","Requisition materials and supplies, such as tools, equipment, or replacement parts.",with_abstain,0,12,0.0
49-1011.00,"First-Line Supervisors of Mechanics, Installers, and Repairers","Installation, Maintenance, and Repair Occupations","Requisition materials and supplies, such as tools, equipment, or replacement parts.",without_abstain,3,4,0.75
49-2011.00,"Computer, Automated Teller, and Office Machine Repairers","Installation, Maintenance, and Repair Occupations","Align, adjust, or calibrate equipment according to specifications.",with_abstain,0,12,0.0
49-2011.00,"Computer, Automated Teller, and Office Machine Repairers","Installation, Maintenance, and Repair Occupations","Align, adjust, or calibrate equipment according to specifications.",without_abstain,3,4,0.75
49-2021.00,"Radio, Cellular, and Tower Equipment Installers and Repairers","Installation, Maintenance, and Repair Occupations","Run appropriate power, ground, or coaxial cables.",with_abstain,0,12,0.0
49-2021.00,"Radio, Cellular, and Tower Equipment Installers and Repairers","Installation, Maintenance, and Repair Occupations","Run appropriate power, ground, or coaxial cables.",without_abstain,3,4,0.75
49-2021.01,Radio Mechanics,"Installation, Maintenance, and Repair Occupations","Calibrate and align components, using scales, gauges, and other measuring instruments.",with_abstain,3,12,0.25
49-2021.01,Radio Mechanics,"Installation, Maintenance, and Repair Occupations","Calibrate and align components, using scales, gauges, and other measuring instruments.",without_abstain,2,4,0.5
49-2022.00,"Telecommunications Equipment Installers and Repairers, Except Line Installers","Installation, Maintenance, and Repair Occupations",Note differences in wire and cable colors so that work can be performed correctly.,with_abstain,2,12,0.16666666666666666
49-2022.00,"Telecommunications Equipment Installers and Repairers, Except Line Installers","Installation, Maintenance, and Repair Occupations",Note differences in wire and cable colors so that work can be performed correctly.,without_abstain,2,4,0.5
49-2091.00,Avionics Technicians,"Installation, Maintenance, and Repair Occupations","Test and troubleshoot instruments, components, and assemblies, using circuit testers, oscilloscopes, or voltmeters.",with_abstain,2,12,0.16666666666666666
49-2091.00,Avionics Technicians,"Installation, Maintenance, and Repair Occupations","Test and troubleshoot instruments, components, and assemblies, using circuit testers, oscilloscopes, or voltmeters.",without_abstain,2,4,0.5
49-2092.00,"Electric Motor, Power Tool, and Related Repairers","Installation, Maintenance, and Repair Occupations","Reassemble repaired electric motors to specified requirements and ratings, using hand tools and electrical meters.",with_abstain,0,12,0.0
49-2092.00,"Electric Motor, Power Tool, and Related Repairers","Installation, Maintenance, and Repair Occupations","Reassemble repaired electric motors to specified requirements and ratings, using hand tools and electrical meters.",without_abstain,2,4,0.5
49-2093.00,"Electrical and Electronics Installers and Repairers, Transportation Equipment","Installation, Maintenance, and Repair Occupations",Reassemble and test equipment after repairs.,with_abstain,0,12,0.0
49-2093.00,"Electrical and Electronics Installers and Repairers, Transportation Equipment","Installation, Maintenance, and Repair Occupations",Reassemble and test equipment after repairs.,without_abstain,3,4,0.75
49-2094.00,"Electrical and Electronics Repairers, Commercial and Industrial Equipment","Installation, Maintenance, and Repair Occupations","Perform scheduled preventive maintenance tasks, such as checking, cleaning, or repairing equipment, to detect and prevent problems.",with_abstain,0,12,0.0
49-2094.00,"Electrical and Electronics Repairers, Commercial and Industrial Equipment","Installation, Maintenance, and Repair Occupations","Perform scheduled preventive maintenance tasks, such as checking, cleaning, or repairing equipment, to detect and prevent problems.",without_abstain,2,4,0.5
49-2095.00,"Electrical and Electronics Repairers, Powerhouse, Substation, and Relay","Installation, Maintenance, and Repair Occupations",Notify facility personnel of equipment shutdowns.,with_abstain,0,12,0.0
49-2095.00,"Electrical and Electronics Repairers, Powerhouse, Substation, and Relay","Installation, Maintenance, and Repair Occupations",Notify facility personnel of equipment shutdowns.,without_abstain,2,4,0.5
49-2096.00,"Electronic Equipment Installers and Repairers, Motor Vehicles","Installation, Maintenance, and Repair Occupations",Estimate costs of repairs based on parts and labor charges.,with_abstain,0,12,0.0
49-2096.00,"Electronic Equipment Installers and Repairers, Motor Vehicles","Installation, Maintenance, and Repair Occupations",Estimate costs of repairs based on parts and labor charges.,without_abstain,2,4,0.5
49-2097.00,Electronic Home Entertainment Equipment Installers and Repairers,"Installation, Maintenance, and Repair Occupations",Instruct customers on the safe and proper use of equipment.,with_abstain,6,12,0.5
49-2097.00,Electronic Home Entertainment Equipment Installers and Repairers,"Installation, Maintenance, and Repair Occupations",Instruct customers on the safe and proper use of equipment.,without_abstain,2,4,0.5
49-2098.00,Security and Fire Alarm Systems Installers,"Installation, Maintenance, and Repair Occupations","Test and repair circuits and sensors, following wiring and system specifications.",with_abstain,0,12,0.0
49-2098.00,Security and Fire Alarm Systems Installers,"Installation, Maintenance, and Repair Occupations","Test and repair circuits and sensors, following wiring and system specifications.",without_abstain,4,4,1.0
49-3011.00,Aircraft Mechanics and Service Technicians,"Installation, Maintenance, and Repair Occupations","Maintain repair logs, documenting all preventive and corrective aircraft maintenance.",with_abstain,4,12,0.3333333333333333
49-3011.00,Aircraft Mechanics and Service Technicians,"Installation, Maintenance, and Repair Occupations","Maintain repair logs, documenting all preventive and corrective aircraft maintenance.",without_abstain,4,4,1.0
49-3021.00,Automotive Body and Related Repairers,"Installation, Maintenance, and Repair Occupations","Review damage reports, prepare or review repair cost estimates, and plan work to be performed.",with_abstain,2,12,0.16666666666666666
49-3021.00,Automotive Body and Related Repairers,"Installation, Maintenance, and Repair Occupations","Review damage reports, prepare or review repair cost estimates, and plan work to be performed.",without_abstain,2,4,0.5
49-3022.00,Automotive Glass Installers and Repairers,"Installation, Maintenance, and Repair Occupations",Prime all scratches on pinchwelds with primer and allow to dry.,with_abstain,0,12,0.0
49-3022.00,Automotive Glass Installers and Repairers,"Installation, Maintenance, and Repair Occupations",Prime all scratches on pinchwelds with primer and allow to dry.,without_abstain,2,4,0.5
49-3023.01,Automotive Master Mechanics,"Installation, Maintenance, and Repair Occupations",Examine vehicles to determine extent of damage or malfunctions.,with_abstain,1,12,0.08333333333333333
49-3023.01,Automotive Master Mechanics,"Installation, Maintenance, and Repair Occupations",Examine vehicles to determine extent of damage or malfunctions.,without_abstain,2,4,0.5
49-3023.02,Automotive Specialty Technicians,"Installation, Maintenance, and Repair Occupations","Troubleshoot fuel, ignition, and emissions control systems, using electronic testing equipment.",with_abstain,6,12,0.5
49-3023.02,Automotive Specialty Technicians,"Installation, Maintenance, and Repair Occupations","Troubleshoot fuel, ignition, and emissions control systems, using electronic testing equipment.",without_abstain,2,4,0.5
49-3031.00,Bus and Truck Mechanics and Diesel Engine Specialists,"Installation, Maintenance, and Repair Occupations","Inspect brake systems, steering mechanisms, wheel bearings, and other important parts to ensure that they are in proper operating condition.",with_abstain,2,12,0.16666666666666666
49-3031.00,Bus and Truck Mechanics and Diesel Engine Specialists,"Installation, Maintenance, and Repair Occupations","Inspect brake systems, steering mechanisms, wheel bearings, and other important parts to ensure that they are in proper operating condition.",without_abstain,2,4,0.5
49-3041.00,Farm Equipment Mechanics and Service Technicians,"Installation, Maintenance, and Repair Occupations","Test and replace electrical components and wiring, using test meters, soldering equipment, and hand tools.",with_abstain,5,12,0.4166666666666667
49-3041.00,Farm Equipment Mechanics and Service Technicians,"Installation, Maintenance, and Repair Occupations","Test and replace electrical components and wiring, using test meters, soldering equipment, and hand tools.",without_abstain,2,4,0.5
49-3042.00,"Mobile Heavy Equipment Mechanics, Except Engines","Installation, Maintenance, and Repair Occupations",Test mechanical products and equipment after repair or assembly to ensure proper performance and compliance with manufacturers' specifications.,with_abstain,0,12,0.0
49-3042.00,"Mobile Heavy Equipment Mechanics, Except Engines","Installation, Maintenance, and Repair Occupations",Test mechanical products and equipment after repair or assembly to ensure proper performance and compliance with manufacturers' specifications.,without_abstain,4,4,1.0
49-3043.00,Rail Car Repairers,"Installation, Maintenance, and Repair Occupations",Inspect the interior and exterior of rail cars coming into rail yards to identify defects and to determine the extent of wear and damage.,with_abstain,0,12,0.0
49-3043.00,Rail Car Repairers,"Installation, Maintenance, and Repair Occupations",Inspect the interior and exterior of rail cars coming into rail yards to identify defects and to determine the extent of wear and damage.,without_abstain,2,4,0.5
49-3051.00,Motorboat Mechanics and Service Technicians,"Installation, Maintenance, and Repair Occupations","Replace parts, such as gears, magneto points, piston rings, or spark plugs, and reassemble engines.",with_abstain,0,12,0.0
49-3051.00,Motorboat Mechanics and Service Technicians,"Installation, Maintenance, and Repair Occupations","Replace parts, such as gears, magneto points, piston rings, or spark plugs, and reassemble engines.",without_abstain,2,4,0.5
49-3052.00,Motorcycle Mechanics,"Installation, Maintenance, and Repair Occupations","Listen to engines, examine vehicle frames, or confer with customers to determine nature and extent of malfunction or damage.",with_abstain,5,12,0.4166666666666667
49-3052.00,Motorcycle Mechanics,"Installation, Maintenance, and Repair Occupations","Listen to engines, examine vehicle frames, or confer with customers to determine nature and extent of malfunction or damage.",without_abstain,2,4,0.5
49-3053.00,Outdoor Power Equipment and Other Small Engine Mechanics,"Installation, Maintenance, and Repair Occupations","Adjust points, valves, carburetors, distributors, and spark plug gaps, using feeler gauges.",with_abstain,2,12,0.16666666666666666
49-3053.00,Outdoor Power Equipment and Other Small Engine Mechanics,"Installation, Maintenance, and Repair Occupations","Adjust points, valves, carburetors, distributors, and spark plug gaps, using feeler gauges.",without_abstain,2,4,0.5
49-3091.00,Bicycle Repairers,"Installation, Maintenance, and Repair Occupations","Disassemble axles to repair, adjust, and replace defective parts, using hand tools.",with_abstain,4,12,0.3333333333333333
49-3091.00,Bicycle Repairers,"Installation, Maintenance, and Repair Occupations","Disassemble axles to repair, adjust, and replace defective parts, using hand tools.",without_abstain,4,4,1.0
49-3092.00,Recreational Vehicle Service Technicians,"Installation, Maintenance, and Repair Occupations",Explain proper operation of vehicle systems to customers.,with_abstain,4,12,0.3333333333333333
49-3092.00,Recreational Vehicle Service Technicians,"Installation, Maintenance, and Repair Occupations",Explain proper operation of vehicle systems to customers.,without_abstain,2,4,0.5
49-3093.00,Tire Repairers and Changers,"Installation, Maintenance, and Repair Occupations",Replace valve stems and remove puncturing objects.,with_abstain,0,12,0.0
49-3093.00,Tire Repairers and Changers,"Installation, Maintenance, and Repair Occupations",Replace valve stems and remove puncturing objects.,without_abstain,2,4,0.5
49-9011.00,Mechanical Door Repairers,"Installation, Maintenance, and Repair Occupations","Repair or replace worn or broken door parts, using hand tools.",with_abstain,0,12,0.0
49-9011.00,Mechanical Door Repairers,"Installation, Maintenance, and Repair Occupations","Repair or replace worn or broken door parts, using hand tools.",without_abstain,2,4,0.5
49-9012.00,"Control and Valve Installers and Repairers, Except Mechanical Door","Installation, Maintenance, and Repair Occupations",Turn meters on or off to establish or close service.,with_abstain,0,12,0.0
49-9012.00,"Control and Valve Installers and Repairers, Except Mechanical Door","Installation, Maintenance, and Repair Occupations",Turn meters on or off to establish or close service.,without_abstain,2,4,0.5
49-9021.01,Heating and Air Conditioning Mechanics and Installers,"Installation, Maintenance, and Repair Occupations","Install, connect, or adjust thermostats, humidistats, or timers.",with_abstain,0,12,0.0
49-9021.01,Heating and Air Conditioning Mechanics and Installers,"Installation, Maintenance, and Repair Occupations","Install, connect, or adjust thermostats, humidistats, or timers.",without_abstain,1,4,0.25
49-9021.02,Refrigeration Mechanics and Installers,"Installation, Maintenance, and Repair Occupations","Test lines, components, and connections for leaks.",with_abstain,3,12,0.25
49-9021.02,Refrigeration Mechanics and Installers,"Installation, Maintenance, and Repair Occupations","Test lines, components, and connections for leaks.",without_abstain,2,4,0.5
49-9031.00,Home Appliance Repairers,"Installation, Maintenance, and Repair Occupations",Disassemble appliances so that problems can be diagnosed and repairs can be made.,with_abstain,0,12,0.0
49-9031.00,Home Appliance Repairers,"Installation, Maintenance, and Repair Occupations",Disassemble appliances so that problems can be diagnosed and repairs can be made.,without_abstain,2,4,0.5
49-9041.00,Industrial Machinery Mechanics,"Installation, Maintenance, and Repair Occupations",Repair or replace broken or malfunctioning components of machinery or equipment.,with_abstain,2,12,0.16666666666666666
49-9041.00,Industrial Machinery Mechanics,"Installation, Maintenance, and Repair Occupations",Repair or replace broken or malfunctioning components of machinery or equipment.,without_abstain,2,4,0.5
49-9043.00,"Maintenance Workers, Machinery","Installation, Maintenance, and Repair Occupations",Reassemble machines after the completion of repair or maintenance work.,with_abstain,0,12,0.0
49-9043.00,"Maintenance Workers, Machinery","Installation, Maintenance, and Repair Occupations",Reassemble machines after the completion of repair or maintenance work.,without_abstain,2,4,0.5
49-9044.00,Millwrights,"Installation, Maintenance, and Repair Occupations","Signal crane operator to lower basic assembly units to bedplate, and align unit to centerline.",with_abstain,6,12,0.5
49-9044.00,Millwrights,"Installation, Maintenance, and Repair Occupations","Signal crane operator to lower basic assembly units to bedplate, and align unit to centerline.",without_abstain,3,4,0.75
49-9045.00,"Refractory Materials Repairers, Except Brickmasons","Installation, Maintenance, and Repair Occupations","Tighten locknuts holding refractory stopper assemblies together, spread mortar on jackets to seal sleeve joints, and dry mortar in ovens.",with_abstain,0,12,0.0
49-9045.00,"Refractory Materials Repairers, Except Brickmasons","Installation, Maintenance, and Repair Occupations","Tighten locknuts holding refractory stopper assemblies together, spread mortar on jackets to seal sleeve joints, and dry mortar in ovens.",without_abstain,2,4,0.5
49-9051.00,Electrical Power-Line Installers and Repairers,"Installation, Maintenance, and Repair Occupations","Test conductors, according to electrical diagrams and specifications, to identify corresponding conductors and to prevent incorrect connections.",with_abstain,1,12,0.08333333333333333
49-9051.00,Electrical Power-Line Installers and Repairers,"Installation, Maintenance, and Repair Occupations","Test conductors, according to electrical diagrams and specifications, to identify corresponding conductors and to prevent incorrect connections.",without_abstain,2,4,0.5
49-9052.00,Telecommunications Line Installers and Repairers,"Installation, Maintenance, and Repair Occupations","Set up service for customers, installing, connecting, testing, or adjusting equipment.",with_abstain,0,12,0.0
49-9052.00,Telecommunications Line Installers and Repairers,"Installation, Maintenance, and Repair Occupations","Set up service for customers, installing, connecting, testing, or adjusting equipment.",without_abstain,2,4,0.5
49-9061.00,Camera and Photographic Equipment Repairers,"Installation, Maintenance, and Repair Occupations","Calibrate and verify accuracy of light meters, shutter diaphragm operation, or lens carriers, using timing instruments.",with_abstain,0,12,0.0
49-9061.00,Camera and Photographic Equipment Repairers,"Installation, Maintenance, and Repair Occupations","Calibrate and verify accuracy of light meters, shutter diaphragm operation, or lens carriers, using timing instruments.",without_abstain,1,4,0.25
49-9062.00,Medical Equipment Repairers,"Installation, Maintenance, and Repair Occupations","Test or calibrate components or equipment, following manufacturers' manuals and troubleshooting techniques, using hand tools, power tools, or measuring devices.",with_abstain,2,12,0.16666666666666666
49-9062.00,Medical Equipment Repairers,"Installation, Maintenance, and Repair Occupations","Test or calibrate components or equipment, following manufacturers' manuals and troubleshooting techniques, using hand tools, power tools, or measuring devices.",without_abstain,2,4,0.5
49-9063.00,Musical Instrument Repairers and Tuners,"Installation, Maintenance, and Repair Occupations","Repair cracks in wood or metal instruments, using pinning wire, lathes, fillers, clamps, or soldering irons.",with_abstain,3,12,0.25
49-9063.00,Musical Instrument Repairers and Tuners,"Installation, Maintenance, and Repair Occupations","Repair cracks in wood or metal instruments, using pinning wire, lathes, fillers, clamps, or soldering irons.",without_abstain,2,4,0.5
49-9064.00,Watch Repairers,"Installation, Maintenance, and Repair Occupations",Oil moving parts of timepieces.,with_abstain,1,12,0.08333333333333333
49-9064.00,Watch Repairers,"Installation, Maintenance, and Repair Occupations",Oil moving parts of timepieces.,without_abstain,1,4,0.25
49-9071.00,"Maintenance and Repair Workers, General","Installation, Maintenance, and Repair Occupations","Perform routine maintenance, such as inspecting drives, motors, or belts, checking fluid levels, replacing filters, or doing other preventive maintenance actions.",with_abstain,1,12,0.08333333333333333
49-9071.00,"Maintenance and Repair Workers, General","Installation, Maintenance, and Repair Occupations","Perform routine maintenance, such as inspecting drives, motors, or belts, checking fluid levels, replacing filters, or doing other preventive maintenance actions.",without_abstain,4,4,1.0
49-9081.00,Wind Turbine Service Technicians,"Installation, Maintenance, and Repair Occupations",Start or restart wind turbine generator systems to ensure proper operations.,with_abstain,0,12,0.0
49-9081.00,Wind Turbine Service Technicians,"Installation, Maintenance, and Repair Occupations",Start or restart wind turbine generator systems to ensure proper operations.,without_abstain,3,4,0.75
49-9091.00,"Coin, Vending, and Amusement Machine Servicers and Repairers","Installation, Maintenance, and Repair Occupations","Collect coins and bills from machines, prepare invoices, and settle accounts with concessionaires.",with_abstain,0,12,0.0
49-9091.00,"Coin, Vending, and Amusement Machine Servicers and Repairers","Installation, Maintenance, and Repair Occupations","Collect coins and bills from machines, prepare invoices, and settle accounts with concessionaires.",without_abstain,2,4,0.5
49-9092.00,Commercial Divers,"Installation, Maintenance, and Repair Occupations","Communicate with workers on the surface while underwater, using signal lines or telephones.",with_abstain,0,12,0.0
49-9092.00,Commercial Divers,"Installation, Maintenance, and Repair Occupations","Communicate with workers on the surface while underwater, using signal lines or telephones.",without_abstain,2,4,0.5
49-9093.00,"Fabric Menders, Except Garment","Installation, Maintenance, and Repair Occupations","Stamp grommets into canvas, using mallets and punches or eyelet machines.",with_abstain,7,12,0.5833333333333334
49-9093.00,"Fabric Menders, Except Garment","Installation, Maintenance, and Repair Occupations","Stamp grommets into canvas, using mallets and punches or eyelet machines.",without_abstain,2,4,0.5
49-9094.00,Locksmiths and Safe Repairers,"Installation, Maintenance, and Repair Occupations",Insert new or repaired tumblers into locks to change combinations.,with_abstain,1,12,0.08333333333333333
49-9094.00,Locksmiths and Safe Repairers,"Installation, Maintenance, and Repair Occupations",Insert new or repaired tumblers into locks to change combinations.,without_abstain,2,4,0.5
49-9095.00,Manufactured Building and Mobile Home Installers,"Installation, Maintenance, and Repair Occupations","Connect water hoses to inlet pipes of plumbing systems, and test operation of plumbing fixtures.",with_abstain,0,12,0.0
49-9095.00,Manufactured Building and Mobile Home Installers,"Installation, Maintenance, and Repair Occupations","Connect water hoses to inlet pipes of plumbing systems, and test operation of plumbing fixtures.",without_abstain,2,4,0.5
49-9096.00,Riggers,"Installation, Maintenance, and Repair Occupations",Test rigging to ensure safety and reliability.,with_abstain,6,12,0.5
49-9096.00,Riggers,"Installation, Maintenance, and Repair Occupations",Test rigging to ensure safety and reliability.,without_abstain,2,4,0.5
49-9097.00,Signal and Track Switch Repairers,"Installation, Maintenance, and Repair Occupations",Inspect electrical units of railroad grade crossing gates and repair loose bolts and defective electrical connections and parts.,with_abstain,5,12,0.4166666666666667
49-9097.00,Signal and Track Switch Repairers,"Installation, Maintenance, and Repair Occupations",Inspect electrical units of railroad grade crossing gates and repair loose bolts and defective electrical connections and parts.,without_abstain,2,4,0.5
49-9098.00,"Helpers--Installation, Maintenance, and Repair Workers","Installation, Maintenance, and Repair Occupations","Examine and test machinery, equipment, components, and parts for defects to ensure proper functioning.",with_abstain,0,12,0.0
49-9098.00,"Helpers--Installation, Maintenance, and Repair Workers","Installation, Maintenance, and Repair Occupations","Examine and test machinery, equipment, components, and parts for defects to ensure proper functioning.",without_abstain,3,4,0.75
49-9099.01,Geothermal Technicians,"Installation, Maintenance, and Repair Occupations",Adjust power production systems to meet load and distribution demands.,with_abstain,5,12,0.4166666666666667
49-9099.01,Geothermal Technicians,"Installation, Maintenance, and Repair Occupations",Adjust power production systems to meet load and distribution demands.,without_abstain,3,4,0.75
51-1011.00,First-Line Supervisors of Production and Operating Workers,Production Occupations,Confer with other supervisors to coordinate operations and activities within or between departments.,with_abstain,1,12,0.08333333333333333
51-1011.00,First-Line Supervisors of Production and Operating Workers,Production Occupations,Confer with other supervisors to coordinate operations and activities within or between departments.,without_abstain,2,4,0.5
51-2011.00,"Aircraft Structure, Surfaces, Rigging, and Systems Assemblers",Production Occupations,"Attach brackets, hinges, or clips to secure or support components or subassemblies, using bolts, screws, rivets, chemical bonding, or welding.",with_abstain,8,12,0.6666666666666666
51-2011.00,"Aircraft Structure, Surfaces, Rigging, and Systems Assemblers",Production Occupations,"Attach brackets, hinges, or clips to secure or support components or subassemblies, using bolts, screws, rivets, chemical bonding, or welding.",without_abstain,4,4,1.0
51-2021.00,"Coil Winders, Tapers, and Finishers",Production Occupations,"Cut, strip, and bend wire leads at ends of coils, using pliers and wire scrapers.",with_abstain,0,12,0.0
51-2021.00,"Coil Winders, Tapers, and Finishers",Production Occupations,"Cut, strip, and bend wire leads at ends of coils, using pliers and wire scrapers.",without_abstain,2,4,0.5
51-2022.00,Electrical and Electronic Equipment Assemblers,Production Occupations,Explain assembly procedures or techniques to other workers.,with_abstain,6,12,0.5
51-2022.00,Electrical and Electronic Equipment Assemblers,Production Occupations,Explain assembly procedures or techniques to other workers.,without_abstain,2,4,0.5
51-2023.00,Electromechanical Equipment Assemblers,Production Occupations,Attach name plates and mark identifying information on parts.,with_abstain,6,12,0.5
51-2023.00,Electromechanical Equipment Assemblers,Production Occupations,Attach name plates and mark identifying information on parts.,without_abstain,2,4,0.5
51-2031.00,Engine and Other Machine Assemblers,Production Occupations,"Verify conformance of parts to stock lists or blueprints, using measuring instruments, such as calipers, gauges, or micrometers.",with_abstain,7,12,0.5833333333333334
51-2031.00,Engine and Other Machine Assemblers,Production Occupations,"Verify conformance of parts to stock lists or blueprints, using measuring instruments, such as calipers, gauges, or micrometers.",without_abstain,4,4,1.0
51-2041.00,Structural Metal Fabricators and Fitters,Production Occupations,"Verify conformance of workpieces to specifications, using squares, rulers, and measuring tapes.",with_abstain,6,12,0.5
51-2041.00,Structural Metal Fabricators and Fitters,Production Occupations,"Verify conformance of workpieces to specifications, using squares, rulers, and measuring tapes.",without_abstain,4,4,1.0
51-2091.00,Fiberglass Laminators and Fabricators,Production Occupations,"Bond wood reinforcing strips to decks and cabin structures of watercraft, using resin-saturated fiberglass.",with_abstain,0,12,0.0
51-2091.00,Fiberglass Laminators and Fabricators,Production Occupations,"Bond wood reinforcing strips to decks and cabin structures of watercraft, using resin-saturated fiberglass.",without_abstain,2,4,0.5
51-2092.00,Team Assemblers,Production Occupations,Complete production reports to communicate team production level to management.,with_abstain,0,12,0.0
51-2092.00,Team Assemblers,Production Occupations,Complete production reports to communicate team production level to management.,without_abstain,2,4,0.5
51-2093.00,Timing Device Assemblers and Adjusters,Production Occupations,"Disassemble timepieces such as watches, clocks, and chronometers so that repairs can be made.",with_abstain,1,12,0.08333333333333333
51-2093.00,Timing Device Assemblers and Adjusters,Production Occupations,"Disassemble timepieces such as watches, clocks, and chronometers so that repairs can be made.",without_abstain,2,4,0.5
51-3011.00,Bakers,Production Occupations,"Set time and speed controls for mixing machines, blending machines, or steam kettles so that ingredients will be mixed or cooked according to instructions.",with_abstain,0,12,0.0
51-3011.00,Bakers,Production Occupations,"Set time and speed controls for mixing machines, blending machines, or steam kettles so that ingredients will be mixed or cooked according to instructions.",without_abstain,3,4,0.75
51-3021.00,Butchers and Meat Cutters,Production Occupations,"Shape, lace, and tie roasts, using boning knife, skewer, and twine.",with_abstain,1,12,0.08333333333333333
51-3021.00,Butchers and Meat Cutters,Production Occupations,"Shape, lace, and tie roasts, using boning knife, skewer, and twine.",without_abstain,2,4,0.5
51-3022.00,"Meat, Poultry, and Fish Cutters and Trimmers",Production Occupations,Produce hamburger meat and meat trimmings.,with_abstain,2,12,0.16666666666666666
51-3022.00,"Meat, Poultry, and Fish Cutters and Trimmers",Production Occupations,Produce hamburger meat and meat trimmings.,without_abstain,4,4,1.0
51-3023.00,Slaughterers and Meat Packers,Production Occupations,Sever jugular veins to drain blood and facilitate slaughtering.,with_abstain,0,12,0.0
51-3023.00,Slaughterers and Meat Packers,Production Occupations,Sever jugular veins to drain blood and facilitate slaughtering.,without_abstain,2,4,0.5
51-3091.00,"Food and Tobacco Roasting, Baking, and Drying Machine Operators and Tenders",Production Occupations,"Observe temperature, humidity, pressure gauges, and product samples and adjust controls, such as thermostats and valves, to maintain prescribed operating conditions for specific stages.",with_abstain,2,12,0.16666666666666666
51-3091.00,"Food and Tobacco Roasting, Baking, and Drying Machine Operators and Tenders",Production Occupations,"Observe temperature, humidity, pressure gauges, and product samples and adjust controls, such as thermostats and valves, to maintain prescribed operating conditions for specific stages.",without_abstain,2,4,0.5
51-3092.00,Food Batchmakers,Production Occupations,"Record production and test data for each food product batch, such as the ingredients used, temperature, test results, and time cycle.",with_abstain,0,12,0.0
51-3092.00,Food Batchmakers,Production Occupations,"Record production and test data for each food product batch, such as the ingredients used, temperature, test results, and time cycle.",without_abstain,2,4,0.5
51-3093.00,Food Cooking Machine Operators and Tenders,Production Occupations,"Set temperature, pressure, and time controls, and start conveyers, machines, or pumps.",with_abstain,0,12,0.0
51-3093.00,Food Cooking Machine Operators and Tenders,Production Occupations,"Set temperature, pressure, and time controls, and start conveyers, machines, or pumps.",without_abstain,2,4,0.5
51-4011.00,"Computer-Controlled Machine Tool Operators, Metal and Plastic",Production Occupations,"Stop machines to remove finished workpieces or to change tooling, setup, or workpiece placement, according to required machining sequences.",with_abstain,1,12,0.08333333333333333
51-4011.00,"Computer-Controlled Machine Tool Operators, Metal and Plastic",Production Occupations,"Stop machines to remove finished workpieces or to change tooling, setup, or workpiece placement, according to required machining sequences.",without_abstain,2,4,0.5
51-4012.00,"Computer Numerically Controlled Machine Tool Programmers, Metal and Plastic",Production Occupations,"Determine the sequence of machine operations, and select the proper cutting tools needed to machine workpieces into the desired shapes.",with_abstain,6,12,0.5
51-4012.00,"Computer Numerically Controlled Machine Tool Programmers, Metal and Plastic",Production Occupations,"Determine the sequence of machine operations, and select the proper cutting tools needed to machine workpieces into the desired shapes.",without_abstain,4,4,1.0
51-4021.00,"Extruding and Drawing Machine Setters, Operators, and Tenders, Metal and Plastic",Production Occupations,"Determine setup procedures and select machine dies and parts, according to specifications.",with_abstain,5,12,0.4166666666666667
51-4021.00,"Extruding and Drawing Machine Setters, Operators, and Tenders, Metal and Plastic",Production Occupations,"Determine setup procedures and select machine dies and parts, according to specifications.",without_abstain,3,4,0.75
51-4022.00,"Forging Machine Setters, Operators, and Tenders, Metal and Plastic",Production Occupations,Confer with other workers about machine setups and operational specifications.,with_abstain,9,12,0.75
51-4022.00,"Forging Machine Setters, Operators, and Tenders, Metal and Plastic",Production Occupations,Confer with other workers about machine setups and operational specifications.,without_abstain,3,4,0.75
51-4023.00,"Rolling Machine Setters, Operators, and Tenders, Metal and Plastic",Production Occupations,"Read rolling orders, blueprints, and mill schedules to determine setup specifications, work sequences, product dimensions, and installation procedures.",with_abstain,5,12,0.4166666666666667
51-4023.00,"Rolling Machine Setters, Operators, and Tenders, Metal and Plastic",Production Occupations,"Read rolling orders, blueprints, and mill schedules to determine setup specifications, work sequences, product dimensions, and installation procedures.",without_abstain,4,4,1.0
51-4031.00,"Cutting, Punching, and Press Machine Setters, Operators, and Tenders, Metal and Plastic",Production Occupations,"Test and adjust machine speeds or actions, according to product specifications, using gauges and hand tools.",with_abstain,0,12,0.0
51-4031.00,"Cutting, Punching, and Press Machine Setters, Operators, and Tenders, Metal and Plastic",Production Occupations,"Test and adjust machine speeds or actions, according to product specifications, using gauges and hand tools.",without_abstain,2,4,0.5
51-4032.00,"Drilling and Boring Machine Tool Setters, Operators, and Tenders, Metal and Plastic",Production Occupations,"Change worn cutting tools, using wrenches.",with_abstain,0,12,0.0
51-4032.00,"Drilling and Boring Machine Tool Setters, Operators, and Tenders, Metal and Plastic",Production Occupations,"Change worn cutting tools, using wrenches.",without_abstain,2,4,0.5
51-4033.00,"Grinding, Lapping, Polishing, and Buffing Machine Tool Setters, Operators, and Tenders, Metal and Plastic",Production Occupations,"Set and adjust machine controls according to product specifications, using knowledge of machine operation.",with_abstain,0,12,0.0
51-4033.00,"Grinding, Lapping, Polishing, and Buffing Machine Tool Setters, Operators, and Tenders, Metal and Plastic",Production Occupations,"Set and adjust machine controls according to product specifications, using knowledge of machine operation.",without_abstain,3,4,0.75
51-4034.00,"Lathe and Turning Machine Tool Setters, Operators, and Tenders, Metal and Plastic",Production Occupations,"Inspect sample workpieces to verify conformance with specifications, using instruments such as gauges, micrometers, and dial indicators.",with_abstain,3,12,0.25
51-4034.00,"Lathe and Turning Machine Tool Setters, Operators, and Tenders, Metal and Plastic",Production Occupations,"Inspect sample workpieces to verify conformance with specifications, using instruments such as gauges, micrometers, and dial indicators.",without_abstain,3,4,0.75
51-4035.00,"Milling and Planing Machine Setters, Operators, and Tenders, Metal and Plastic",Production Occupations,"Compute dimensions, tolerances, and angles of workpieces or machines, according to specifications and knowledge of metal properties and shop mathematics.",with_abstain,2,12,0.16666666666666666
51-4035.00,"Milling and Planing Machine Setters, Operators, and Tenders, Metal and Plastic",Production Occupations,"Compute dimensions, tolerances, and angles of workpieces or machines, according to specifications and knowledge of metal properties and shop mathematics.",without_abstain,2,4,0.5
51-4041.00,Machinists,Production Occupations,Monitor the feed and speed of machines during the machining process.,with_abstain,1,12,0.08333333333333333
51-4041.00,Machinists,Production Occupations,Monitor the feed and speed of machines during the machining process.,without_abstain,4,4,1.0
51-4051.00,Metal-Refining Furnace Operators and Tenders,Production Occupations,"Regulate supplies of fuel and air, or control flow of electric current and water coolant to heat furnaces and adjust temperatures.",with_abstain,4,12,0.3333333333333333
51-4051.00,Metal-Refining Furnace Operators and Tenders,Production Occupations,"Regulate supplies of fuel and air, or control flow of electric current and water coolant to heat furnaces and adjust temperatures.",without_abstain,2,4,0.5
51-4052.00,"Pourers and Casters, Metal",Production Occupations,"Examine molds to ensure they are clean, smooth, and properly coated.",with_abstain,0,12,0.0
51-4052.00,"Pourers and Casters, Metal",Production Occupations,"Examine molds to ensure they are clean, smooth, and properly coated.",without_abstain,1,4,0.25
51-4061.00,"Model Makers, Metal and Plastic",Production Occupations,"Drill, countersink, and ream holes in parts and assemblies for bolts, screws, and other fasteners, using power tools.",with_abstain,2,12,0.16666666666666666
51-4061.00,"Model Makers, Metal and Plastic",Production Occupations,"Drill, countersink, and ream holes in parts and assemblies for bolts, screws, and other fasteners, using power tools.",without_abstain,4,4,1.0
51-4062.00,"Patternmakers, Metal and Plastic",Production Occupations,"Design and create templates, patterns, or coreboxes according to work orders, sample parts, or mockups.",with_abstain,5,12,0.4166666666666667
51-4062.00,"Patternmakers, Metal and Plastic",Production Occupations,"Design and create templates, patterns, or coreboxes according to work orders, sample parts, or mockups.",without_abstain,2,4,0.5
51-4071.00,Foundry Mold and Coremakers,Production Occupations,Sprinkle or spray parting agents onto patterns and mold sections to facilitate removal of patterns from molds.,with_abstain,0,12,0.0
51-4071.00,Foundry Mold and Coremakers,Production Occupations,Sprinkle or spray parting agents onto patterns and mold sections to facilitate removal of patterns from molds.,without_abstain,2,4,0.5
51-4072.00,"Molding, Coremaking, and Casting Machine Setters, Operators, and Tenders, Metal and Plastic",Production Occupations,"Observe continuous operation of automatic machines to ensure that products meet specifications and to detect jams or malfunctions, making adjustments as necessary.",with_abstain,6,12,0.5
51-4072.00,"Molding, Coremaking, and Casting Machine Setters, Operators, and Tenders, Metal and Plastic",Production Occupations,"Observe continuous operation of automatic machines to ensure that products meet specifications and to detect jams or malfunctions, making adjustments as necessary.",without_abstain,2,4,0.5
51-4081.00,"Multiple Machine Tool Setters, Operators, and Tenders, Metal and Plastic",Production Occupations,"Select, install, and adjust alignment of drills, cutters, dies, guides, and holding devices, using templates, measuring instruments, and hand tools.",with_abstain,1,12,0.08333333333333333
51-4081.00,"Multiple Machine Tool Setters, Operators, and Tenders, Metal and Plastic",Production Occupations,"Select, install, and adjust alignment of drills, cutters, dies, guides, and holding devices, using templates, measuring instruments, and hand tools.",without_abstain,4,4,1.0
51-4111.00,Tool and Die Makers,Production Occupations,"Fit and assemble parts to make, repair, or modify dies, jigs, gauges, and tools, using machine tools and hand tools.",with_abstain,1,12,0.08333333333333333
51-4111.00,Tool and Die Makers,Production Occupations,"Fit and assemble parts to make, repair, or modify dies, jigs, gauges, and tools, using machine tools and hand tools.",without_abstain,2,4,0.5
51-4121.06,"Welders, Cutters, and Welder Fitters",Production Occupations,"Weld components in flat, vertical, or overhead positions.",with_abstain,0,12,0.0
51-4121.06,"Welders, Cutters, and Welder Fitters",Production Occupations,"Weld components in flat, vertical, or overhead positions.",without_abstain,2,4,0.5
51-4121.07,Solderers and Brazers,Production Occupations,"Clean workpieces to remove dirt or excess acid, using chemical solutions, files, wire brushes, or grinders.",with_abstain,0,12,0.0
51-4121.07,Solderers and Brazers,Production Occupations,"Clean workpieces to remove dirt or excess acid, using chemical solutions, files, wire brushes, or grinders.",without_abstain,0,4,0.0
51-4122.00,"Welding, Soldering, and Brazing Machine Setters, Operators, and Tenders",Production Occupations,Correct problems by adjusting controls or by stopping machines and opening holding devices.,with_abstain,4,12,0.3333333333333333
51-4122.00,"Welding, Soldering, and Brazing Machine Setters, Operators, and Tenders",Production Occupations,Correct problems by adjusting controls or by stopping machines and opening holding devices.,without_abstain,3,4,0.75
51-4191.00,"Heat Treating Equipment Setters, Operators, and Tenders, Metal and Plastic",Production Occupations,Record times that parts are removed from furnaces to document that objects have attained specified temperatures for specified times.,with_abstain,0,12,0.0
51-4191.00,"Heat Treating Equipment Setters, Operators, and Tenders, Metal and Plastic",Production Occupations,Record times that parts are removed from furnaces to document that objects have attained specified temperatures for specified times.,without_abstain,2,4,0.5
51-4192.00,"Layout Workers, Metal and Plastic",Production Occupations,Fit and align fabricated parts to be welded or assembled.,with_abstain,2,12,0.16666666666666666
51-4192.00,"Layout Workers, Metal and Plastic",Production Occupations,Fit and align fabricated parts to be welded or assembled.,without_abstain,4,4,1.0
51-4193.00,"Plating and Coating Machine Setters, Operators, and Tenders, Metal and Plastic",Production Occupations,"Set up, operate, or tend plating or coating machines to coat metal or plastic products with chromium, zinc, copper, cadmium, nickel, or other metal to protect or decorate surfaces.",with_abstain,0,12,0.0
51-4193.00,"Plating and Coating Machine Setters, Operators, and Tenders, Metal and Plastic",Production Occupations,"Set up, operate, or tend plating or coating machines to coat metal or plastic products with chromium, zinc, copper, cadmium, nickel, or other metal to protect or decorate surfaces.",without_abstain,3,4,0.75
51-4194.00,"Tool Grinders, Filers, and Sharpeners",Production Occupations,"Dress grinding wheels, according to specifications.",with_abstain,0,12,0.0
51-4194.00,"Tool Grinders, Filers, and Sharpeners",Production Occupations,"Dress grinding wheels, according to specifications.",without_abstain,1,4,0.25
51-5111.00,Prepress Technicians and Workers,Production Occupations,Operate and maintain laser plate-making equipment that converts electronic data to plates without the use of film.,with_abstain,0,12,0.0
51-5111.00,Prepress Technicians and Workers,Production Occupations,Operate and maintain laser plate-making equipment that converts electronic data to plates without the use of film.,without_abstain,3,4,0.75
51-5112.00,Printing Press Operators,Production Occupations,Verify that paper and ink meet the specifications for a given job.,with_abstain,0,12,0.0
51-5112.00,Printing Press Operators,Production Occupations,Verify that paper and ink meet the specifications for a given job.,without_abstain,2,4,0.5
51-5113.00,Print Binding and Finishing Workers,Production Occupations,"Stitch or glue endpapers, bindings, backings, or signatures, using sewing machines, glue machines, or glue and brushes.",with_abstain,0,12,0.0
51-5113.00,Print Binding and Finishing Workers,Production Occupations,"Stitch or glue endpapers, bindings, backings, or signatures, using sewing machines, glue machines, or glue and brushes.",without_abstain,2,4,0.5
51-6011.00,Laundry and Dry-Cleaning Workers,Production Occupations,"Clean machine filters, and lubricate equipment.",with_abstain,0,12,0.0
51-6011.00,Laundry and Dry-Cleaning Workers,Production Occupations,"Clean machine filters, and lubricate equipment.",without_abstain,2,4,0.5
51-6021.00,"Pressers, Textile, Garment, and Related Materials",Production Occupations,"Hang, fold, package, and tag finished articles for delivery to customers.",with_abstain,0,12,0.0
51-6021.00,"Pressers, Textile, Garment, and Related Materials",Production Occupations,"Hang, fold, package, and tag finished articles for delivery to customers.",without_abstain,2,4,0.5
51-6031.00,Sewing Machine Operators,Production Occupations,"Place spools of thread, cord, or other materials on spindles, insert bobbins, and thread ends through machine guides and components.",with_abstain,0,12,0.0
51-6031.00,Sewing Machine Operators,Production Occupations,"Place spools of thread, cord, or other materials on spindles, insert bobbins, and thread ends through machine guides and components.",without_abstain,1,4,0.25
51-6041.00,Shoe and Leather Workers and Repairers,Production Occupations,"Dye, soak, polish, paint, stamp, stitch, stain, buff, or engrave leather or other materials to obtain desired effects, decorations, or shapes.",with_abstain,0,12,0.0
51-6041.00,Shoe and Leather Workers and Repairers,Production Occupations,"Dye, soak, polish, paint, stamp, stitch, stain, buff, or engrave leather or other materials to obtain desired effects, decorations, or shapes.",without_abstain,2,4,0.5
51-6042.00,Shoe Machine Operators and Tenders,Production Occupations,Turn screws to regulate size of staples.,with_abstain,0,12,0.0
51-6042.00,Shoe Machine Operators and Tenders,Production Occupations,Turn screws to regulate size of staples.,without_abstain,2,4,0.5
51-6051.00,"Sewers, Hand",Production Occupations,"Select thread, twine, cord, or yarn to be used, and thread needles.",with_abstain,0,12,0.0
51-6051.00,"Sewers, Hand",Production Occupations,"Select thread, twine, cord, or yarn to be used, and thread needles.",without_abstain,2,4,0.5
51-6052.00,"Tailors, Dressmakers, and Custom Sewers",Production Occupations,"Assemble garment parts and join parts with basting stitches, using needles and thread or sewing machines.",with_abstain,5,12,0.4166666666666667
51-6052.00,"Tailors, Dressmakers, and Custom Sewers",Production Occupations,"Assemble garment parts and join parts with basting stitches, using needles and thread or sewing machines.",without_abstain,1,4,0.25
51-6061.00,Textile Bleaching and Dyeing Machine Operators and Tenders,Production Occupations,"Add dyes, water, detergents, or chemicals to tanks to dilute or strengthen solutions, according to established formulas and solution test results.",with_abstain,1,12,0.08333333333333333
51-6061.00,Textile Bleaching and Dyeing Machine Operators and Tenders,Production Occupations,"Add dyes, water, detergents, or chemicals to tanks to dilute or strengthen solutions, according to established formulas and solution test results.",without_abstain,2,4,0.5
51-6062.00,"Textile Cutting Machine Setters, Operators, and Tenders",Production Occupations,Notify supervisors of mechanical malfunctions.,with_abstain,2,12,0.16666666666666666
51-6062.00,"Textile Cutting Machine Setters, Operators, and Tenders",Production Occupations,Notify supervisors of mechanical malfunctions.,without_abstain,2,4,0.5
51-6063.00,"Textile Knitting and Weaving Machine Setters, Operators, and Tenders",Production Occupations,"Thread yarn, thread, and fabric through guides, needles, and rollers of machines for weaving, knitting, or other processing.",with_abstain,0,12,0.0
51-6063.00,"Textile Knitting and Weaving Machine Setters, Operators, and Tenders",Production Occupations,"Thread yarn, thread, and fabric through guides, needles, and rollers of machines for weaving, knitting, or other processing.",without_abstain,0,4,0.0
51-6064.00,"Textile Winding, Twisting, and Drawing Out Machine Setters, Operators, and Tenders",Production Occupations,Replace depleted supply packages with full packages.,with_abstain,4,12,0.3333333333333333
51-6064.00,"Textile Winding, Twisting, and Drawing Out Machine Setters, Operators, and Tenders",Production Occupations,Replace depleted supply packages with full packages.,without_abstain,2,4,0.5
51-6091.00,"Extruding and Forming Machine Setters, Operators, and Tenders, Synthetic and Glass Fibers",Production Occupations,Start metering pumps and observe operation of machines and equipment to ensure continuous flow of filaments extruded through spinnerettes and to detect processing defects.,with_abstain,3,12,0.25
51-6091.00,"Extruding and Forming Machine Setters, Operators, and Tenders, Synthetic and Glass Fibers",Production Occupations,Start metering pumps and observe operation of machines and equipment to ensure continuous flow of filaments extruded through spinnerettes and to detect processing defects.,without_abstain,0,4,0.0
51-6092.00,Fabric and Apparel Patternmakers,Production Occupations,"Create a master pattern for each size within a range of garment sizes, using charts, drafting instruments, computers, or grading devices.",with_abstain,3,12,0.25
51-6092.00,Fabric and Apparel Patternmakers,Production Occupations,"Create a master pattern for each size within a range of garment sizes, using charts, drafting instruments, computers, or grading devices.",without_abstain,2,4,0.5
51-6093.00,Upholsterers,Production Occupations,"Examine furniture frames, upholstery, springs, and webbing to locate defects.",with_abstain,0,12,0.0
51-6093.00,Upholsterers,Production Occupations,"Examine furniture frames, upholstery, springs, and webbing to locate defects.",without_abstain,2,4,0.5
51-7011.00,Cabinetmakers and Bench Carpenters,Production Occupations,"Attach parts or subassemblies together to form completed units, using glue, dowels, nails, screws, or clamps.",with_abstain,0,12,0.0
51-7011.00,Cabinetmakers and Bench Carpenters,Production Occupations,"Attach parts or subassemblies together to form completed units, using glue, dowels, nails, screws, or clamps.",without_abstain,2,4,0.5
51-7021.00,Furniture Finishers,Production Occupations,"Distress surfaces with woodworking tools or abrasives before staining to create an antique appearance, or rub surfaces to bring out highlights and shadings.",with_abstain,7,12,0.5833333333333334
51-7021.00,Furniture Finishers,Production Occupations,"Distress surfaces with woodworking tools or abrasives before staining to create an antique appearance, or rub surfaces to bring out highlights and shadings.",without_abstain,3,4,0.75
51-7031.00,"Model Makers, Wood",Production Occupations,"Select wooden stock, determine layouts, and mark layouts of parts on stock, using precision equipment such as scribers, squares, and protractors.",with_abstain,8,12,0.6666666666666666
51-7031.00,"Model Makers, Wood",Production Occupations,"Select wooden stock, determine layouts, and mark layouts of parts on stock, using precision equipment such as scribers, squares, and protractors.",without_abstain,4,4,1.0
51-7032.00,"Patternmakers, Wood",Production Occupations,"Verify dimensions of completed patterns, using templates, straightedges, calipers, or protractors.",with_abstain,6,12,0.5
51-7032.00,"Patternmakers, Wood",Production Occupations,"Verify dimensions of completed patterns, using templates, straightedges, calipers, or protractors.",without_abstain,3,4,0.75
51-7041.00,"Sawing Machine Setters, Operators, and Tenders, Wood",Production Occupations,Inspect stock for imperfections or to estimate grades or qualities of stock or workpieces.,with_abstain,4,12,0.3333333333333333
51-7041.00,"Sawing Machine Setters, Operators, and Tenders, Wood",Production Occupations,Inspect stock for imperfections or to estimate grades or qualities of stock or workpieces.,without_abstain,2,4,0.5
51-7042.00,"Woodworking Machine Setters, Operators, and Tenders, Except Sawing",Production Occupations,"Set up, program, operate, or tend computerized or manual woodworking machines, such as drill presses, lathes, shapers, routers, sanders, planers, or wood-nailing machines.",with_abstain,0,12,0.0
51-7042.00,"Woodworking Machine Setters, Operators, and Tenders, Except Sawing",Production Occupations,"Set up, program, operate, or tend computerized or manual woodworking machines, such as drill presses, lathes, shapers, routers, sanders, planers, or wood-nailing machines.",without_abstain,4,4,1.0
51-8011.00,Nuclear Power Reactor Operators,Production Occupations,"Monitor or operate boilers, turbines, wells, or auxiliary power plant equipment.",with_abstain,3,12,0.25
51-8011.00,Nuclear Power Reactor Operators,Production Occupations,"Monitor or operate boilers, turbines, wells, or auxiliary power plant equipment.",without_abstain,2,4,0.5
51-8012.00,Power Distributors and Dispatchers,Production Occupations,"Respond to emergencies, such as transformer or transmission line failures, and route current around affected areas.",with_abstain,3,12,0.25
51-8012.00,Power Distributors and Dispatchers,Production Occupations,"Respond to emergencies, such as transformer or transmission line failures, and route current around affected areas.",without_abstain,2,4,0.5
51-8013.00,Power Plant Operators,Production Occupations,"Control or maintain auxiliary equipment, such as pumps, fans, compressors, condensers, feedwater heaters, filters, or chlorinators, to supply water, fuel, lubricants, air, or auxiliary power.",with_abstain,3,12,0.25
51-8013.00,Power Plant Operators,Production Occupations,"Control or maintain auxiliary equipment, such as pumps, fans, compressors, condensers, feedwater heaters, filters, or chlorinators, to supply water, fuel, lubricants, air, or auxiliary power.",without_abstain,3,4,0.75
51-8021.00,Stationary Engineers and Boiler Operators,Production Occupations,"Activate valves to maintain required amounts of water in boilers, to adjust supplies of combustion air, and to control the flow of fuel into burners.",with_abstain,2,12,0.16666666666666666
51-8021.00,Stationary Engineers and Boiler Operators,Production Occupations,"Activate valves to maintain required amounts of water in boilers, to adjust supplies of combustion air, and to control the flow of fuel into burners.",without_abstain,4,4,1.0
51-8031.00,Water and Wastewater Treatment Plant and System Operators,Production Occupations,"Collect and test water and sewage samples, using test equipment and color analysis standards.",with_abstain,0,12,0.0
51-8031.00,Water and Wastewater Treatment Plant and System Operators,Production Occupations,"Collect and test water and sewage samples, using test equipment and color analysis standards.",without_abstain,2,4,0.5
51-8091.00,Chemical Plant and System Operators,Production Occupations,"Move control settings to make necessary adjustments on equipment units affecting speeds of chemical reactions, quality, or yields.",with_abstain,1,12,0.08333333333333333
51-8091.00,Chemical Plant and System Operators,Production Occupations,"Move control settings to make necessary adjustments on equipment units affecting speeds of chemical reactions, quality, or yields.",without_abstain,2,4,0.5
51-8092.00,Gas Plant Operators,Production Occupations,"Adjust temperature, pressure, vacuum, level, flow rate, or transfer of gas to maintain processes at required levels or to correct problems.",with_abstain,2,12,0.16666666666666666
51-8092.00,Gas Plant Operators,Production Occupations,"Adjust temperature, pressure, vacuum, level, flow rate, or transfer of gas to maintain processes at required levels or to correct problems.",without_abstain,2,4,0.5
51-8093.00,"Petroleum Pump System Operators, Refinery Operators, and Gaugers",Production Occupations,Control or operate manifold and pumping systems to circulate liquids through a petroleum refinery.,with_abstain,6,12,0.5
51-8093.00,"Petroleum Pump System Operators, Refinery Operators, and Gaugers",Production Occupations,Control or operate manifold and pumping systems to circulate liquids through a petroleum refinery.,without_abstain,3,4,0.75
51-8099.03,Biomass Plant Technicians,Production Occupations,Operate biomass fuel-burning boiler or biomass fuel gasification system equipment in accordance with specifications or instructions.,with_abstain,2,12,0.16666666666666666
51-8099.03,Biomass Plant Technicians,Production Occupations,Operate biomass fuel-burning boiler or biomass fuel gasification system equipment in accordance with specifications or instructions.,without_abstain,4,4,1.0
51-9011.00,Chemical Equipment Operators and Tenders,Production Occupations,Patrol work areas to detect leaks or equipment malfunctions or to monitor operating conditions.,with_abstain,2,12,0.16666666666666666
51-9011.00,Chemical Equipment Operators and Tenders,Production Occupations,Patrol work areas to detect leaks or equipment malfunctions or to monitor operating conditions.,without_abstain,2,4,0.5
51-9012.00,"Separating, Filtering, Clarifying, Precipitating, and Still Machine Setters, Operators, and Tenders",Production Occupations,"Examine samples to verify qualities such as clarity, cleanliness, consistency, dryness, or texture.",with_abstain,1,12,0.08333333333333333
51-9012.00,"Separating, Filtering, Clarifying, Precipitating, and Still Machine Setters, Operators, and Tenders",Production Occupations,"Examine samples to verify qualities such as clarity, cleanliness, consistency, dryness, or texture.",without_abstain,2,4,0.5
51-9021.00,"Crushing, Grinding, and Polishing Machine Setters, Operators, and Tenders",Production Occupations,"Examine materials, ingredients, or products, visually or with hands, to ensure conformance to established standards.",with_abstain,4,12,0.3333333333333333
51-9021.00,"Crushing, Grinding, and Polishing Machine Setters, Operators, and Tenders",Production Occupations,"Examine materials, ingredients, or products, visually or with hands, to ensure conformance to established standards.",without_abstain,2,4,0.5
51-9022.00,"Grinding and Polishing Workers, Hand",Production Occupations,"Mark defects such as knotholes, cracks, and splits for repair.",with_abstain,2,12,0.16666666666666666
51-9022.00,"Grinding and Polishing Workers, Hand",Production Occupations,"Mark defects such as knotholes, cracks, and splits for repair.",without_abstain,3,4,0.75
51-9023.00,"Mixing and Blending Machine Setters, Operators, and Tenders",Production Occupations,"Compound or process ingredients or dyes, according to formulas.",with_abstain,0,12,0.0
51-9023.00,"Mixing and Blending Machine Setters, Operators, and Tenders",Production Occupations,"Compound or process ingredients or dyes, according to formulas.",without_abstain,2,4,0.5
51-9031.00,"Cutters and Trimmers, Hand",Production Occupations,"Mark identification numbers, trademarks, grades, marketing data, sizes, or model numbers on products.",with_abstain,0,12,0.0
51-9031.00,"Cutters and Trimmers, Hand",Production Occupations,"Mark identification numbers, trademarks, grades, marketing data, sizes, or model numbers on products.",without_abstain,3,4,0.75
51-9032.00,"Cutting and Slicing Machine Setters, Operators, and Tenders",Production Occupations,"Examine, measure, and weigh materials or products to verify conformance to specifications, using measuring devices such as rulers, micrometers, or scales.",with_abstain,0,12,0.0
51-9032.00,"Cutting and Slicing Machine Setters, Operators, and Tenders",Production Occupations,"Examine, measure, and weigh materials or products to verify conformance to specifications, using measuring devices such as rulers, micrometers, or scales.",without_abstain,2,4,0.5
51-9041.00,"Extruding, Forming, Pressing, and Compacting Machine Setters, Operators, and Tenders",Production Occupations,Press control buttons to activate machinery and equipment.,with_abstain,0,12,0.0
51-9041.00,"Extruding, Forming, Pressing, and Compacting Machine Setters, Operators, and Tenders",Production Occupations,Press control buttons to activate machinery and equipment.,without_abstain,4,4,1.0
51-9051.00,"Furnace, Kiln, Oven, Drier, and Kettle Operators and Tenders",Production Occupations,"Record gauge readings, test results, and shift production in log books.",with_abstain,0,12,0.0
51-9051.00,"Furnace, Kiln, Oven, Drier, and Kettle Operators and Tenders",Production Occupations,"Record gauge readings, test results, and shift production in log books.",without_abstain,2,4,0.5
51-9061.00,"Inspectors, Testers, Sorters, Samplers, and Weighers",Production Occupations,Mark items with details such as grade or acceptance-rejection status.,with_abstain,0,12,0.0
51-9061.00,"Inspectors, Testers, Sorters, Samplers, and Weighers",Production Occupations,Mark items with details such as grade or acceptance-rejection status.,without_abstain,2,4,0.5
51-9071.01,Jewelers,Production Occupations,Select and acquire metals and gems for designs.,with_abstain,0,12,0.0
51-9071.01,Jewelers,Production Occupations,Select and acquire metals and gems for designs.,without_abstain,0,4,0.0
51-9071.06,Gem and Diamond Workers,Production Occupations,"Assign polish, symmetry, and clarity grades to stones, according to established grading systems.",with_abstain,0,12,0.0
51-9071.06,Gem and Diamond Workers,Production Occupations,"Assign polish, symmetry, and clarity grades to stones, according to established grading systems.",without_abstain,2,4,0.5
51-9071.07,Precious Metal Workers,Production Occupations,"Examine articles to determine the nature of defects requiring repair, such as dents, uneven bottoms, scratches, or holes.",with_abstain,2,12,0.16666666666666666
51-9071.07,Precious Metal Workers,Production Occupations,"Examine articles to determine the nature of defects requiring repair, such as dents, uneven bottoms, scratches, or holes.",without_abstain,3,4,0.75
51-9081.00,Dental Laboratory Technicians,Production Occupations,"Fabricate, alter, or repair dental devices, such as dentures, crowns, bridges, inlays, or appliances for straightening teeth.",with_abstain,0,12,0.0
51-9081.00,Dental Laboratory Technicians,Production Occupations,"Fabricate, alter, or repair dental devices, such as dentures, crowns, bridges, inlays, or appliances for straightening teeth.",without_abstain,2,4,0.5
51-9082.00,Medical Appliance Technicians,Production Occupations,"Drill and tap holes for rivets and glue, weld, bolt, or rivet parts together to form prosthetic or orthotic devices.",with_abstain,7,12,0.5833333333333334
51-9082.00,Medical Appliance Technicians,Production Occupations,"Drill and tap holes for rivets and glue, weld, bolt, or rivet parts together to form prosthetic or orthotic devices.",without_abstain,4,4,1.0
51-9083.00,Ophthalmic Laboratory Technicians,Production Occupations,"Clean finished lenses and eyeglasses, using cloths and solvents.",with_abstain,2,12,0.16666666666666666
51-9083.00,Ophthalmic Laboratory Technicians,Production Occupations,"Clean finished lenses and eyeglasses, using cloths and solvents.",without_abstain,1,4,0.25
51-9111.00,Packaging and Filling Machine Operators and Tenders,Production Occupations,"Monitor the production line, watching for problems such as pile-ups, jams, or glue that isn't sticking properly.",with_abstain,4,12,0.3333333333333333
51-9111.00,Packaging and Filling Machine Operators and Tenders,Production Occupations,"Monitor the production line, watching for problems such as pile-ups, jams, or glue that isn't sticking properly.",without_abstain,1,4,0.25
51-9121.00,"Coating, Painting, and Spraying Machine Setters, Operators, and Tenders",Production Occupations,"Weigh or measure chemicals, coatings, or paints before adding them to machines.",with_abstain,0,12,0.0
51-9121.00,"Coating, Painting, and Spraying Machine Setters, Operators, and Tenders",Production Occupations,"Weigh or measure chemicals, coatings, or paints before adding them to machines.",without_abstain,2,4,0.5
51-9122.00,"Painters, Transportation Equipment",Production Occupations,"Select paint according to company requirements and match paint colors, following specified color charts.",with_abstain,0,12,0.0
51-9122.00,"Painters, Transportation Equipment",Production Occupations,"Select paint according to company requirements and match paint colors, following specified color charts.",without_abstain,2,4,0.5
51-9123.00,"Painting, Coating, and Decorating Workers",Production Occupations,"Rinse, drain, or wipe coated workpieces to remove excess coating material or to facilitate setting of finish coats on workpieces.",with_abstain,0,12,0.0
51-9123.00,"Painting, Coating, and Decorating Workers",Production Occupations,"Rinse, drain, or wipe coated workpieces to remove excess coating material or to facilitate setting of finish coats on workpieces.",without_abstain,2,4,0.5
51-9141.00,Semiconductor Processors,Production Occupations,"Clean semiconductor wafers using cleaning equipment, such as chemical baths, automatic wafer cleaners, or blow-off wands.",with_abstain,0,12,0.0
51-9141.00,Semiconductor Processors,Production Occupations,"Clean semiconductor wafers using cleaning equipment, such as chemical baths, automatic wafer cleaners, or blow-off wands.",without_abstain,0,4,0.0
51-9191.00,Adhesive Bonding Machine Operators and Tenders,Production Occupations,"Start machines, and turn valves or move controls to feed, admit, apply, or transfer materials and adhesives, and to adjust temperature, pressure, and time settings.",with_abstain,0,12,0.0
51-9191.00,Adhesive Bonding Machine Operators and Tenders,Production Occupations,"Start machines, and turn valves or move controls to feed, admit, apply, or transfer materials and adhesives, and to adjust temperature, pressure, and time settings.",without_abstain,4,4,1.0
51-9192.00,"Cleaning, Washing, and Metal Pickling Equipment Operators and Tenders",Production Occupations,"Drain, clean, and refill machines or tanks at designated intervals, using cleaning solutions or water.",with_abstain,0,12,0.0
51-9192.00,"Cleaning, Washing, and Metal Pickling Equipment Operators and Tenders",Production Occupations,"Drain, clean, and refill machines or tanks at designated intervals, using cleaning solutions or water.",without_abstain,2,4,0.5
51-9193.00,Cooling and Freezing Equipment Operators and Tenders,Production Occupations,"Record temperatures, amounts of materials processed, or test results on report forms.",with_abstain,0,12,0.0
51-9193.00,Cooling and Freezing Equipment Operators and Tenders,Production Occupations,"Record temperatures, amounts of materials processed, or test results on report forms.",without_abstain,2,4,0.5
51-9194.00,Etchers and Engravers,Production Occupations,"Determine machine settings, and move bars or levers to reproduce designs on rollers or plates.",with_abstain,6,12,0.5
51-9194.00,Etchers and Engravers,Production Occupations,"Determine machine settings, and move bars or levers to reproduce designs on rollers or plates.",without_abstain,2,4,0.5
51-9195.03,"Stone Cutters and Carvers, Manufacturing",Production Occupations,Move fingers over surfaces of carvings to ensure smoothness of finish.,with_abstain,0,12,0.0
51-9195.03,"Stone Cutters and Carvers, Manufacturing",Production Occupations,Move fingers over surfaces of carvings to ensure smoothness of finish.,without_abstain,2,4,0.5
51-9195.04,"Glass Blowers, Molders, Benders, and Finishers",Production Occupations,"Record manufacturing information, such as quantities, sizes, or types of goods produced.",with_abstain,2,12,0.16666666666666666
51-9195.04,"Glass Blowers, Molders, Benders, and Finishers",Production Occupations,"Record manufacturing information, such as quantities, sizes, or types of goods produced.",without_abstain,2,4,0.5
51-9195.05,"Potters, Manufacturing",Production Occupations,Adjust wheel speeds according to the feel of the clay as pieces enlarge and walls become thinner.,with_abstain,2,12,0.16666666666666666
51-9195.05,"Potters, Manufacturing",Production Occupations,Adjust wheel speeds according to the feel of the clay as pieces enlarge and walls become thinner.,without_abstain,0,4,0.0
51-9195.07,Molding and Casting Workers,Production Occupations,Brush or spray mold surfaces with parting agents or insert paper into molds to ensure smoothness and prevent sticking or seepage.,with_abstain,0,12,0.0
51-9195.07,Molding and Casting Workers,Production Occupations,Brush or spray mold surfaces with parting agents or insert paper into molds to ensure smoothness and prevent sticking or seepage.,without_abstain,2,4,0.5
51-9196.00,"Paper Goods Machine Setters, Operators, and Tenders",Production Occupations,"Adjust guide assemblies, forming bars, and folding mechanisms according to specifications, using hand tools.",with_abstain,3,12,0.25
51-9196.00,"Paper Goods Machine Setters, Operators, and Tenders",Production Occupations,"Adjust guide assemblies, forming bars, and folding mechanisms according to specifications, using hand tools.",without_abstain,2,4,0.5
51-9197.00,Tire Builders,Production Occupations,Activate bead setters that press prefabricated beads onto plies.,with_abstain,0,12,0.0
51-9197.00,Tire Builders,Production Occupations,Activate bead setters that press prefabricated beads onto plies.,without_abstain,2,4,0.5
51-9198.00,Helpers--Production Workers,Production Occupations,"Place products in equipment or on work surfaces for further processing, inspecting, or wrapping.",with_abstain,0,12,0.0
51-9198.00,Helpers--Production Workers,Production Occupations,"Place products in equipment or on work surfaces for further processing, inspecting, or wrapping.",without_abstain,2,4,0.5
51-9199.01,Recycling and Reclamation Workers,Production Occupations,Operate shredders to reclaim steel from discarded appliances.,with_abstain,1,12,0.08333333333333333
51-9199.01,Recycling and Reclamation Workers,Production Occupations,Operate shredders to reclaim steel from discarded appliances.,without_abstain,3,4,0.75
53-1011.00,Aircraft Cargo Handling Supervisors,Transportation and Material Moving Occupations,Determine the quantity and orientation of cargo and compute an aircraft's center of gravity.,with_abstain,7,12,0.5833333333333334
53-1011.00,Aircraft Cargo Handling Supervisors,Transportation and Material Moving Occupations,Determine the quantity and orientation of cargo and compute an aircraft's center of gravity.,without_abstain,2,4,0.5
53-1021.00,"First-Line Supervisors of Helpers, Laborers, and Material Movers, Hand",Transportation and Material Moving Occupations,Check specifications of materials loaded or unloaded against information contained in work orders.,with_abstain,0,12,0.0
53-1021.00,"First-Line Supervisors of Helpers, Laborers, and Material Movers, Hand",Transportation and Material Moving Occupations,Check specifications of materials loaded or unloaded against information contained in work orders.,without_abstain,2,4,0.5
53-1021.01,Recycling Coordinators,Transportation and Material Moving Occupations,"Provide training to recycling technicians or community service workers on topics such as safety, solid waste processing, or general recycling operations.",with_abstain,3,12,0.25
53-1021.01,Recycling Coordinators,Transportation and Material Moving Occupations,"Provide training to recycling technicians or community service workers on topics such as safety, solid waste processing, or general recycling operations.",without_abstain,2,4,0.5
53-1031.00,First-Line Supervisors of Transportation and Material-Moving Machine and Vehicle Operators,Transportation and Material Moving Occupations,"Confer with customers, supervisors, contractors, or other personnel to exchange information or to resolve problems.",with_abstain,3,12,0.25
53-1031.00,First-Line Supervisors of Transportation and Material-Moving Machine and Vehicle Operators,Transportation and Material Moving Occupations,"Confer with customers, supervisors, contractors, or other personnel to exchange information or to resolve problems.",without_abstain,1,4,0.25
53-2011.00,"Airline Pilots, Copilots, and Flight Engineers",Transportation and Material Moving Occupations,Respond to and report in-flight emergencies and malfunctions.,with_abstain,2,12,0.16666666666666666
53-2011.00,"Airline Pilots, Copilots, and Flight Engineers",Transportation and Material Moving Occupations,Respond to and report in-flight emergencies and malfunctions.,without_abstain,2,4,0.5
53-2012.00,Commercial Pilots,Transportation and Material Moving Occupations,"Start engines, operate controls, and pilot airplanes to transport passengers, mail, or freight according to flight plans, regulations, and procedures.",with_abstain,0,12,0.0
53-2012.00,Commercial Pilots,Transportation and Material Moving Occupations,"Start engines, operate controls, and pilot airplanes to transport passengers, mail, or freight according to flight plans, regulations, and procedures.",without_abstain,3,4,0.75
53-2021.00,Air Traffic Controllers,Transportation and Material Moving Occupations,Provide flight path changes or directions to emergency landing fields for pilots traveling in bad weather or in emergency situations.,with_abstain,2,12,0.16666666666666666
53-2021.00,Air Traffic Controllers,Transportation and Material Moving Occupations,Provide flight path changes or directions to emergency landing fields for pilots traveling in bad weather or in emergency situations.,without_abstain,2,4,0.5
53-2022.00,Airfield Operations Specialists,Transportation and Material Moving Occupations,"Perform and supervise airfield management activities, including mobile airfield management functions.",with_abstain,0,12,0.0
53-2022.00,Airfield Operations Specialists,Transportation and Material Moving Occupations,"Perform and supervise airfield management activities, including mobile airfield management functions.",without_abstain,4,4,1.0
53-2031.00,Flight Attendants,Transportation and Material Moving Occupations,"Direct and assist passengers in emergency procedures, such as evacuating a plane following an emergency landing.",with_abstain,3,12,0.25
53-2031.00,Flight Attendants,Transportation and Material Moving Occupations,"Direct and assist passengers in emergency procedures, such as evacuating a plane following an emergency landing.",without_abstain,3,4,0.75
53-3011.00,"Ambulance Drivers and Attendants, Except Emergency Medical Technicians",Transportation and Material Moving Occupations,"Drive ambulances or assist ambulance drivers in transporting sick, injured, or convalescent persons.",with_abstain,0,12,0.0
53-3011.00,"Ambulance Drivers and Attendants, Except Emergency Medical Technicians",Transportation and Material Moving Occupations,"Drive ambulances or assist ambulance drivers in transporting sick, injured, or convalescent persons.",without_abstain,4,4,1.0
53-3021.00,"Bus Drivers, Transit and Intercity",Transportation and Material Moving Occupations,Advise passengers to be seated and orderly while on vehicles.,with_abstain,6,12,0.5
53-3021.00,"Bus Drivers, Transit and Intercity",Transportation and Material Moving Occupations,Advise passengers to be seated and orderly while on vehicles.,without_abstain,2,4,0.5
53-3022.00,"Bus Drivers, School or Special Client",Transportation and Material Moving Occupations,"Check the condition of a vehicle's tires, brakes, windshield wipers, lights, oil, fuel, water, and safety equipment to ensure that everything is in working order.",with_abstain,0,12,0.0
53-3022.00,"Bus Drivers, School or Special Client",Transportation and Material Moving Occupations,"Check the condition of a vehicle's tires, brakes, windshield wipers, lights, oil, fuel, water, and safety equipment to ensure that everything is in working order.",without_abstain,3,4,0.75
53-3031.00,Driver/Sales Workers,Transportation and Material Moving Occupations,Write customer orders and sales contracts according to company guidelines.,with_abstain,0,12,0.0
53-3031.00,Driver/Sales Workers,Transportation and Material Moving Occupations,Write customer orders and sales contracts according to company guidelines.,without_abstain,2,4,0.5
53-3032.00,Heavy and Tractor-Trailer Truck Drivers,Transportation and Material Moving Occupations,Inspect loads to ensure that cargo is secure.,with_abstain,5,12,0.4166666666666667
53-3032.00,Heavy and Tractor-Trailer Truck Drivers,Transportation and Material Moving Occupations,Inspect loads to ensure that cargo is secure.,without_abstain,4,4,1.0
53-3033.00,Light Truck or Delivery Services Drivers,Transportation and Material Moving Occupations,Read maps and follow written or verbal geographic directions.,with_abstain,0,12,0.0
53-3033.00,Light Truck or Delivery Services Drivers,Transportation and Material Moving Occupations,Read maps and follow written or verbal geographic directions.,without_abstain,3,4,0.75
53-3041.00,Taxi Drivers and Chauffeurs,Transportation and Material Moving Occupations,Notify dispatchers or company mechanics of vehicle problems.,with_abstain,1,12,0.08333333333333333
53-3041.00,Taxi Drivers and Chauffeurs,Transportation and Material Moving Occupations,Notify dispatchers or company mechanics of vehicle problems.,without_abstain,3,4,0.75
53-4011.00,Locomotive Engineers,Transportation and Material Moving Occupations,Call out train signals to assistants to verify meanings.,with_abstain,4,12,0.3333333333333333
53-4011.00,Locomotive Engineers,Transportation and Material Moving Occupations,Call out train signals to assistants to verify meanings.,without_abstain,2,4,0.5
53-4012.00,Locomotive Firers,Transportation and Material Moving Occupations,Monitor trains as they go around curves to detect dragging equipment and smoking journal boxes.,with_abstain,7,12,0.5833333333333334
53-4012.00,Locomotive Firers,Transportation and Material Moving Occupations,Monitor trains as they go around curves to detect dragging equipment and smoking journal boxes.,without_abstain,2,4,0.5
53-4013.00,"Rail Yard Engineers, Dinkey Operators, and Hostlers",Transportation and Material Moving Occupations,"Signal crew members for movement of engines or trains, using lanterns, hand signals, radios, or telephones.",with_abstain,2,12,0.16666666666666666
53-4013.00,"Rail Yard Engineers, Dinkey Operators, and Hostlers",Transportation and Material Moving Occupations,"Signal crew members for movement of engines or trains, using lanterns, hand signals, radios, or telephones.",without_abstain,3,4,0.75
53-4021.00,"Railroad Brake, Signal, and Switch Operators",Transportation and Material Moving Occupations,Observe signals from other crew members so that work activities can be coordinated.,with_abstain,2,12,0.16666666666666666
53-4021.00,"Railroad Brake, Signal, and Switch Operators",Transportation and Material Moving Occupations,Observe signals from other crew members so that work activities can be coordinated.,without_abstain,3,4,0.75
53-4031.00,Railroad Conductors and Yardmasters,Transportation and Material Moving Occupations,"Signal engineers to begin train runs, stop trains, or change speed, using telecommunications equipment or hand signals.",with_abstain,0,12,0.0
53-4031.00,Railroad Conductors and Yardmasters,Transportation and Material Moving Occupations,"Signal engineers to begin train runs, stop trains, or change speed, using telecommunications equipment or hand signals.",without_abstain,2,4,0.5
53-4041.00,Subway and Streetcar Operators,Transportation and Material Moving Occupations,"Report delays, mechanical problems, and emergencies to supervisors or dispatchers, using radios.",with_abstain,0,12,0.0
53-4041.00,Subway and Streetcar Operators,Transportation and Material Moving Occupations,"Report delays, mechanical problems, and emergencies to supervisors or dispatchers, using radios.",without_abstain,2,4,0.5
53-5011.00,Sailors and Marine Oilers,Transportation and Material Moving Occupations,"Stand by wheels when ships are on automatic pilot and verify accuracy of courses, using magnetic compasses.",with_abstain,6,12,0.5
53-5011.00,Sailors and Marine Oilers,Transportation and Material Moving Occupations,"Stand by wheels when ships are on automatic pilot and verify accuracy of courses, using magnetic compasses.",without_abstain,3,4,0.75
53-5021.01,Ship and Boat Captains,Transportation and Material Moving Occupations,"Read gauges to verify sufficient levels of hydraulic fluid, air pressure, or oxygen.",with_abstain,1,12,0.08333333333333333
53-5021.01,Ship and Boat Captains,Transportation and Material Moving Occupations,"Read gauges to verify sufficient levels of hydraulic fluid, air pressure, or oxygen.",without_abstain,2,4,0.5
53-5021.02,"Mates- Ship, Boat, and Barge",Transportation and Material Moving Occupations,Assume command of vessels in the event that ships' masters become incapacitated.,with_abstain,2,12,0.16666666666666666
53-5021.02,"Mates- Ship, Boat, and Barge",Transportation and Material Moving Occupations,Assume command of vessels in the event that ships' masters become incapacitated.,without_abstain,2,4,0.5
53-5021.03,"Pilots, Ship",Transportation and Material Moving Occupations,Prevent ships under their navigational control from engaging in unsafe operations.,with_abstain,6,12,0.5
53-5021.03,"Pilots, Ship",Transportation and Material Moving Occupations,Prevent ships under their navigational control from engaging in unsafe operations.,without_abstain,4,4,1.0
53-5022.00,Motorboat Operators,Transportation and Material Moving Occupations,"Maintain desired courses, using compasses or electronic navigational aids.",with_abstain,3,12,0.25
53-5022.00,Motorboat Operators,Transportation and Material Moving Occupations,"Maintain desired courses, using compasses or electronic navigational aids.",without_abstain,3,4,0.75
53-5031.00,Ship Engineers,Transportation and Material Moving Occupations,"Perform or participate in emergency drills, as required.",with_abstain,0,12,0.0
53-5031.00,Ship Engineers,Transportation and Material Moving Occupations,"Perform or participate in emergency drills, as required.",without_abstain,3,4,0.75
53-6011.00,Bridge and Lock Tenders,Transportation and Material Moving Occupations,"Record names, types, and destinations of vessels passing through bridge openings or locks, and numbers of trains or vehicles crossing bridges.",with_abstain,2,12,0.16666666666666666
53-6011.00,Bridge and Lock Tenders,Transportation and Material Moving Occupations,"Record names, types, and destinations of vessels passing through bridge openings or locks, and numbers of trains or vehicles crossing bridges.",without_abstain,4,4,1.0
53-6021.00,Parking Lot Attendants,Transportation and Material Moving Occupations,Greet customers and open their car doors.,with_abstain,0,12,0.0
53-6021.00,Parking Lot Attendants,Transportation and Material Moving Occupations,Greet customers and open their car doors.,without_abstain,1,4,0.25
53-6031.00,Automotive and Watercraft Service Attendants,Transportation and Material Moving Occupations,"Clean parking areas, offices, restrooms, or equipment and remove trash.",with_abstain,0,12,0.0
53-6031.00,Automotive and Watercraft Service Attendants,Transportation and Material Moving Occupations,"Clean parking areas, offices, restrooms, or equipment and remove trash.",without_abstain,3,4,0.75
53-6041.00,Traffic Technicians,Transportation and Material Moving Occupations,"Interact with the public to answer traffic-related questions, respond to complaints or requests, or discuss traffic control ordinances, plans, policies, or procedures.",with_abstain,7,12,0.5833333333333334
53-6041.00,Traffic Technicians,Transportation and Material Moving Occupations,"Interact with the public to answer traffic-related questions, respond to complaints or requests, or discuss traffic control ordinances, plans, policies, or procedures.",without_abstain,3,4,0.75
53-6051.01,Aviation Inspectors,Transportation and Material Moving Occupations,"Examine landing gear, tires, and exteriors of fuselage, wings, and engines for evidence of damage or corrosion and the need for repairs.",with_abstain,0,12,0.0
53-6051.01,Aviation Inspectors,Transportation and Material Moving Occupations,"Examine landing gear, tires, and exteriors of fuselage, wings, and engines for evidence of damage or corrosion and the need for repairs.",without_abstain,2,4,0.5
53-6051.07,"Transportation Vehicle, Equipment and Systems Inspectors, Except Aviation",Transportation and Material Moving Occupations,"Conduct remote inspections of motor vehicles, using handheld controllers and remotely directed vehicle inspection devices.",with_abstain,3,12,0.25
53-6051.07,"Transportation Vehicle, Equipment and Systems Inspectors, Except Aviation",Transportation and Material Moving Occupations,"Conduct remote inspections of motor vehicles, using handheld controllers and remotely directed vehicle inspection devices.",without_abstain,2,4,0.5
53-6051.08,Freight and Cargo Inspectors,Transportation and Material Moving Occupations,Observe loading of freight to ensure that crews comply with procedures.,with_abstain,2,12,0.16666666666666666
53-6051.08,Freight and Cargo Inspectors,Transportation and Material Moving Occupations,Observe loading of freight to ensure that crews comply with procedures.,without_abstain,3,4,0.75
53-6061.00,"Transportation Attendants, Except Flight Attendants",Transportation and Material Moving Occupations,Determine or facilitate seating arrangements.,with_abstain,1,12,0.08333333333333333
53-6061.00,"Transportation Attendants, Except Flight Attendants",Transportation and Material Moving Occupations,Determine or facilitate seating arrangements.,without_abstain,2,4,0.5
53-7011.00,Conveyor Operators and Tenders,Transportation and Material Moving Occupations,Inform supervisors of equipment malfunctions that need to be addressed.,with_abstain,5,12,0.4166666666666667
53-7011.00,Conveyor Operators and Tenders,Transportation and Material Moving Occupations,Inform supervisors of equipment malfunctions that need to be addressed.,without_abstain,3,4,0.75
53-7021.00,Crane and Tower Operators,Transportation and Material Moving Occupations,Direct helpers engaged in placing blocking or outrigging under cranes.,with_abstain,4,12,0.3333333333333333
53-7021.00,Crane and Tower Operators,Transportation and Material Moving Occupations,Direct helpers engaged in placing blocking or outrigging under cranes.,without_abstain,2,4,0.5
53-7031.00,Dredge Operators,Transportation and Material Moving Occupations,Pump water to clear machinery pipelines.,with_abstain,2,12,0.16666666666666666
53-7031.00,Dredge Operators,Transportation and Material Moving Occupations,Pump water to clear machinery pipelines.,without_abstain,2,4,0.5
53-7032.00,Excavating and Loading Machine and Dragline Operators,Transportation and Material Moving Occupations,"Operate machinery to perform activities such as backfilling excavations, vibrating or breaking rock or concrete, or making winter roads.",with_abstain,7,12,0.5833333333333334
53-7032.00,Excavating and Loading Machine and Dragline Operators,Transportation and Material Moving Occupations,"Operate machinery to perform activities such as backfilling excavations, vibrating or breaking rock or concrete, or making winter roads.",without_abstain,3,4,0.75
53-7033.00,"Loading Machine Operators, Underground Mining",Transportation and Material Moving Occupations,"Move trailing electrical cables clear of obstructions, using rubber safety gloves.",with_abstain,5,12,0.4166666666666667
53-7033.00,"Loading Machine Operators, Underground Mining",Transportation and Material Moving Occupations,"Move trailing electrical cables clear of obstructions, using rubber safety gloves.",without_abstain,2,4,0.5
53-7041.00,Hoist and Winch Operators,Transportation and Material Moving Occupations,Select loads or materials according to weight and size specifications.,with_abstain,0,12,0.0
53-7041.00,Hoist and Winch Operators,Transportation and Material Moving Occupations,Select loads or materials according to weight and size specifications.,without_abstain,2,4,0.5
53-7051.00,Industrial Truck and Tractor Operators,Transportation and Material Moving Occupations,"Perform routine maintenance on vehicles or auxiliary equipment, such as cleaning, lubricating, recharging batteries, fueling, or replacing liquefied-gas tank.",with_abstain,1,12,0.08333333333333333
53-7051.00,Industrial Truck and Tractor Operators,Transportation and Material Moving Occupations,"Perform routine maintenance on vehicles or auxiliary equipment, such as cleaning, lubricating, recharging batteries, fueling, or replacing liquefied-gas tank.",without_abstain,3,4,0.75
53-7061.00,Cleaners of Vehicles and Equipment,Transportation and Material Moving Occupations,Maintain inventories of supplies.,with_abstain,0,12,0.0
53-7061.00,Cleaners of Vehicles and Equipment,Transportation and Material Moving Occupations,Maintain inventories of supplies.,without_abstain,2,4,0.5
53-7062.00,"Laborers and Freight, Stock, and Material Movers, Hand",Transportation and Material Moving Occupations,Attach identifying tags to containers or mark them with identifying information.,with_abstain,0,12,0.0
53-7062.00,"Laborers and Freight, Stock, and Material Movers, Hand",Transportation and Material Moving Occupations,Attach identifying tags to containers or mark them with identifying information.,without_abstain,2,4,0.5
53-7063.00,Machine Feeders and Offbearers,Transportation and Material Moving Occupations,"Identify and mark materials, products, and samples, following instructions.",with_abstain,2,12,0.16666666666666666
53-7063.00,Machine Feeders and Offbearers,Transportation and Material Moving Occupations,"Identify and mark materials, products, and samples, following instructions.",without_abstain,2,4,0.5
53-7064.00,"Packers and Packagers, Hand",Transportation and Material Moving Occupations,"Mark and label containers, container tags, or products, using marking tools.",with_abstain,0,12,0.0
53-7064.00,"Packers and Packagers, Hand",Transportation and Material Moving Occupations,"Mark and label containers, container tags, or products, using marking tools.",without_abstain,3,4,0.75
53-7071.00,Gas Compressor and Gas Pumping Station Operators,Transportation and Material Moving Occupations,"Read gas meters, and maintain records of the amounts of gas received and dispensed from holders.",with_abstain,0,12,0.0
53-7071.00,Gas Compressor and Gas Pumping Station Operators,Transportation and Material Moving Occupations,"Read gas meters, and maintain records of the amounts of gas received and dispensed from holders.",without_abstain,2,4,0.5
53-7072.00,"Pump Operators, Except Wellhead Pumpers",Transportation and Material Moving Occupations,"Plan movement of products through lines to processing, storage, and shipping units, using knowledge of interconnections and capacities of pipelines, valve manifolds, pumps, and tankage.",with_abstain,3,12,0.25
53-7072.00,"Pump Operators, Except Wellhead Pumpers",Transportation and Material Moving Occupations,"Plan movement of products through lines to processing, storage, and shipping units, using knowledge of interconnections and capacities of pipelines, valve manifolds, pumps, and tankage.",without_abstain,4,4,1.0
53-7073.00,Wellhead Pumpers,Transportation and Material Moving Occupations,"Operate engines and pumps to shut off wells according to production schedules, and to switch flow of oil into storage tanks.",with_abstain,0,12,0.0
53-7073.00,Wellhead Pumpers,Transportation and Material Moving Occupations,"Operate engines and pumps to shut off wells according to production schedules, and to switch flow of oil into storage tanks.",without_abstain,4,4,1.0
53-7081.00,Refuse and Recyclable Material Collectors,Transportation and Material Moving Occupations,Inspect trucks prior to beginning routes to ensure safe operating condition.,with_abstain,5,12,0.4166666666666667
53-7081.00,Refuse and Recyclable Material Collectors,Transportation and Material Moving Occupations,Inspect trucks prior to beginning routes to ensure safe operating condition.,without_abstain,2,4,0.5
53-7111.00,Mine Shuttle Car Operators,Transportation and Material Moving Occupations,Drive loaded shuttle cars to ramps and move controls to discharge loads into mine cars or onto conveyors.,with_abstain,0,12,0.0
53-7111.00,Mine Shuttle Car Operators,Transportation and Material Moving Occupations,Drive loaded shuttle cars to ramps and move controls to discharge loads into mine cars or onto conveyors.,without_abstain,2,4,0.5
53-7121.00,"Tank Car, Truck, and Ship Loaders",Transportation and Material Moving Occupations,"Operate ship loading and unloading equipment, conveyors, hoists, and other specialized material handling equipment such as railroad tank car unloading equipment.",with_abstain,0,12,0.0
53-7121.00,"Tank Car, Truck, and Ship Loaders",Transportation and Material Moving Occupations,"Operate ship loading and unloading equipment, conveyors, hoists, and other specialized material handling equipment such as railroad tank car unloading equipment.",without_abstain,2,4,0.5
