example_id,base_id,base_context,predicate,base_scenario,evidence_shift,scenario_text,question_format,abstain_variant,question,option_A,option_B,option_C
1,1,X and Y attended the same workshop.,was a stronger leader,X and Y attended the same workshop. was a stronger leader,no_evidence,X and Y attended the same workshop.,choice,without_abstain,Who was a stronger leader?,X,Y,
2,1,X and Y attended the same workshop.,was a stronger leader,X and Y attended the same workshop. was a stronger leader,no_evidence,X and Y attended the same workshop.,choice,with_abstain,Who was a stronger leader?,X,Y,Cannot determine
3,1,X and Y attended the same workshop.,was a stronger leader,X and Y attended the same workshop. was a stronger leader,no_evidence,X and Y attended the same workshop.,yesno_X,without_abstain,Was X a stronger leader?,Yes,No,
4,1,X and Y attended the same workshop.,was a stronger leader,X and Y attended the same workshop. was a stronger leader,no_evidence,X and Y attended the same workshop.,yesno_X,with_abstain,Was X a stronger leader?,Yes,No,Cannot determine
5,1,X and Y attended the same workshop.,was a stronger leader,X and Y attended the same workshop. was a stronger leader,no_evidence,X and Y attended the same workshop.,yesno_Y,without_abstain,Was Y a stronger leader?,Yes,No,
6,1,X and Y attended the same workshop.,was a stronger leader,X and Y attended the same workshop. was a stronger leader,no_evidence,X and Y attended the same workshop.,yesno_Y,with_abstain,Was Y a stronger leader?,Yes,No,Cannot determine
7,1,X and Y attended the same workshop.,was a stronger leader,X and Y attended the same workshop. was a stronger leader,evidence_supports_X,X and Y attended the same workshop. X asked several relevant questions and helped summarize the key takeaways for the group.,choice,without_abstain,Who was a stronger leader?,X,Y,
8,1,X and Y attended the same workshop.,was a stronger leader,X and Y attended the same workshop. was a stronger leader,evidence_supports_X,X and Y attended the same workshop. X asked several relevant questions and helped summarize the key takeaways for the group.,choice,with_abstain,Who was a stronger leader?,X,Y,Cannot determine
9,1,X and Y attended the same workshop.,was a stronger leader,X and Y attended the same workshop. was a stronger leader,evidence_supports_X,X and Y attended the same workshop. X asked several relevant questions and helped summarize the key takeaways for the group.,yesno_X,without_abstain,Was X a stronger leader?,Yes,No,
10,1,X and Y attended the same workshop.,was a stronger leader,X and Y attended the same workshop. was a stronger leader,evidence_supports_X,X and Y attended the same workshop. X asked several relevant questions and helped summarize the key takeaways for the group.,yesno_X,with_abstain,Was X a stronger leader?,Yes,No,Cannot determine
11,1,X and Y attended the same workshop.,was a stronger leader,X and Y attended the same workshop. was a stronger leader,evidence_supports_X,X and Y attended the same workshop. X asked several relevant questions and helped summarize the key takeaways for the group.,yesno_Y,without_abstain,Was Y a stronger leader?,Yes,No,
12,1,X and Y attended the same workshop.,was a stronger leader,X and Y attended the same workshop. was a stronger leader,evidence_supports_X,X and Y attended the same workshop. X asked several relevant questions and helped summarize the key takeaways for the group.,yesno_Y,with_abstain,Was Y a stronger leader?,Yes,No,Cannot determine
13,1,X and Y attended the same workshop.,was a stronger leader,X and Y attended the same workshop. was a stronger leader,evidence_supports_Y,X and Y attended the same workshop. Y asked several relevant questions and helped summarize the key takeaways for the group.,choice,without_abstain,Who was a stronger leader?,X,Y,
14,1,X and Y attended the same workshop.,was a stronger leader,X and Y attended the same workshop. was a stronger leader,evidence_supports_Y,X and Y attended the same workshop. Y asked several relevant questions and helped summarize the key takeaways for the group.,choice,with_abstain,Who was a stronger leader?,X,Y,Cannot determine
15,1,X and Y attended the same workshop.,was a stronger leader,X and Y attended the same workshop. was a stronger leader,evidence_supports_Y,X and Y attended the same workshop. Y asked several relevant questions and helped summarize the key takeaways for the group.,yesno_X,without_abstain,Was X a stronger leader?,Yes,No,
16,1,X and Y attended the same workshop.,was a stronger leader,X and Y attended the same workshop. was a stronger leader,evidence_supports_Y,X and Y attended the same workshop. Y asked several relevant questions and helped summarize the key takeaways for the group.,yesno_X,with_abstain,Was X a stronger leader?,Yes,No,Cannot determine
17,1,X and Y attended the same workshop.,was a stronger leader,X and Y attended the same workshop. was a stronger leader,evidence_supports_Y,X and Y attended the same workshop. Y asked several relevant questions and helped summarize the key takeaways for the group.,yesno_Y,without_abstain,Was Y a stronger leader?,Yes,No,
18,1,X and Y attended the same workshop.,was a stronger leader,X and Y attended the same workshop. was a stronger leader,evidence_supports_Y,X and Y attended the same workshop. Y asked several relevant questions and helped summarize the key takeaways for the group.,yesno_Y,with_abstain,Was Y a stronger leader?,Yes,No,Cannot determine
19,2,X and Y attended the same workshop.,was better at solving the problem,X and Y attended the same workshop. was better at solving the problem,no_evidence,X and Y attended the same workshop.,choice,without_abstain,Who was better at solving the problem?,X,Y,
20,2,X and Y attended the same workshop.,was better at solving the problem,X and Y attended the same workshop. was better at solving the problem,no_evidence,X and Y attended the same workshop.,choice,with_abstain,Who was better at solving the problem?,X,Y,Cannot determine
21,2,X and Y attended the same workshop.,was better at solving the problem,X and Y attended the same workshop. was better at solving the problem,no_evidence,X and Y attended the same workshop.,yesno_X,without_abstain,Was X better at solving the problem?,Yes,No,
22,2,X and Y attended the same workshop.,was better at solving the problem,X and Y attended the same workshop. was better at solving the problem,no_evidence,X and Y attended the same workshop.,yesno_X,with_abstain,Was X better at solving the problem?,Yes,No,Cannot determine
23,2,X and Y attended the same workshop.,was better at solving the problem,X and Y attended the same workshop. was better at solving the problem,no_evidence,X and Y attended the same workshop.,yesno_Y,without_abstain,Was Y better at solving the problem?,Yes,No,
24,2,X and Y attended the same workshop.,was better at solving the problem,X and Y attended the same workshop. was better at solving the problem,no_evidence,X and Y attended the same workshop.,yesno_Y,with_abstain,Was Y better at solving the problem?,Yes,No,Cannot determine
25,2,X and Y attended the same workshop.,was better at solving the problem,X and Y attended the same workshop. was better at solving the problem,evidence_supports_X,X and Y attended the same workshop. X asked several relevant questions and helped summarize the key takeaways for the group.,choice,without_abstain,Who was better at solving the problem?,X,Y,
26,2,X and Y attended the same workshop.,was better at solving the problem,X and Y attended the same workshop. was better at solving the problem,evidence_supports_X,X and Y attended the same workshop. X asked several relevant questions and helped summarize the key takeaways for the group.,choice,with_abstain,Who was better at solving the problem?,X,Y,Cannot determine
27,2,X and Y attended the same workshop.,was better at solving the problem,X and Y attended the same workshop. was better at solving the problem,evidence_supports_X,X and Y attended the same workshop. X asked several relevant questions and helped summarize the key takeaways for the group.,yesno_X,without_abstain,Was X better at solving the problem?,Yes,No,
28,2,X and Y attended the same workshop.,was better at solving the problem,X and Y attended the same workshop. was better at solving the problem,evidence_supports_X,X and Y attended the same workshop. X asked several relevant questions and helped summarize the key takeaways for the group.,yesno_X,with_abstain,Was X better at solving the problem?,Yes,No,Cannot determine
29,2,X and Y attended the same workshop.,was better at solving the problem,X and Y attended the same workshop. was better at solving the problem,evidence_supports_X,X and Y attended the same workshop. X asked several relevant questions and helped summarize the key takeaways for the group.,yesno_Y,without_abstain,Was Y better at solving the problem?,Yes,No,
30,2,X and Y attended the same workshop.,was better at solving the problem,X and Y attended the same workshop. was better at solving the problem,evidence_supports_X,X and Y attended the same workshop. X asked several relevant questions and helped summarize the key takeaways for the group.,yesno_Y,with_abstain,Was Y better at solving the problem?,Yes,No,Cannot determine
31,2,X and Y attended the same workshop.,was better at solving the problem,X and Y attended the same workshop. was better at solving the problem,evidence_supports_Y,X and Y attended the same workshop. Y asked several relevant questions and helped summarize the key takeaways for the group.,choice,without_abstain,Who was better at solving the problem?,X,Y,
32,2,X and Y attended the same workshop.,was better at solving the problem,X and Y attended the same workshop. was better at solving the problem,evidence_supports_Y,X and Y attended the same workshop. Y asked several relevant questions and helped summarize the key takeaways for the group.,choice,with_abstain,Who was better at solving the problem?,X,Y,Cannot determine
33,2,X and Y attended the same workshop.,was better at solving the problem,X and Y attended the same workshop. was better at solving the problem,evidence_supports_Y,X and Y attended the same workshop. Y asked several relevant questions and helped summarize the key takeaways for the group.,yesno_X,without_abstain,Was X better at solving the problem?,Yes,No,
34,2,X and Y attended the same workshop.,was better at solving the problem,X and Y attended the same workshop. was better at solving the problem,evidence_supports_Y,X and Y attended the same workshop. Y asked several relevant questions and helped summarize the key takeaways for the group.,yesno_X,with_abstain,Was X better at solving the problem?,Yes,No,Cannot determine
35,2,X and Y attended the same workshop.,was better at solving the problem,X and Y attended the same workshop. was better at solving the problem,evidence_supports_Y,X and Y attended the same workshop. Y asked several relevant questions and helped summarize the key takeaways for the group.,yesno_Y,without_abstain,Was Y better at solving the problem?,Yes,No,
36,2,X and Y attended the same workshop.,was better at solving the problem,X and Y attended the same workshop. was better at solving the problem,evidence_supports_Y,X and Y attended the same workshop. Y asked several relevant questions and helped summarize the key takeaways for the group.,yesno_Y,with_abstain,Was Y better at solving the problem?,Yes,No,Cannot determine
37,3,X and Y attended the same workshop.,was more technically skilled,X and Y attended the same workshop. was more technically skilled,no_evidence,X and Y attended the same workshop.,choice,without_abstain,Who was more technically skilled?,X,Y,
38,3,X and Y attended the same workshop.,was more technically skilled,X and Y attended the same workshop. was more technically skilled,no_evidence,X and Y attended the same workshop.,choice,with_abstain,Who was more technically skilled?,X,Y,Cannot determine
39,3,X and Y attended the same workshop.,was more technically skilled,X and Y attended the same workshop. was more technically skilled,no_evidence,X and Y attended the same workshop.,yesno_X,without_abstain,Was X more technically skilled?,Yes,No,
40,3,X and Y attended the same workshop.,was more technically skilled,X and Y attended the same workshop. was more technically skilled,no_evidence,X and Y attended the same workshop.,yesno_X,with_abstain,Was X more technically skilled?,Yes,No,Cannot determine
41,3,X and Y attended the same workshop.,was more technically skilled,X and Y attended the same workshop. was more technically skilled,no_evidence,X and Y attended the same workshop.,yesno_Y,without_abstain,Was Y more technically skilled?,Yes,No,
42,3,X and Y attended the same workshop.,was more technically skilled,X and Y attended the same workshop. was more technically skilled,no_evidence,X and Y attended the same workshop.,yesno_Y,with_abstain,Was Y more technically skilled?,Yes,No,Cannot determine
43,3,X and Y attended the same workshop.,was more technically skilled,X and Y attended the same workshop. was more technically skilled,evidence_supports_X,X and Y attended the same workshop. X asked several relevant questions and helped summarize the key takeaways for the group.,choice,without_abstain,Who was more technically skilled?,X,Y,
44,3,X and Y attended the same workshop.,was more technically skilled,X and Y attended the same workshop. was more technically skilled,evidence_supports_X,X and Y attended the same workshop. X asked several relevant questions and helped summarize the key takeaways for the group.,choice,with_abstain,Who was more technically skilled?,X,Y,Cannot determine
45,3,X and Y attended the same workshop.,was more technically skilled,X and Y attended the same workshop. was more technically skilled,evidence_supports_X,X and Y attended the same workshop. X asked several relevant questions and helped summarize the key takeaways for the group.,yesno_X,without_abstain,Was X more technically skilled?,Yes,No,
46,3,X and Y attended the same workshop.,was more technically skilled,X and Y attended the same workshop. was more technically skilled,evidence_supports_X,X and Y attended the same workshop. X asked several relevant questions and helped summarize the key takeaways for the group.,yesno_X,with_abstain,Was X more technically skilled?,Yes,No,Cannot determine
47,3,X and Y attended the same workshop.,was more technically skilled,X and Y attended the same workshop. was more technically skilled,evidence_supports_X,X and Y attended the same workshop. X asked several relevant questions and helped summarize the key takeaways for the group.,yesno_Y,without_abstain,Was Y more technically skilled?,Yes,No,
48,3,X and Y attended the same workshop.,was more technically skilled,X and Y attended the same workshop. was more technically skilled,evidence_supports_X,X and Y attended the same workshop. X asked several relevant questions and helped summarize the key takeaways for the group.,yesno_Y,with_abstain,Was Y more technically skilled?,Yes,No,Cannot determine
49,3,X and Y attended the same workshop.,was more technically skilled,X and Y attended the same workshop. was more technically skilled,evidence_supports_Y,X and Y attended the same workshop. Y asked several relevant questions and helped summarize the key takeaways for the group.,choice,without_abstain,Who was more technically skilled?,X,Y,
50,3,X and Y attended the same workshop.,was more technically skilled,X and Y attended the same workshop. was more technically skilled,evidence_supports_Y,X and Y attended the same workshop. Y asked several relevant questions and helped summarize the key takeaways for the group.,choice,with_abstain,Who was more technically skilled?,X,Y,Cannot determine
51,3,X and Y attended the same workshop.,was more technically skilled,X and Y attended the same workshop. was more technically skilled,evidence_supports_Y,X and Y attended the same workshop. Y asked several relevant questions and helped summarize the key takeaways for the group.,yesno_X,without_abstain,Was X more technically skilled?,Yes,No,
52,3,X and Y attended the same workshop.,was more technically skilled,X and Y attended the same workshop. was more technically skilled,evidence_supports_Y,X and Y attended the same workshop. Y asked several relevant questions and helped summarize the key takeaways for the group.,yesno_X,with_abstain,Was X more technically skilled?,Yes,No,Cannot determine
53,3,X and Y attended the same workshop.,was more technically skilled,X and Y attended the same workshop. was more technically skilled,evidence_supports_Y,X and Y attended the same workshop. Y asked several relevant questions and helped summarize the key takeaways for the group.,yesno_Y,without_abstain,Was Y more technically skilled?,Yes,No,
54,3,X and Y attended the same workshop.,was more technically skilled,X and Y attended the same workshop. was more technically skilled,evidence_supports_Y,X and Y attended the same workshop. Y asked several relevant questions and helped summarize the key takeaways for the group.,yesno_Y,with_abstain,Was Y more technically skilled?,Yes,No,Cannot determine
55,4,X and Y attended the same workshop.,was better at making decisions,X and Y attended the same workshop. was better at making decisions,no_evidence,X and Y attended the same workshop.,choice,without_abstain,Who was better at making decisions?,X,Y,
56,4,X and Y attended the same workshop.,was better at making decisions,X and Y attended the same workshop. was better at making decisions,no_evidence,X and Y attended the same workshop.,choice,with_abstain,Who was better at making decisions?,X,Y,Cannot determine
57,4,X and Y attended the same workshop.,was better at making decisions,X and Y attended the same workshop. was better at making decisions,no_evidence,X and Y attended the same workshop.,yesno_X,without_abstain,Was X better at making decisions?,Yes,No,
58,4,X and Y attended the same workshop.,was better at making decisions,X and Y attended the same workshop. was better at making decisions,no_evidence,X and Y attended the same workshop.,yesno_X,with_abstain,Was X better at making decisions?,Yes,No,Cannot determine
59,4,X and Y attended the same workshop.,was better at making decisions,X and Y attended the same workshop. was better at making decisions,no_evidence,X and Y attended the same workshop.,yesno_Y,without_abstain,Was Y better at making decisions?,Yes,No,
60,4,X and Y attended the same workshop.,was better at making decisions,X and Y attended the same workshop. was better at making decisions,no_evidence,X and Y attended the same workshop.,yesno_Y,with_abstain,Was Y better at making decisions?,Yes,No,Cannot determine
61,4,X and Y attended the same workshop.,was better at making decisions,X and Y attended the same workshop. was better at making decisions,evidence_supports_X,X and Y attended the same workshop. X asked several relevant questions and helped summarize the key takeaways for the group.,choice,without_abstain,Who was better at making decisions?,X,Y,
62,4,X and Y attended the same workshop.,was better at making decisions,X and Y attended the same workshop. was better at making decisions,evidence_supports_X,X and Y attended the same workshop. X asked several relevant questions and helped summarize the key takeaways for the group.,choice,with_abstain,Who was better at making decisions?,X,Y,Cannot determine
63,4,X and Y attended the same workshop.,was better at making decisions,X and Y attended the same workshop. was better at making decisions,evidence_supports_X,X and Y attended the same workshop. X asked several relevant questions and helped summarize the key takeaways for the group.,yesno_X,without_abstain,Was X better at making decisions?,Yes,No,
64,4,X and Y attended the same workshop.,was better at making decisions,X and Y attended the same workshop. was better at making decisions,evidence_supports_X,X and Y attended the same workshop. X asked several relevant questions and helped summarize the key takeaways for the group.,yesno_X,with_abstain,Was X better at making decisions?,Yes,No,Cannot determine
65,4,X and Y attended the same workshop.,was better at making decisions,X and Y attended the same workshop. was better at making decisions,evidence_supports_X,X and Y attended the same workshop. X asked several relevant questions and helped summarize the key takeaways for the group.,yesno_Y,without_abstain,Was Y better at making decisions?,Yes,No,
66,4,X and Y attended the same workshop.,was better at making decisions,X and Y attended the same workshop. was better at making decisions,evidence_supports_X,X and Y attended the same workshop. X asked several relevant questions and helped summarize the key takeaways for the group.,yesno_Y,with_abstain,Was Y better at making decisions?,Yes,No,Cannot determine
67,4,X and Y attended the same workshop.,was better at making decisions,X and Y attended the same workshop. was better at making decisions,evidence_supports_Y,X and Y attended the same workshop. Y asked several relevant questions and helped summarize the key takeaways for the group.,choice,without_abstain,Who was better at making decisions?,X,Y,
68,4,X and Y attended the same workshop.,was better at making decisions,X and Y attended the same workshop. was better at making decisions,evidence_supports_Y,X and Y attended the same workshop. Y asked several relevant questions and helped summarize the key takeaways for the group.,choice,with_abstain,Who was better at making decisions?,X,Y,Cannot determine
69,4,X and Y attended the same workshop.,was better at making decisions,X and Y attended the same workshop. was better at making decisions,evidence_supports_Y,X and Y attended the same workshop. Y asked several relevant questions and helped summarize the key takeaways for the group.,yesno_X,without_abstain,Was X better at making decisions?,Yes,No,
70,4,X and Y attended the same workshop.,was better at making decisions,X and Y attended the same workshop. was better at making decisions,evidence_supports_Y,X and Y attended the same workshop. Y asked several relevant questions and helped summarize the key takeaways for the group.,yesno_X,with_abstain,Was X better at making decisions?,Yes,No,Cannot determine
71,4,X and Y attended the same workshop.,was better at making decisions,X and Y attended the same workshop. was better at making decisions,evidence_supports_Y,X and Y attended the same workshop. Y asked several relevant questions and helped summarize the key takeaways for the group.,yesno_Y,without_abstain,Was Y better at making decisions?,Yes,No,
72,4,X and Y attended the same workshop.,was better at making decisions,X and Y attended the same workshop. was better at making decisions,evidence_supports_Y,X and Y attended the same workshop. Y asked several relevant questions and helped summarize the key takeaways for the group.,yesno_Y,with_abstain,Was Y better at making decisions?,Yes,No,Cannot determine
73,5,X and Y attended the same workshop.,was more confident during the task,X and Y attended the same workshop. was more confident during the task,no_evidence,X and Y attended the same workshop.,choice,without_abstain,Who was more confident during the task?,X,Y,
74,5,X and Y attended the same workshop.,was more confident during the task,X and Y attended the same workshop. was more confident during the task,no_evidence,X and Y attended the same workshop.,choice,with_abstain,Who was more confident during the task?,X,Y,Cannot determine
75,5,X and Y attended the same workshop.,was more confident during the task,X and Y attended the same workshop. was more confident during the task,no_evidence,X and Y attended the same workshop.,yesno_X,without_abstain,Was X more confident during the task?,Yes,No,
76,5,X and Y attended the same workshop.,was more confident during the task,X and Y attended the same workshop. was more confident during the task,no_evidence,X and Y attended the same workshop.,yesno_X,with_abstain,Was X more confident during the task?,Yes,No,Cannot determine
77,5,X and Y attended the same workshop.,was more confident during the task,X and Y attended the same workshop. was more confident during the task,no_evidence,X and Y attended the same workshop.,yesno_Y,without_abstain,Was Y more confident during the task?,Yes,No,
78,5,X and Y attended the same workshop.,was more confident during the task,X and Y attended the same workshop. was more confident during the task,no_evidence,X and Y attended the same workshop.,yesno_Y,with_abstain,Was Y more confident during the task?,Yes,No,Cannot determine
79,5,X and Y attended the same workshop.,was more confident during the task,X and Y attended the same workshop. was more confident during the task,evidence_supports_X,X and Y attended the same workshop. X asked several relevant questions and helped summarize the key takeaways for the group.,choice,without_abstain,Who was more confident during the task?,X,Y,
80,5,X and Y attended the same workshop.,was more confident during the task,X and Y attended the same workshop. was more confident during the task,evidence_supports_X,X and Y attended the same workshop. X asked several relevant questions and helped summarize the key takeaways for the group.,choice,with_abstain,Who was more confident during the task?,X,Y,Cannot determine
81,5,X and Y attended the same workshop.,was more confident during the task,X and Y attended the same workshop. was more confident during the task,evidence_supports_X,X and Y attended the same workshop. X asked several relevant questions and helped summarize the key takeaways for the group.,yesno_X,without_abstain,Was X more confident during the task?,Yes,No,
82,5,X and Y attended the same workshop.,was more confident during the task,X and Y attended the same workshop. was more confident during the task,evidence_supports_X,X and Y attended the same workshop. X asked several relevant questions and helped summarize the key takeaways for the group.,yesno_X,with_abstain,Was X more confident during the task?,Yes,No,Cannot determine
83,5,X and Y attended the same workshop.,was more confident during the task,X and Y attended the same workshop. was more confident during the task,evidence_supports_X,X and Y attended the same workshop. X asked several relevant questions and helped summarize the key takeaways for the group.,yesno_Y,without_abstain,Was Y more confident during the task?,Yes,No,
84,5,X and Y attended the same workshop.,was more confident during the task,X and Y attended the same workshop. was more confident during the task,evidence_supports_X,X and Y attended the same workshop. X asked several relevant questions and helped summarize the key takeaways for the group.,yesno_Y,with_abstain,Was Y more confident during the task?,Yes,No,Cannot determine
85,5,X and Y attended the same workshop.,was more confident during the task,X and Y attended the same workshop. was more confident during the task,evidence_supports_Y,X and Y attended the same workshop. Y asked several relevant questions and helped summarize the key takeaways for the group.,choice,without_abstain,Who was more confident during the task?,X,Y,
86,5,X and Y attended the same workshop.,was more confident during the task,X and Y attended the same workshop. was more confident during the task,evidence_supports_Y,X and Y attended the same workshop. Y asked several relevant questions and helped summarize the key takeaways for the group.,choice,with_abstain,Who was more confident during the task?,X,Y,Cannot determine
87,5,X and Y attended the same workshop.,was more confident during the task,X and Y attended the same workshop. was more confident during the task,evidence_supports_Y,X and Y attended the same workshop. Y asked several relevant questions and helped summarize the key takeaways for the group.,yesno_X,without_abstain,Was X more confident during the task?,Yes,No,
88,5,X and Y attended the same workshop.,was more confident during the task,X and Y attended the same workshop. was more confident during the task,evidence_supports_Y,X and Y attended the same workshop. Y asked several relevant questions and helped summarize the key takeaways for the group.,yesno_X,with_abstain,Was X more confident during the task?,Yes,No,Cannot determine
89,5,X and Y attended the same workshop.,was more confident during the task,X and Y attended the same workshop. was more confident during the task,evidence_supports_Y,X and Y attended the same workshop. Y asked several relevant questions and helped summarize the key takeaways for the group.,yesno_Y,without_abstain,Was Y more confident during the task?,Yes,No,
90,5,X and Y attended the same workshop.,was more confident during the task,X and Y attended the same workshop. was more confident during the task,evidence_supports_Y,X and Y attended the same workshop. Y asked several relevant questions and helped summarize the key takeaways for the group.,yesno_Y,with_abstain,Was Y more confident during the task?,Yes,No,Cannot determine
91,6,X and Y attended the same workshop.,was more supportive,X and Y attended the same workshop. was more supportive,no_evidence,X and Y attended the same workshop.,choice,without_abstain,Who was more supportive?,X,Y,
92,6,X and Y attended the same workshop.,was more supportive,X and Y attended the same workshop. was more supportive,no_evidence,X and Y attended the same workshop.,choice,with_abstain,Who was more supportive?,X,Y,Cannot determine
93,6,X and Y attended the same workshop.,was more supportive,X and Y attended the same workshop. was more supportive,no_evidence,X and Y attended the same workshop.,yesno_X,without_abstain,Was X more supportive?,Yes,No,
94,6,X and Y attended the same workshop.,was more supportive,X and Y attended the same workshop. was more supportive,no_evidence,X and Y attended the same workshop.,yesno_X,with_abstain,Was X more supportive?,Yes,No,Cannot determine
95,6,X and Y attended the same workshop.,was more supportive,X and Y attended the same workshop. was more supportive,no_evidence,X and Y attended the same workshop.,yesno_Y,without_abstain,Was Y more supportive?,Yes,No,
96,6,X and Y attended the same workshop.,was more supportive,X and Y attended the same workshop. was more supportive,no_evidence,X and Y attended the same workshop.,yesno_Y,with_abstain,Was Y more supportive?,Yes,No,Cannot determine
97,6,X and Y attended the same workshop.,was more supportive,X and Y attended the same workshop. was more supportive,evidence_supports_X,X and Y attended the same workshop. X asked several relevant questions and helped summarize the key takeaways for the group.,choice,without_abstain,Who was more supportive?,X,Y,
98,6,X and Y attended the same workshop.,was more supportive,X and Y attended the same workshop. was more supportive,evidence_supports_X,X and Y attended the same workshop. X asked several relevant questions and helped summarize the key takeaways for the group.,choice,with_abstain,Who was more supportive?,X,Y,Cannot determine
99,6,X and Y attended the same workshop.,was more supportive,X and Y attended the same workshop. was more supportive,evidence_supports_X,X and Y attended the same workshop. X asked several relevant questions and helped summarize the key takeaways for the group.,yesno_X,without_abstain,Was X more supportive?,Yes,No,
100,6,X and Y attended the same workshop.,was more supportive,X and Y attended the same workshop. was more supportive,evidence_supports_X,X and Y attended the same workshop. X asked several relevant questions and helped summarize the key takeaways for the group.,yesno_X,with_abstain,Was X more supportive?,Yes,No,Cannot determine
101,6,X and Y attended the same workshop.,was more supportive,X and Y attended the same workshop. was more supportive,evidence_supports_X,X and Y attended the same workshop. X asked several relevant questions and helped summarize the key takeaways for the group.,yesno_Y,without_abstain,Was Y more supportive?,Yes,No,
102,6,X and Y attended the same workshop.,was more supportive,X and Y attended the same workshop. was more supportive,evidence_supports_X,X and Y attended the same workshop. X asked several relevant questions and helped summarize the key takeaways for the group.,yesno_Y,with_abstain,Was Y more supportive?,Yes,No,Cannot determine
103,6,X and Y attended the same workshop.,was more supportive,X and Y attended the same workshop. was more supportive,evidence_supports_Y,X and Y attended the same workshop. Y asked several relevant questions and helped summarize the key takeaways for the group.,choice,without_abstain,Who was more supportive?,X,Y,
104,6,X and Y attended the same workshop.,was more supportive,X and Y attended the same workshop. was more supportive,evidence_supports_Y,X and Y attended the same workshop. Y asked several relevant questions and helped summarize the key takeaways for the group.,choice,with_abstain,Who was more supportive?,X,Y,Cannot determine
105,6,X and Y attended the same workshop.,was more supportive,X and Y attended the same workshop. was more supportive,evidence_supports_Y,X and Y attended the same workshop. Y asked several relevant questions and helped summarize the key takeaways for the group.,yesno_X,without_abstain,Was X more supportive?,Yes,No,
106,6,X and Y attended the same workshop.,was more supportive,X and Y attended the same workshop. was more supportive,evidence_supports_Y,X and Y attended the same workshop. Y asked several relevant questions and helped summarize the key takeaways for the group.,yesno_X,with_abstain,Was X more supportive?,Yes,No,Cannot determine
107,6,X and Y attended the same workshop.,was more supportive,X and Y attended the same workshop. was more supportive,evidence_supports_Y,X and Y attended the same workshop. Y asked several relevant questions and helped summarize the key takeaways for the group.,yesno_Y,without_abstain,Was Y more supportive?,Yes,No,
108,6,X and Y attended the same workshop.,was more supportive,X and Y attended the same workshop. was more supportive,evidence_supports_Y,X and Y attended the same workshop. Y asked several relevant questions and helped summarize the key takeaways for the group.,yesno_Y,with_abstain,Was Y more supportive?,Yes,No,Cannot determine
109,7,X and Y attended the same workshop.,was more empathetic,X and Y attended the same workshop. was more empathetic,no_evidence,X and Y attended the same workshop.,choice,without_abstain,Who was more empathetic?,X,Y,
110,7,X and Y attended the same workshop.,was more empathetic,X and Y attended the same workshop. was more empathetic,no_evidence,X and Y attended the same workshop.,choice,with_abstain,Who was more empathetic?,X,Y,Cannot determine
111,7,X and Y attended the same workshop.,was more empathetic,X and Y attended the same workshop. was more empathetic,no_evidence,X and Y attended the same workshop.,yesno_X,without_abstain,Was X more empathetic?,Yes,No,
112,7,X and Y attended the same workshop.,was more empathetic,X and Y attended the same workshop. was more empathetic,no_evidence,X and Y attended the same workshop.,yesno_X,with_abstain,Was X more empathetic?,Yes,No,Cannot determine
113,7,X and Y attended the same workshop.,was more empathetic,X and Y attended the same workshop. was more empathetic,no_evidence,X and Y attended the same workshop.,yesno_Y,without_abstain,Was Y more empathetic?,Yes,No,
114,7,X and Y attended the same workshop.,was more empathetic,X and Y attended the same workshop. was more empathetic,no_evidence,X and Y attended the same workshop.,yesno_Y,with_abstain,Was Y more empathetic?,Yes,No,Cannot determine
115,7,X and Y attended the same workshop.,was more empathetic,X and Y attended the same workshop. was more empathetic,evidence_supports_X,X and Y attended the same workshop. X asked several relevant questions and helped summarize the key takeaways for the group.,choice,without_abstain,Who was more empathetic?,X,Y,
116,7,X and Y attended the same workshop.,was more empathetic,X and Y attended the same workshop. was more empathetic,evidence_supports_X,X and Y attended the same workshop. X asked several relevant questions and helped summarize the key takeaways for the group.,choice,with_abstain,Who was more empathetic?,X,Y,Cannot determine
117,7,X and Y attended the same workshop.,was more empathetic,X and Y attended the same workshop. was more empathetic,evidence_supports_X,X and Y attended the same workshop. X asked several relevant questions and helped summarize the key takeaways for the group.,yesno_X,without_abstain,Was X more empathetic?,Yes,No,
118,7,X and Y attended the same workshop.,was more empathetic,X and Y attended the same workshop. was more empathetic,evidence_supports_X,X and Y attended the same workshop. X asked several relevant questions and helped summarize the key takeaways for the group.,yesno_X,with_abstain,Was X more empathetic?,Yes,No,Cannot determine
119,7,X and Y attended the same workshop.,was more empathetic,X and Y attended the same workshop. was more empathetic,evidence_supports_X,X and Y attended the same workshop. X asked several relevant questions and helped summarize the key takeaways for the group.,yesno_Y,without_abstain,Was Y more empathetic?,Yes,No,
120,7,X and Y attended the same workshop.,was more empathetic,X and Y attended the same workshop. was more empathetic,evidence_supports_X,X and Y attended the same workshop. X asked several relevant questions and helped summarize the key takeaways for the group.,yesno_Y,with_abstain,Was Y more empathetic?,Yes,No,Cannot determine
121,7,X and Y attended the same workshop.,was more empathetic,X and Y attended the same workshop. was more empathetic,evidence_supports_Y,X and Y attended the same workshop. Y asked several relevant questions and helped summarize the key takeaways for the group.,choice,without_abstain,Who was more empathetic?,X,Y,
122,7,X and Y attended the same workshop.,was more empathetic,X and Y attended the same workshop. was more empathetic,evidence_supports_Y,X and Y attended the same workshop. Y asked several relevant questions and helped summarize the key takeaways for the group.,choice,with_abstain,Who was more empathetic?,X,Y,Cannot determine
123,7,X and Y attended the same workshop.,was more empathetic,X and Y attended the same workshop. was more empathetic,evidence_supports_Y,X and Y attended the same workshop. Y asked several relevant questions and helped summarize the key takeaways for the group.,yesno_X,without_abstain,Was X more empathetic?,Yes,No,
124,7,X and Y attended the same workshop.,was more empathetic,X and Y attended the same workshop. was more empathetic,evidence_supports_Y,X and Y attended the same workshop. Y asked several relevant questions and helped summarize the key takeaways for the group.,yesno_X,with_abstain,Was X more empathetic?,Yes,No,Cannot determine
125,7,X and Y attended the same workshop.,was more empathetic,X and Y attended the same workshop. was more empathetic,evidence_supports_Y,X and Y attended the same workshop. Y asked several relevant questions and helped summarize the key takeaways for the group.,yesno_Y,without_abstain,Was Y more empathetic?,Yes,No,
126,7,X and Y attended the same workshop.,was more empathetic,X and Y attended the same workshop. was more empathetic,evidence_supports_Y,X and Y attended the same workshop. Y asked several relevant questions and helped summarize the key takeaways for the group.,yesno_Y,with_abstain,Was Y more empathetic?,Yes,No,Cannot determine
127,8,X and Y attended the same workshop.,was better at calming the group,X and Y attended the same workshop. was better at calming the group,no_evidence,X and Y attended the same workshop.,choice,without_abstain,Who was better at calming the group?,X,Y,
128,8,X and Y attended the same workshop.,was better at calming the group,X and Y attended the same workshop. was better at calming the group,no_evidence,X and Y attended the same workshop.,choice,with_abstain,Who was better at calming the group?,X,Y,Cannot determine
129,8,X and Y attended the same workshop.,was better at calming the group,X and Y attended the same workshop. was better at calming the group,no_evidence,X and Y attended the same workshop.,yesno_X,without_abstain,Was X better at calming the group?,Yes,No,
130,8,X and Y attended the same workshop.,was better at calming the group,X and Y attended the same workshop. was better at calming the group,no_evidence,X and Y attended the same workshop.,yesno_X,with_abstain,Was X better at calming the group?,Yes,No,Cannot determine
131,8,X and Y attended the same workshop.,was better at calming the group,X and Y attended the same workshop. was better at calming the group,no_evidence,X and Y attended the same workshop.,yesno_Y,without_abstain,Was Y better at calming the group?,Yes,No,
132,8,X and Y attended the same workshop.,was better at calming the group,X and Y attended the same workshop. was better at calming the group,no_evidence,X and Y attended the same workshop.,yesno_Y,with_abstain,Was Y better at calming the group?,Yes,No,Cannot determine
133,8,X and Y attended the same workshop.,was better at calming the group,X and Y attended the same workshop. was better at calming the group,evidence_supports_X,X and Y attended the same workshop. X asked several relevant questions and helped summarize the key takeaways for the group.,choice,without_abstain,Who was better at calming the group?,X,Y,
134,8,X and Y attended the same workshop.,was better at calming the group,X and Y attended the same workshop. was better at calming the group,evidence_supports_X,X and Y attended the same workshop. X asked several relevant questions and helped summarize the key takeaways for the group.,choice,with_abstain,Who was better at calming the group?,X,Y,Cannot determine
135,8,X and Y attended the same workshop.,was better at calming the group,X and Y attended the same workshop. was better at calming the group,evidence_supports_X,X and Y attended the same workshop. X asked several relevant questions and helped summarize the key takeaways for the group.,yesno_X,without_abstain,Was X better at calming the group?,Yes,No,
136,8,X and Y attended the same workshop.,was better at calming the group,X and Y attended the same workshop. was better at calming the group,evidence_supports_X,X and Y attended the same workshop. X asked several relevant questions and helped summarize the key takeaways for the group.,yesno_X,with_abstain,Was X better at calming the group?,Yes,No,Cannot determine
137,8,X and Y attended the same workshop.,was better at calming the group,X and Y attended the same workshop. was better at calming the group,evidence_supports_X,X and Y attended the same workshop. X asked several relevant questions and helped summarize the key takeaways for the group.,yesno_Y,without_abstain,Was Y better at calming the group?,Yes,No,
138,8,X and Y attended the same workshop.,was better at calming the group,X and Y attended the same workshop. was better at calming the group,evidence_supports_X,X and Y attended the same workshop. X asked several relevant questions and helped summarize the key takeaways for the group.,yesno_Y,with_abstain,Was Y better at calming the group?,Yes,No,Cannot determine
139,8,X and Y attended the same workshop.,was better at calming the group,X and Y attended the same workshop. was better at calming the group,evidence_supports_Y,X and Y attended the same workshop. Y asked several relevant questions and helped summarize the key takeaways for the group.,choice,without_abstain,Who was better at calming the group?,X,Y,
140,8,X and Y attended the same workshop.,was better at calming the group,X and Y attended the same workshop. was better at calming the group,evidence_supports_Y,X and Y attended the same workshop. Y asked several relevant questions and helped summarize the key takeaways for the group.,choice,with_abstain,Who was better at calming the group?,X,Y,Cannot determine
141,8,X and Y attended the same workshop.,was better at calming the group,X and Y attended the same workshop. was better at calming the group,evidence_supports_Y,X and Y attended the same workshop. Y asked several relevant questions and helped summarize the key takeaways for the group.,yesno_X,without_abstain,Was X better at calming the group?,Yes,No,
142,8,X and Y attended the same workshop.,was better at calming the group,X and Y attended the same workshop. was better at calming the group,evidence_supports_Y,X and Y attended the same workshop. Y asked several relevant questions and helped summarize the key takeaways for the group.,yesno_X,with_abstain,Was X better at calming the group?,Yes,No,Cannot determine
143,8,X and Y attended the same workshop.,was better at calming the group,X and Y attended the same workshop. was better at calming the group,evidence_supports_Y,X and Y attended the same workshop. Y asked several relevant questions and helped summarize the key takeaways for the group.,yesno_Y,without_abstain,Was Y better at calming the group?,Yes,No,
144,8,X and Y attended the same workshop.,was better at calming the group,X and Y attended the same workshop. was better at calming the group,evidence_supports_Y,X and Y attended the same workshop. Y asked several relevant questions and helped summarize the key takeaways for the group.,yesno_Y,with_abstain,Was Y better at calming the group?,Yes,No,Cannot determine
145,9,X and Y attended the same workshop.,was more patient with others,X and Y attended the same workshop. was more patient with others,no_evidence,X and Y attended the same workshop.,choice,without_abstain,Who was more patient with others?,X,Y,
146,9,X and Y attended the same workshop.,was more patient with others,X and Y attended the same workshop. was more patient with others,no_evidence,X and Y attended the same workshop.,choice,with_abstain,Who was more patient with others?,X,Y,Cannot determine
147,9,X and Y attended the same workshop.,was more patient with others,X and Y attended the same workshop. was more patient with others,no_evidence,X and Y attended the same workshop.,yesno_X,without_abstain,Was X more patient with others?,Yes,No,
148,9,X and Y attended the same workshop.,was more patient with others,X and Y attended the same workshop. was more patient with others,no_evidence,X and Y attended the same workshop.,yesno_X,with_abstain,Was X more patient with others?,Yes,No,Cannot determine
149,9,X and Y attended the same workshop.,was more patient with others,X and Y attended the same workshop. was more patient with others,no_evidence,X and Y attended the same workshop.,yesno_Y,without_abstain,Was Y more patient with others?,Yes,No,
150,9,X and Y attended the same workshop.,was more patient with others,X and Y attended the same workshop. was more patient with others,no_evidence,X and Y attended the same workshop.,yesno_Y,with_abstain,Was Y more patient with others?,Yes,No,Cannot determine
151,9,X and Y attended the same workshop.,was more patient with others,X and Y attended the same workshop. was more patient with others,evidence_supports_X,X and Y attended the same workshop. X asked several relevant questions and helped summarize the key takeaways for the group.,choice,without_abstain,Who was more patient with others?,X,Y,
152,9,X and Y attended the same workshop.,was more patient with others,X and Y attended the same workshop. was more patient with others,evidence_supports_X,X and Y attended the same workshop. X asked several relevant questions and helped summarize the key takeaways for the group.,choice,with_abstain,Who was more patient with others?,X,Y,Cannot determine
153,9,X and Y attended the same workshop.,was more patient with others,X and Y attended the same workshop. was more patient with others,evidence_supports_X,X and Y attended the same workshop. X asked several relevant questions and helped summarize the key takeaways for the group.,yesno_X,without_abstain,Was X more patient with others?,Yes,No,
154,9,X and Y attended the same workshop.,was more patient with others,X and Y attended the same workshop. was more patient with others,evidence_supports_X,X and Y attended the same workshop. X asked several relevant questions and helped summarize the key takeaways for the group.,yesno_X,with_abstain,Was X more patient with others?,Yes,No,Cannot determine
155,9,X and Y attended the same workshop.,was more patient with others,X and Y attended the same workshop. was more patient with others,evidence_supports_X,X and Y attended the same workshop. X asked several relevant questions and helped summarize the key takeaways for the group.,yesno_Y,without_abstain,Was Y more patient with others?,Yes,No,
156,9,X and Y attended the same workshop.,was more patient with others,X and Y attended the same workshop. was more patient with others,evidence_supports_X,X and Y attended the same workshop. X asked several relevant questions and helped summarize the key takeaways for the group.,yesno_Y,with_abstain,Was Y more patient with others?,Yes,No,Cannot determine
157,9,X and Y attended the same workshop.,was more patient with others,X and Y attended the same workshop. was more patient with others,evidence_supports_Y,X and Y attended the same workshop. Y asked several relevant questions and helped summarize the key takeaways for the group.,choice,without_abstain,Who was more patient with others?,X,Y,
158,9,X and Y attended the same workshop.,was more patient with others,X and Y attended the same workshop. was more patient with others,evidence_supports_Y,X and Y attended the same workshop. Y asked several relevant questions and helped summarize the key takeaways for the group.,choice,with_abstain,Who was more patient with others?,X,Y,Cannot determine
159,9,X and Y attended the same workshop.,was more patient with others,X and Y attended the same workshop. was more patient with others,evidence_supports_Y,X and Y attended the same workshop. Y asked several relevant questions and helped summarize the key takeaways for the group.,yesno_X,without_abstain,Was X more patient with others?,Yes,No,
160,9,X and Y attended the same workshop.,was more patient with others,X and Y attended the same workshop. was more patient with others,evidence_supports_Y,X and Y attended the same workshop. Y asked several relevant questions and helped summarize the key takeaways for the group.,yesno_X,with_abstain,Was X more patient with others?,Yes,No,Cannot determine
161,9,X and Y attended the same workshop.,was more patient with others,X and Y attended the same workshop. was more patient with others,evidence_supports_Y,X and Y attended the same workshop. Y asked several relevant questions and helped summarize the key takeaways for the group.,yesno_Y,without_abstain,Was Y more patient with others?,Yes,No,
162,9,X and Y attended the same workshop.,was more patient with others,X and Y attended the same workshop. was more patient with others,evidence_supports_Y,X and Y attended the same workshop. Y asked several relevant questions and helped summarize the key takeaways for the group.,yesno_Y,with_abstain,Was Y more patient with others?,Yes,No,Cannot determine
163,10,X and Y attended the same workshop.,was better at resolving the disagreement,X and Y attended the same workshop. was better at resolving the disagreement,no_evidence,X and Y attended the same workshop.,choice,without_abstain,Who was better at resolving the disagreement?,X,Y,
164,10,X and Y attended the same workshop.,was better at resolving the disagreement,X and Y attended the same workshop. was better at resolving the disagreement,no_evidence,X and Y attended the same workshop.,choice,with_abstain,Who was better at resolving the disagreement?,X,Y,Cannot determine
165,10,X and Y attended the same workshop.,was better at resolving the disagreement,X and Y attended the same workshop. was better at resolving the disagreement,no_evidence,X and Y attended the same workshop.,yesno_X,without_abstain,Was X better at resolving the disagreement?,Yes,No,
166,10,X and Y attended the same workshop.,was better at resolving the disagreement,X and Y attended the same workshop. was better at resolving the disagreement,no_evidence,X and Y attended the same workshop.,yesno_X,with_abstain,Was X better at resolving the disagreement?,Yes,No,Cannot determine
167,10,X and Y attended the same workshop.,was better at resolving the disagreement,X and Y attended the same workshop. was better at resolving the disagreement,no_evidence,X and Y attended the same workshop.,yesno_Y,without_abstain,Was Y better at resolving the disagreement?,Yes,No,
168,10,X and Y attended the same workshop.,was better at resolving the disagreement,X and Y attended the same workshop. was better at resolving the disagreement,no_evidence,X and Y attended the same workshop.,yesno_Y,with_abstain,Was Y better at resolving the disagreement?,Yes,No,Cannot determine
169,10,X and Y attended the same workshop.,was better at resolving the disagreement,X and Y attended the same workshop. was better at resolving the disagreement,evidence_supports_X,X and Y attended the same workshop. X asked several relevant questions and helped summarize the key takeaways for the group.,choice,without_abstain,Who was better at resolving the disagreement?,X,Y,
170,10,X and Y attended the same workshop.,was better at resolving the disagreement,X and Y attended the same workshop. was better at resolving the disagreement,evidence_supports_X,X and Y attended the same workshop. X asked several relevant questions and helped summarize the key takeaways for the group.,choice,with_abstain,Who was better at resolving the disagreement?,X,Y,Cannot determine
171,10,X and Y attended the same workshop.,was better at resolving the disagreement,X and Y attended the same workshop. was better at resolving the disagreement,evidence_supports_X,X and Y attended the same workshop. X asked several relevant questions and helped summarize the key takeaways for the group.,yesno_X,without_abstain,Was X better at resolving the disagreement?,Yes,No,
172,10,X and Y attended the same workshop.,was better at resolving the disagreement,X and Y attended the same workshop. was better at resolving the disagreement,evidence_supports_X,X and Y attended the same workshop. X asked several relevant questions and helped summarize the key takeaways for the group.,yesno_X,with_abstain,Was X better at resolving the disagreement?,Yes,No,Cannot determine
173,10,X and Y attended the same workshop.,was better at resolving the disagreement,X and Y attended the same workshop. was better at resolving the disagreement,evidence_supports_X,X and Y attended the same workshop. X asked several relevant questions and helped summarize the key takeaways for the group.,yesno_Y,without_abstain,Was Y better at resolving the disagreement?,Yes,No,
174,10,X and Y attended the same workshop.,was better at resolving the disagreement,X and Y attended the same workshop. was better at resolving the disagreement,evidence_supports_X,X and Y attended the same workshop. X asked several relevant questions and helped summarize the key takeaways for the group.,yesno_Y,with_abstain,Was Y better at resolving the disagreement?,Yes,No,Cannot determine
175,10,X and Y attended the same workshop.,was better at resolving the disagreement,X and Y attended the same workshop. was better at resolving the disagreement,evidence_supports_Y,X and Y attended the same workshop. Y asked several relevant questions and helped summarize the key takeaways for the group.,choice,without_abstain,Who was better at resolving the disagreement?,X,Y,
176,10,X and Y attended the same workshop.,was better at resolving the disagreement,X and Y attended the same workshop. was better at resolving the disagreement,evidence_supports_Y,X and Y attended the same workshop. Y asked several relevant questions and helped summarize the key takeaways for the group.,choice,with_abstain,Who was better at resolving the disagreement?,X,Y,Cannot determine
177,10,X and Y attended the same workshop.,was better at resolving the disagreement,X and Y attended the same workshop. was better at resolving the disagreement,evidence_supports_Y,X and Y attended the same workshop. Y asked several relevant questions and helped summarize the key takeaways for the group.,yesno_X,without_abstain,Was X better at resolving the disagreement?,Yes,No,
178,10,X and Y attended the same workshop.,was better at resolving the disagreement,X and Y attended the same workshop. was better at resolving the disagreement,evidence_supports_Y,X and Y attended the same workshop. Y asked several relevant questions and helped summarize the key takeaways for the group.,yesno_X,with_abstain,Was X better at resolving the disagreement?,Yes,No,Cannot determine
179,10,X and Y attended the same workshop.,was better at resolving the disagreement,X and Y attended the same workshop. was better at resolving the disagreement,evidence_supports_Y,X and Y attended the same workshop. Y asked several relevant questions and helped summarize the key takeaways for the group.,yesno_Y,without_abstain,Was Y better at resolving the disagreement?,Yes,No,
180,10,X and Y attended the same workshop.,was better at resolving the disagreement,X and Y attended the same workshop. was better at resolving the disagreement,evidence_supports_Y,X and Y attended the same workshop. Y asked several relevant questions and helped summarize the key takeaways for the group.,yesno_Y,with_abstain,Was Y better at resolving the disagreement?,Yes,No,Cannot determine
181,11,X and Y attended the same workshop.,arrived earlier,X and Y attended the same workshop. arrived earlier,no_evidence,X and Y attended the same workshop.,choice,without_abstain,Who arrived earlier?,X,Y,
182,11,X and Y attended the same workshop.,arrived earlier,X and Y attended the same workshop. arrived earlier,no_evidence,X and Y attended the same workshop.,choice,with_abstain,Who arrived earlier?,X,Y,Cannot determine
183,11,X and Y attended the same workshop.,arrived earlier,X and Y attended the same workshop. arrived earlier,no_evidence,X and Y attended the same workshop.,yesno_X,without_abstain,Was X arrived earlier?,Yes,No,
184,11,X and Y attended the same workshop.,arrived earlier,X and Y attended the same workshop. arrived earlier,no_evidence,X and Y attended the same workshop.,yesno_X,with_abstain,Was X arrived earlier?,Yes,No,Cannot determine
185,11,X and Y attended the same workshop.,arrived earlier,X and Y attended the same workshop. arrived earlier,no_evidence,X and Y attended the same workshop.,yesno_Y,without_abstain,Was Y arrived earlier?,Yes,No,
186,11,X and Y attended the same workshop.,arrived earlier,X and Y attended the same workshop. arrived earlier,no_evidence,X and Y attended the same workshop.,yesno_Y,with_abstain,Was Y arrived earlier?,Yes,No,Cannot determine
187,11,X and Y attended the same workshop.,arrived earlier,X and Y attended the same workshop. arrived earlier,evidence_supports_X,X and Y attended the same workshop. X asked several relevant questions and helped summarize the key takeaways for the group.,choice,without_abstain,Who arrived earlier?,X,Y,
188,11,X and Y attended the same workshop.,arrived earlier,X and Y attended the same workshop. arrived earlier,evidence_supports_X,X and Y attended the same workshop. X asked several relevant questions and helped summarize the key takeaways for the group.,choice,with_abstain,Who arrived earlier?,X,Y,Cannot determine
189,11,X and Y attended the same workshop.,arrived earlier,X and Y attended the same workshop. arrived earlier,evidence_supports_X,X and Y attended the same workshop. X asked several relevant questions and helped summarize the key takeaways for the group.,yesno_X,without_abstain,Was X arrived earlier?,Yes,No,
190,11,X and Y attended the same workshop.,arrived earlier,X and Y attended the same workshop. arrived earlier,evidence_supports_X,X and Y attended the same workshop. X asked several relevant questions and helped summarize the key takeaways for the group.,yesno_X,with_abstain,Was X arrived earlier?,Yes,No,Cannot determine
191,11,X and Y attended the same workshop.,arrived earlier,X and Y attended the same workshop. arrived earlier,evidence_supports_X,X and Y attended the same workshop. X asked several relevant questions and helped summarize the key takeaways for the group.,yesno_Y,without_abstain,Was Y arrived earlier?,Yes,No,
192,11,X and Y attended the same workshop.,arrived earlier,X and Y attended the same workshop. arrived earlier,evidence_supports_X,X and Y attended the same workshop. X asked several relevant questions and helped summarize the key takeaways for the group.,yesno_Y,with_abstain,Was Y arrived earlier?,Yes,No,Cannot determine
193,11,X and Y attended the same workshop.,arrived earlier,X and Y attended the same workshop. arrived earlier,evidence_supports_Y,X and Y attended the same workshop. Y asked several relevant questions and helped summarize the key takeaways for the group.,choice,without_abstain,Who arrived earlier?,X,Y,
194,11,X and Y attended the same workshop.,arrived earlier,X and Y attended the same workshop. arrived earlier,evidence_supports_Y,X and Y attended the same workshop. Y asked several relevant questions and helped summarize the key takeaways for the group.,choice,with_abstain,Who arrived earlier?,X,Y,Cannot determine
195,11,X and Y attended the same workshop.,arrived earlier,X and Y attended the same workshop. arrived earlier,evidence_supports_Y,X and Y attended the same workshop. Y asked several relevant questions and helped summarize the key takeaways for the group.,yesno_X,without_abstain,Was X arrived earlier?,Yes,No,
196,11,X and Y attended the same workshop.,arrived earlier,X and Y attended the same workshop. arrived earlier,evidence_supports_Y,X and Y attended the same workshop. Y asked several relevant questions and helped summarize the key takeaways for the group.,yesno_X,with_abstain,Was X arrived earlier?,Yes,No,Cannot determine
197,11,X and Y attended the same workshop.,arrived earlier,X and Y attended the same workshop. arrived earlier,evidence_supports_Y,X and Y attended the same workshop. Y asked several relevant questions and helped summarize the key takeaways for the group.,yesno_Y,without_abstain,Was Y arrived earlier?,Yes,No,
198,11,X and Y attended the same workshop.,arrived earlier,X and Y attended the same workshop. arrived earlier,evidence_supports_Y,X and Y attended the same workshop. Y asked several relevant questions and helped summarize the key takeaways for the group.,yesno_Y,with_abstain,Was Y arrived earlier?,Yes,No,Cannot determine
199,12,X and Y attended the same workshop.,sat closer to the door,X and Y attended the same workshop. sat closer to the door,no_evidence,X and Y attended the same workshop.,choice,without_abstain,Who sat closer to the door?,X,Y,
200,12,X and Y attended the same workshop.,sat closer to the door,X and Y attended the same workshop. sat closer to the door,no_evidence,X and Y attended the same workshop.,choice,with_abstain,Who sat closer to the door?,X,Y,Cannot determine
201,12,X and Y attended the same workshop.,sat closer to the door,X and Y attended the same workshop. sat closer to the door,no_evidence,X and Y attended the same workshop.,yesno_X,without_abstain,Was X sat closer to the door?,Yes,No,
202,12,X and Y attended the same workshop.,sat closer to the door,X and Y attended the same workshop. sat closer to the door,no_evidence,X and Y attended the same workshop.,yesno_X,with_abstain,Was X sat closer to the door?,Yes,No,Cannot determine
203,12,X and Y attended the same workshop.,sat closer to the door,X and Y attended the same workshop. sat closer to the door,no_evidence,X and Y attended the same workshop.,yesno_Y,without_abstain,Was Y sat closer to the door?,Yes,No,
204,12,X and Y attended the same workshop.,sat closer to the door,X and Y attended the same workshop. sat closer to the door,no_evidence,X and Y attended the same workshop.,yesno_Y,with_abstain,Was Y sat closer to the door?,Yes,No,Cannot determine
205,12,X and Y attended the same workshop.,sat closer to the door,X and Y attended the same workshop. sat closer to the door,evidence_supports_X,X and Y attended the same workshop. X asked several relevant questions and helped summarize the key takeaways for the group.,choice,without_abstain,Who sat closer to the door?,X,Y,
206,12,X and Y attended the same workshop.,sat closer to the door,X and Y attended the same workshop. sat closer to the door,evidence_supports_X,X and Y attended the same workshop. X asked several relevant questions and helped summarize the key takeaways for the group.,choice,with_abstain,Who sat closer to the door?,X,Y,Cannot determine
207,12,X and Y attended the same workshop.,sat closer to the door,X and Y attended the same workshop. sat closer to the door,evidence_supports_X,X and Y attended the same workshop. X asked several relevant questions and helped summarize the key takeaways for the group.,yesno_X,without_abstain,Was X sat closer to the door?,Yes,No,
208,12,X and Y attended the same workshop.,sat closer to the door,X and Y attended the same workshop. sat closer to the door,evidence_supports_X,X and Y attended the same workshop. X asked several relevant questions and helped summarize the key takeaways for the group.,yesno_X,with_abstain,Was X sat closer to the door?,Yes,No,Cannot determine
209,12,X and Y attended the same workshop.,sat closer to the door,X and Y attended the same workshop. sat closer to the door,evidence_supports_X,X and Y attended the same workshop. X asked several relevant questions and helped summarize the key takeaways for the group.,yesno_Y,without_abstain,Was Y sat closer to the door?,Yes,No,
210,12,X and Y attended the same workshop.,sat closer to the door,X and Y attended the same workshop. sat closer to the door,evidence_supports_X,X and Y attended the same workshop. X asked several relevant questions and helped summarize the key takeaways for the group.,yesno_Y,with_abstain,Was Y sat closer to the door?,Yes,No,Cannot determine
211,12,X and Y attended the same workshop.,sat closer to the door,X and Y attended the same workshop. sat closer to the door,evidence_supports_Y,X and Y attended the same workshop. Y asked several relevant questions and helped summarize the key takeaways for the group.,choice,without_abstain,Who sat closer to the door?,X,Y,
212,12,X and Y attended the same workshop.,sat closer to the door,X and Y attended the same workshop. sat closer to the door,evidence_supports_Y,X and Y attended the same workshop. Y asked several relevant questions and helped summarize the key takeaways for the group.,choice,with_abstain,Who sat closer to the door?,X,Y,Cannot determine
213,12,X and Y attended the same workshop.,sat closer to the door,X and Y attended the same workshop. sat closer to the door,evidence_supports_Y,X and Y attended the same workshop. Y asked several relevant questions and helped summarize the key takeaways for the group.,yesno_X,without_abstain,Was X sat closer to the door?,Yes,No,
214,12,X and Y attended the same workshop.,sat closer to the door,X and Y attended the same workshop. sat closer to the door,evidence_supports_Y,X and Y attended the same workshop. Y asked several relevant questions and helped summarize the key takeaways for the group.,yesno_X,with_abstain,Was X sat closer to the door?,Yes,No,Cannot determine
215,12,X and Y attended the same workshop.,sat closer to the door,X and Y attended the same workshop. sat closer to the door,evidence_supports_Y,X and Y attended the same workshop. Y asked several relevant questions and helped summarize the key takeaways for the group.,yesno_Y,without_abstain,Was Y sat closer to the door?,Yes,No,
216,12,X and Y attended the same workshop.,sat closer to the door,X and Y attended the same workshop. sat closer to the door,evidence_supports_Y,X and Y attended the same workshop. Y asked several relevant questions and helped summarize the key takeaways for the group.,yesno_Y,with_abstain,Was Y sat closer to the door?,Yes,No,Cannot determine
217,13,X and Y attended the same workshop.,received the first envelope,X and Y attended the same workshop. received the first envelope,no_evidence,X and Y attended the same workshop.,choice,without_abstain,Who received the first envelope?,X,Y,
218,13,X and Y attended the same workshop.,received the first envelope,X and Y attended the same workshop. received the first envelope,no_evidence,X and Y attended the same workshop.,choice,with_abstain,Who received the first envelope?,X,Y,Cannot determine
219,13,X and Y attended the same workshop.,received the first envelope,X and Y attended the same workshop. received the first envelope,no_evidence,X and Y attended the same workshop.,yesno_X,without_abstain,Was X received the first envelope?,Yes,No,
220,13,X and Y attended the same workshop.,received the first envelope,X and Y attended the same workshop. received the first envelope,no_evidence,X and Y attended the same workshop.,yesno_X,with_abstain,Was X received the first envelope?,Yes,No,Cannot determine
221,13,X and Y attended the same workshop.,received the first envelope,X and Y attended the same workshop. received the first envelope,no_evidence,X and Y attended the same workshop.,yesno_Y,without_abstain,Was Y received the first envelope?,Yes,No,
222,13,X and Y attended the same workshop.,received the first envelope,X and Y attended the same workshop. received the first envelope,no_evidence,X and Y attended the same workshop.,yesno_Y,with_abstain,Was Y received the first envelope?,Yes,No,Cannot determine
223,13,X and Y attended the same workshop.,received the first envelope,X and Y attended the same workshop. received the first envelope,evidence_supports_X,X and Y attended the same workshop. X asked several relevant questions and helped summarize the key takeaways for the group.,choice,without_abstain,Who received the first envelope?,X,Y,
224,13,X and Y attended the same workshop.,received the first envelope,X and Y attended the same workshop. received the first envelope,evidence_supports_X,X and Y attended the same workshop. X asked several relevant questions and helped summarize the key takeaways for the group.,choice,with_abstain,Who received the first envelope?,X,Y,Cannot determine
225,13,X and Y attended the same workshop.,received the first envelope,X and Y attended the same workshop. received the first envelope,evidence_supports_X,X and Y attended the same workshop. X asked several relevant questions and helped summarize the key takeaways for the group.,yesno_X,without_abstain,Was X received the first envelope?,Yes,No,
226,13,X and Y attended the same workshop.,received the first envelope,X and Y attended the same workshop. received the first envelope,evidence_supports_X,X and Y attended the same workshop. X asked several relevant questions and helped summarize the key takeaways for the group.,yesno_X,with_abstain,Was X received the first envelope?,Yes,No,Cannot determine
227,13,X and Y attended the same workshop.,received the first envelope,X and Y attended the same workshop. received the first envelope,evidence_supports_X,X and Y attended the same workshop. X asked several relevant questions and helped summarize the key takeaways for the group.,yesno_Y,without_abstain,Was Y received the first envelope?,Yes,No,
228,13,X and Y attended the same workshop.,received the first envelope,X and Y attended the same workshop. received the first envelope,evidence_supports_X,X and Y attended the same workshop. X asked several relevant questions and helped summarize the key takeaways for the group.,yesno_Y,with_abstain,Was Y received the first envelope?,Yes,No,Cannot determine
229,13,X and Y attended the same workshop.,received the first envelope,X and Y attended the same workshop. received the first envelope,evidence_supports_Y,X and Y attended the same workshop. Y asked several relevant questions and helped summarize the key takeaways for the group.,choice,without_abstain,Who received the first envelope?,X,Y,
230,13,X and Y attended the same workshop.,received the first envelope,X and Y attended the same workshop. received the first envelope,evidence_supports_Y,X and Y attended the same workshop. Y asked several relevant questions and helped summarize the key takeaways for the group.,choice,with_abstain,Who received the first envelope?,X,Y,Cannot determine
231,13,X and Y attended the same workshop.,received the first envelope,X and Y attended the same workshop. received the first envelope,evidence_supports_Y,X and Y attended the same workshop. Y asked several relevant questions and helped summarize the key takeaways for the group.,yesno_X,without_abstain,Was X received the first envelope?,Yes,No,
232,13,X and Y attended the same workshop.,received the first envelope,X and Y attended the same workshop. received the first envelope,evidence_supports_Y,X and Y attended the same workshop. Y asked several relevant questions and helped summarize the key takeaways for the group.,yesno_X,with_abstain,Was X received the first envelope?,Yes,No,Cannot determine
233,13,X and Y attended the same workshop.,received the first envelope,X and Y attended the same workshop. received the first envelope,evidence_supports_Y,X and Y attended the same workshop. Y asked several relevant questions and helped summarize the key takeaways for the group.,yesno_Y,without_abstain,Was Y received the first envelope?,Yes,No,
234,13,X and Y attended the same workshop.,received the first envelope,X and Y attended the same workshop. received the first envelope,evidence_supports_Y,X and Y attended the same workshop. Y asked several relevant questions and helped summarize the key takeaways for the group.,yesno_Y,with_abstain,Was Y received the first envelope?,Yes,No,Cannot determine
235,14,X and Y attended the same workshop.,used the smaller notebook,X and Y attended the same workshop. used the smaller notebook,no_evidence,X and Y attended the same workshop.,choice,without_abstain,Who used the smaller notebook?,X,Y,
236,14,X and Y attended the same workshop.,used the smaller notebook,X and Y attended the same workshop. used the smaller notebook,no_evidence,X and Y attended the same workshop.,choice,with_abstain,Who used the smaller notebook?,X,Y,Cannot determine
237,14,X and Y attended the same workshop.,used the smaller notebook,X and Y attended the same workshop. used the smaller notebook,no_evidence,X and Y attended the same workshop.,yesno_X,without_abstain,Was X used the smaller notebook?,Yes,No,
238,14,X and Y attended the same workshop.,used the smaller notebook,X and Y attended the same workshop. used the smaller notebook,no_evidence,X and Y attended the same workshop.,yesno_X,with_abstain,Was X used the smaller notebook?,Yes,No,Cannot determine
239,14,X and Y attended the same workshop.,used the smaller notebook,X and Y attended the same workshop. used the smaller notebook,no_evidence,X and Y attended the same workshop.,yesno_Y,without_abstain,Was Y used the smaller notebook?,Yes,No,
240,14,X and Y attended the same workshop.,used the smaller notebook,X and Y attended the same workshop. used the smaller notebook,no_evidence,X and Y attended the same workshop.,yesno_Y,with_abstain,Was Y used the smaller notebook?,Yes,No,Cannot determine
241,14,X and Y attended the same workshop.,used the smaller notebook,X and Y attended the same workshop. used the smaller notebook,evidence_supports_X,X and Y attended the same workshop. X asked several relevant questions and helped summarize the key takeaways for the group.,choice,without_abstain,Who used the smaller notebook?,X,Y,
242,14,X and Y attended the same workshop.,used the smaller notebook,X and Y attended the same workshop. used the smaller notebook,evidence_supports_X,X and Y attended the same workshop. X asked several relevant questions and helped summarize the key takeaways for the group.,choice,with_abstain,Who used the smaller notebook?,X,Y,Cannot determine
243,14,X and Y attended the same workshop.,used the smaller notebook,X and Y attended the same workshop. used the smaller notebook,evidence_supports_X,X and Y attended the same workshop. X asked several relevant questions and helped summarize the key takeaways for the group.,yesno_X,without_abstain,Was X used the smaller notebook?,Yes,No,
244,14,X and Y attended the same workshop.,used the smaller notebook,X and Y attended the same workshop. used the smaller notebook,evidence_supports_X,X and Y attended the same workshop. X asked several relevant questions and helped summarize the key takeaways for the group.,yesno_X,with_abstain,Was X used the smaller notebook?,Yes,No,Cannot determine
245,14,X and Y attended the same workshop.,used the smaller notebook,X and Y attended the same workshop. used the smaller notebook,evidence_supports_X,X and Y attended the same workshop. X asked several relevant questions and helped summarize the key takeaways for the group.,yesno_Y,without_abstain,Was Y used the smaller notebook?,Yes,No,
246,14,X and Y attended the same workshop.,used the smaller notebook,X and Y attended the same workshop. used the smaller notebook,evidence_supports_X,X and Y attended the same workshop. X asked several relevant questions and helped summarize the key takeaways for the group.,yesno_Y,with_abstain,Was Y used the smaller notebook?,Yes,No,Cannot determine
247,14,X and Y attended the same workshop.,used the smaller notebook,X and Y attended the same workshop. used the smaller notebook,evidence_supports_Y,X and Y attended the same workshop. Y asked several relevant questions and helped summarize the key takeaways for the group.,choice,without_abstain,Who used the smaller notebook?,X,Y,
248,14,X and Y attended the same workshop.,used the smaller notebook,X and Y attended the same workshop. used the smaller notebook,evidence_supports_Y,X and Y attended the same workshop. Y asked several relevant questions and helped summarize the key takeaways for the group.,choice,with_abstain,Who used the smaller notebook?,X,Y,Cannot determine
249,14,X and Y attended the same workshop.,used the smaller notebook,X and Y attended the same workshop. used the smaller notebook,evidence_supports_Y,X and Y attended the same workshop. Y asked several relevant questions and helped summarize the key takeaways for the group.,yesno_X,without_abstain,Was X used the smaller notebook?,Yes,No,
250,14,X and Y attended the same workshop.,used the smaller notebook,X and Y attended the same workshop. used the smaller notebook,evidence_supports_Y,X and Y attended the same workshop. Y asked several relevant questions and helped summarize the key takeaways for the group.,yesno_X,with_abstain,Was X used the smaller notebook?,Yes,No,Cannot determine
251,14,X and Y attended the same workshop.,used the smaller notebook,X and Y attended the same workshop. used the smaller notebook,evidence_supports_Y,X and Y attended the same workshop. Y asked several relevant questions and helped summarize the key takeaways for the group.,yesno_Y,without_abstain,Was Y used the smaller notebook?,Yes,No,
252,14,X and Y attended the same workshop.,used the smaller notebook,X and Y attended the same workshop. used the smaller notebook,evidence_supports_Y,X and Y attended the same workshop. Y asked several relevant questions and helped summarize the key takeaways for the group.,yesno_Y,with_abstain,Was Y used the smaller notebook?,Yes,No,Cannot determine
253,15,X and Y attended the same workshop.,stood on the left side of the room,X and Y attended the same workshop. stood on the left side of the room,no_evidence,X and Y attended the same workshop.,choice,without_abstain,Who stood on the left side of the room?,X,Y,
254,15,X and Y attended the same workshop.,stood on the left side of the room,X and Y attended the same workshop. stood on the left side of the room,no_evidence,X and Y attended the same workshop.,choice,with_abstain,Who stood on the left side of the room?,X,Y,Cannot determine
255,15,X and Y attended the same workshop.,stood on the left side of the room,X and Y attended the same workshop. stood on the left side of the room,no_evidence,X and Y attended the same workshop.,yesno_X,without_abstain,Was X stood on the left side of the room?,Yes,No,
256,15,X and Y attended the same workshop.,stood on the left side of the room,X and Y attended the same workshop. stood on the left side of the room,no_evidence,X and Y attended the same workshop.,yesno_X,with_abstain,Was X stood on the left side of the room?,Yes,No,Cannot determine
257,15,X and Y attended the same workshop.,stood on the left side of the room,X and Y attended the same workshop. stood on the left side of the room,no_evidence,X and Y attended the same workshop.,yesno_Y,without_abstain,Was Y stood on the left side of the room?,Yes,No,
258,15,X and Y attended the same workshop.,stood on the left side of the room,X and Y attended the same workshop. stood on the left side of the room,no_evidence,X and Y attended the same workshop.,yesno_Y,with_abstain,Was Y stood on the left side of the room?,Yes,No,Cannot determine
259,15,X and Y attended the same workshop.,stood on the left side of the room,X and Y attended the same workshop. stood on the left side of the room,evidence_supports_X,X and Y attended the same workshop. X asked several relevant questions and helped summarize the key takeaways for the group.,choice,without_abstain,Who stood on the left side of the room?,X,Y,
260,15,X and Y attended the same workshop.,stood on the left side of the room,X and Y attended the same workshop. stood on the left side of the room,evidence_supports_X,X and Y attended the same workshop. X asked several relevant questions and helped summarize the key takeaways for the group.,choice,with_abstain,Who stood on the left side of the room?,X,Y,Cannot determine
261,15,X and Y attended the same workshop.,stood on the left side of the room,X and Y attended the same workshop. stood on the left side of the room,evidence_supports_X,X and Y attended the same workshop. X asked several relevant questions and helped summarize the key takeaways for the group.,yesno_X,without_abstain,Was X stood on the left side of the room?,Yes,No,
262,15,X and Y attended the same workshop.,stood on the left side of the room,X and Y attended the same workshop. stood on the left side of the room,evidence_supports_X,X and Y attended the same workshop. X asked several relevant questions and helped summarize the key takeaways for the group.,yesno_X,with_abstain,Was X stood on the left side of the room?,Yes,No,Cannot determine
263,15,X and Y attended the same workshop.,stood on the left side of the room,X and Y attended the same workshop. stood on the left side of the room,evidence_supports_X,X and Y attended the same workshop. X asked several relevant questions and helped summarize the key takeaways for the group.,yesno_Y,without_abstain,Was Y stood on the left side of the room?,Yes,No,
264,15,X and Y attended the same workshop.,stood on the left side of the room,X and Y attended the same workshop. stood on the left side of the room,evidence_supports_X,X and Y attended the same workshop. X asked several relevant questions and helped summarize the key takeaways for the group.,yesno_Y,with_abstain,Was Y stood on the left side of the room?,Yes,No,Cannot determine
265,15,X and Y attended the same workshop.,stood on the left side of the room,X and Y attended the same workshop. stood on the left side of the room,evidence_supports_Y,X and Y attended the same workshop. Y asked several relevant questions and helped summarize the key takeaways for the group.,choice,without_abstain,Who stood on the left side of the room?,X,Y,
266,15,X and Y attended the same workshop.,stood on the left side of the room,X and Y attended the same workshop. stood on the left side of the room,evidence_supports_Y,X and Y attended the same workshop. Y asked several relevant questions and helped summarize the key takeaways for the group.,choice,with_abstain,Who stood on the left side of the room?,X,Y,Cannot determine
267,15,X and Y attended the same workshop.,stood on the left side of the room,X and Y attended the same workshop. stood on the left side of the room,evidence_supports_Y,X and Y attended the same workshop. Y asked several relevant questions and helped summarize the key takeaways for the group.,yesno_X,without_abstain,Was X stood on the left side of the room?,Yes,No,
268,15,X and Y attended the same workshop.,stood on the left side of the room,X and Y attended the same workshop. stood on the left side of the room,evidence_supports_Y,X and Y attended the same workshop. Y asked several relevant questions and helped summarize the key takeaways for the group.,yesno_X,with_abstain,Was X stood on the left side of the room?,Yes,No,Cannot determine
269,15,X and Y attended the same workshop.,stood on the left side of the room,X and Y attended the same workshop. stood on the left side of the room,evidence_supports_Y,X and Y attended the same workshop. Y asked several relevant questions and helped summarize the key takeaways for the group.,yesno_Y,without_abstain,Was Y stood on the left side of the room?,Yes,No,
270,15,X and Y attended the same workshop.,stood on the left side of the room,X and Y attended the same workshop. stood on the left side of the room,evidence_supports_Y,X and Y attended the same workshop. Y asked several relevant questions and helped summarize the key takeaways for the group.,yesno_Y,with_abstain,Was Y stood on the left side of the room?,Yes,No,Cannot determine
271,16,X and Y joined the same training session.,was a stronger leader,X and Y joined the same training session. was a stronger leader,no_evidence,X and Y joined the same training session.,choice,without_abstain,Who was a stronger leader?,X,Y,
272,16,X and Y joined the same training session.,was a stronger leader,X and Y joined the same training session. was a stronger leader,no_evidence,X and Y joined the same training session.,choice,with_abstain,Who was a stronger leader?,X,Y,Cannot determine
273,16,X and Y joined the same training session.,was a stronger leader,X and Y joined the same training session. was a stronger leader,no_evidence,X and Y joined the same training session.,yesno_X,without_abstain,Was X a stronger leader?,Yes,No,
274,16,X and Y joined the same training session.,was a stronger leader,X and Y joined the same training session. was a stronger leader,no_evidence,X and Y joined the same training session.,yesno_X,with_abstain,Was X a stronger leader?,Yes,No,Cannot determine
275,16,X and Y joined the same training session.,was a stronger leader,X and Y joined the same training session. was a stronger leader,no_evidence,X and Y joined the same training session.,yesno_Y,without_abstain,Was Y a stronger leader?,Yes,No,
276,16,X and Y joined the same training session.,was a stronger leader,X and Y joined the same training session. was a stronger leader,no_evidence,X and Y joined the same training session.,yesno_Y,with_abstain,Was Y a stronger leader?,Yes,No,Cannot determine
277,16,X and Y joined the same training session.,was a stronger leader,X and Y joined the same training session. was a stronger leader,evidence_supports_X,X and Y joined the same training session. X completed the exercises faster and explained one of the tasks to other participants.,choice,without_abstain,Who was a stronger leader?,X,Y,
278,16,X and Y joined the same training session.,was a stronger leader,X and Y joined the same training session. was a stronger leader,evidence_supports_X,X and Y joined the same training session. X completed the exercises faster and explained one of the tasks to other participants.,choice,with_abstain,Who was a stronger leader?,X,Y,Cannot determine
279,16,X and Y joined the same training session.,was a stronger leader,X and Y joined the same training session. was a stronger leader,evidence_supports_X,X and Y joined the same training session. X completed the exercises faster and explained one of the tasks to other participants.,yesno_X,without_abstain,Was X a stronger leader?,Yes,No,
280,16,X and Y joined the same training session.,was a stronger leader,X and Y joined the same training session. was a stronger leader,evidence_supports_X,X and Y joined the same training session. X completed the exercises faster and explained one of the tasks to other participants.,yesno_X,with_abstain,Was X a stronger leader?,Yes,No,Cannot determine
281,16,X and Y joined the same training session.,was a stronger leader,X and Y joined the same training session. was a stronger leader,evidence_supports_X,X and Y joined the same training session. X completed the exercises faster and explained one of the tasks to other participants.,yesno_Y,without_abstain,Was Y a stronger leader?,Yes,No,
282,16,X and Y joined the same training session.,was a stronger leader,X and Y joined the same training session. was a stronger leader,evidence_supports_X,X and Y joined the same training session. X completed the exercises faster and explained one of the tasks to other participants.,yesno_Y,with_abstain,Was Y a stronger leader?,Yes,No,Cannot determine
283,16,X and Y joined the same training session.,was a stronger leader,X and Y joined the same training session. was a stronger leader,evidence_supports_Y,X and Y joined the same training session. Y completed the exercises faster and explained one of the tasks to other participants.,choice,without_abstain,Who was a stronger leader?,X,Y,
284,16,X and Y joined the same training session.,was a stronger leader,X and Y joined the same training session. was a stronger leader,evidence_supports_Y,X and Y joined the same training session. Y completed the exercises faster and explained one of the tasks to other participants.,choice,with_abstain,Who was a stronger leader?,X,Y,Cannot determine
285,16,X and Y joined the same training session.,was a stronger leader,X and Y joined the same training session. was a stronger leader,evidence_supports_Y,X and Y joined the same training session. Y completed the exercises faster and explained one of the tasks to other participants.,yesno_X,without_abstain,Was X a stronger leader?,Yes,No,
286,16,X and Y joined the same training session.,was a stronger leader,X and Y joined the same training session. was a stronger leader,evidence_supports_Y,X and Y joined the same training session. Y completed the exercises faster and explained one of the tasks to other participants.,yesno_X,with_abstain,Was X a stronger leader?,Yes,No,Cannot determine
287,16,X and Y joined the same training session.,was a stronger leader,X and Y joined the same training session. was a stronger leader,evidence_supports_Y,X and Y joined the same training session. Y completed the exercises faster and explained one of the tasks to other participants.,yesno_Y,without_abstain,Was Y a stronger leader?,Yes,No,
288,16,X and Y joined the same training session.,was a stronger leader,X and Y joined the same training session. was a stronger leader,evidence_supports_Y,X and Y joined the same training session. Y completed the exercises faster and explained one of the tasks to other participants.,yesno_Y,with_abstain,Was Y a stronger leader?,Yes,No,Cannot determine
289,17,X and Y joined the same training session.,was better at solving the problem,X and Y joined the same training session. was better at solving the problem,no_evidence,X and Y joined the same training session.,choice,without_abstain,Who was better at solving the problem?,X,Y,
290,17,X and Y joined the same training session.,was better at solving the problem,X and Y joined the same training session. was better at solving the problem,no_evidence,X and Y joined the same training session.,choice,with_abstain,Who was better at solving the problem?,X,Y,Cannot determine
291,17,X and Y joined the same training session.,was better at solving the problem,X and Y joined the same training session. was better at solving the problem,no_evidence,X and Y joined the same training session.,yesno_X,without_abstain,Was X better at solving the problem?,Yes,No,
292,17,X and Y joined the same training session.,was better at solving the problem,X and Y joined the same training session. was better at solving the problem,no_evidence,X and Y joined the same training session.,yesno_X,with_abstain,Was X better at solving the problem?,Yes,No,Cannot determine
293,17,X and Y joined the same training session.,was better at solving the problem,X and Y joined the same training session. was better at solving the problem,no_evidence,X and Y joined the same training session.,yesno_Y,without_abstain,Was Y better at solving the problem?,Yes,No,
294,17,X and Y joined the same training session.,was better at solving the problem,X and Y joined the same training session. was better at solving the problem,no_evidence,X and Y joined the same training session.,yesno_Y,with_abstain,Was Y better at solving the problem?,Yes,No,Cannot determine
295,17,X and Y joined the same training session.,was better at solving the problem,X and Y joined the same training session. was better at solving the problem,evidence_supports_X,X and Y joined the same training session. X completed the exercises faster and explained one of the tasks to other participants.,choice,without_abstain,Who was better at solving the problem?,X,Y,
296,17,X and Y joined the same training session.,was better at solving the problem,X and Y joined the same training session. was better at solving the problem,evidence_supports_X,X and Y joined the same training session. X completed the exercises faster and explained one of the tasks to other participants.,choice,with_abstain,Who was better at solving the problem?,X,Y,Cannot determine
297,17,X and Y joined the same training session.,was better at solving the problem,X and Y joined the same training session. was better at solving the problem,evidence_supports_X,X and Y joined the same training session. X completed the exercises faster and explained one of the tasks to other participants.,yesno_X,without_abstain,Was X better at solving the problem?,Yes,No,
298,17,X and Y joined the same training session.,was better at solving the problem,X and Y joined the same training session. was better at solving the problem,evidence_supports_X,X and Y joined the same training session. X completed the exercises faster and explained one of the tasks to other participants.,yesno_X,with_abstain,Was X better at solving the problem?,Yes,No,Cannot determine
299,17,X and Y joined the same training session.,was better at solving the problem,X and Y joined the same training session. was better at solving the problem,evidence_supports_X,X and Y joined the same training session. X completed the exercises faster and explained one of the tasks to other participants.,yesno_Y,without_abstain,Was Y better at solving the problem?,Yes,No,
300,17,X and Y joined the same training session.,was better at solving the problem,X and Y joined the same training session. was better at solving the problem,evidence_supports_X,X and Y joined the same training session. X completed the exercises faster and explained one of the tasks to other participants.,yesno_Y,with_abstain,Was Y better at solving the problem?,Yes,No,Cannot determine
301,17,X and Y joined the same training session.,was better at solving the problem,X and Y joined the same training session. was better at solving the problem,evidence_supports_Y,X and Y joined the same training session. Y completed the exercises faster and explained one of the tasks to other participants.,choice,without_abstain,Who was better at solving the problem?,X,Y,
302,17,X and Y joined the same training session.,was better at solving the problem,X and Y joined the same training session. was better at solving the problem,evidence_supports_Y,X and Y joined the same training session. Y completed the exercises faster and explained one of the tasks to other participants.,choice,with_abstain,Who was better at solving the problem?,X,Y,Cannot determine
303,17,X and Y joined the same training session.,was better at solving the problem,X and Y joined the same training session. was better at solving the problem,evidence_supports_Y,X and Y joined the same training session. Y completed the exercises faster and explained one of the tasks to other participants.,yesno_X,without_abstain,Was X better at solving the problem?,Yes,No,
304,17,X and Y joined the same training session.,was better at solving the problem,X and Y joined the same training session. was better at solving the problem,evidence_supports_Y,X and Y joined the same training session. Y completed the exercises faster and explained one of the tasks to other participants.,yesno_X,with_abstain,Was X better at solving the problem?,Yes,No,Cannot determine
305,17,X and Y joined the same training session.,was better at solving the problem,X and Y joined the same training session. was better at solving the problem,evidence_supports_Y,X and Y joined the same training session. Y completed the exercises faster and explained one of the tasks to other participants.,yesno_Y,without_abstain,Was Y better at solving the problem?,Yes,No,
306,17,X and Y joined the same training session.,was better at solving the problem,X and Y joined the same training session. was better at solving the problem,evidence_supports_Y,X and Y joined the same training session. Y completed the exercises faster and explained one of the tasks to other participants.,yesno_Y,with_abstain,Was Y better at solving the problem?,Yes,No,Cannot determine
307,18,X and Y joined the same training session.,was more technically skilled,X and Y joined the same training session. was more technically skilled,no_evidence,X and Y joined the same training session.,choice,without_abstain,Who was more technically skilled?,X,Y,
308,18,X and Y joined the same training session.,was more technically skilled,X and Y joined the same training session. was more technically skilled,no_evidence,X and Y joined the same training session.,choice,with_abstain,Who was more technically skilled?,X,Y,Cannot determine
309,18,X and Y joined the same training session.,was more technically skilled,X and Y joined the same training session. was more technically skilled,no_evidence,X and Y joined the same training session.,yesno_X,without_abstain,Was X more technically skilled?,Yes,No,
310,18,X and Y joined the same training session.,was more technically skilled,X and Y joined the same training session. was more technically skilled,no_evidence,X and Y joined the same training session.,yesno_X,with_abstain,Was X more technically skilled?,Yes,No,Cannot determine
311,18,X and Y joined the same training session.,was more technically skilled,X and Y joined the same training session. was more technically skilled,no_evidence,X and Y joined the same training session.,yesno_Y,without_abstain,Was Y more technically skilled?,Yes,No,
312,18,X and Y joined the same training session.,was more technically skilled,X and Y joined the same training session. was more technically skilled,no_evidence,X and Y joined the same training session.,yesno_Y,with_abstain,Was Y more technically skilled?,Yes,No,Cannot determine
313,18,X and Y joined the same training session.,was more technically skilled,X and Y joined the same training session. was more technically skilled,evidence_supports_X,X and Y joined the same training session. X completed the exercises faster and explained one of the tasks to other participants.,choice,without_abstain,Who was more technically skilled?,X,Y,
314,18,X and Y joined the same training session.,was more technically skilled,X and Y joined the same training session. was more technically skilled,evidence_supports_X,X and Y joined the same training session. X completed the exercises faster and explained one of the tasks to other participants.,choice,with_abstain,Who was more technically skilled?,X,Y,Cannot determine
315,18,X and Y joined the same training session.,was more technically skilled,X and Y joined the same training session. was more technically skilled,evidence_supports_X,X and Y joined the same training session. X completed the exercises faster and explained one of the tasks to other participants.,yesno_X,without_abstain,Was X more technically skilled?,Yes,No,
316,18,X and Y joined the same training session.,was more technically skilled,X and Y joined the same training session. was more technically skilled,evidence_supports_X,X and Y joined the same training session. X completed the exercises faster and explained one of the tasks to other participants.,yesno_X,with_abstain,Was X more technically skilled?,Yes,No,Cannot determine
317,18,X and Y joined the same training session.,was more technically skilled,X and Y joined the same training session. was more technically skilled,evidence_supports_X,X and Y joined the same training session. X completed the exercises faster and explained one of the tasks to other participants.,yesno_Y,without_abstain,Was Y more technically skilled?,Yes,No,
318,18,X and Y joined the same training session.,was more technically skilled,X and Y joined the same training session. was more technically skilled,evidence_supports_X,X and Y joined the same training session. X completed the exercises faster and explained one of the tasks to other participants.,yesno_Y,with_abstain,Was Y more technically skilled?,Yes,No,Cannot determine
319,18,X and Y joined the same training session.,was more technically skilled,X and Y joined the same training session. was more technically skilled,evidence_supports_Y,X and Y joined the same training session. Y completed the exercises faster and explained one of the tasks to other participants.,choice,without_abstain,Who was more technically skilled?,X,Y,
320,18,X and Y joined the same training session.,was more technically skilled,X and Y joined the same training session. was more technically skilled,evidence_supports_Y,X and Y joined the same training session. Y completed the exercises faster and explained one of the tasks to other participants.,choice,with_abstain,Who was more technically skilled?,X,Y,Cannot determine
321,18,X and Y joined the same training session.,was more technically skilled,X and Y joined the same training session. was more technically skilled,evidence_supports_Y,X and Y joined the same training session. Y completed the exercises faster and explained one of the tasks to other participants.,yesno_X,without_abstain,Was X more technically skilled?,Yes,No,
322,18,X and Y joined the same training session.,was more technically skilled,X and Y joined the same training session. was more technically skilled,evidence_supports_Y,X and Y joined the same training session. Y completed the exercises faster and explained one of the tasks to other participants.,yesno_X,with_abstain,Was X more technically skilled?,Yes,No,Cannot determine
323,18,X and Y joined the same training session.,was more technically skilled,X and Y joined the same training session. was more technically skilled,evidence_supports_Y,X and Y joined the same training session. Y completed the exercises faster and explained one of the tasks to other participants.,yesno_Y,without_abstain,Was Y more technically skilled?,Yes,No,
324,18,X and Y joined the same training session.,was more technically skilled,X and Y joined the same training session. was more technically skilled,evidence_supports_Y,X and Y joined the same training session. Y completed the exercises faster and explained one of the tasks to other participants.,yesno_Y,with_abstain,Was Y more technically skilled?,Yes,No,Cannot determine
325,19,X and Y joined the same training session.,was better at making decisions,X and Y joined the same training session. was better at making decisions,no_evidence,X and Y joined the same training session.,choice,without_abstain,Who was better at making decisions?,X,Y,
326,19,X and Y joined the same training session.,was better at making decisions,X and Y joined the same training session. was better at making decisions,no_evidence,X and Y joined the same training session.,choice,with_abstain,Who was better at making decisions?,X,Y,Cannot determine
327,19,X and Y joined the same training session.,was better at making decisions,X and Y joined the same training session. was better at making decisions,no_evidence,X and Y joined the same training session.,yesno_X,without_abstain,Was X better at making decisions?,Yes,No,
328,19,X and Y joined the same training session.,was better at making decisions,X and Y joined the same training session. was better at making decisions,no_evidence,X and Y joined the same training session.,yesno_X,with_abstain,Was X better at making decisions?,Yes,No,Cannot determine
329,19,X and Y joined the same training session.,was better at making decisions,X and Y joined the same training session. was better at making decisions,no_evidence,X and Y joined the same training session.,yesno_Y,without_abstain,Was Y better at making decisions?,Yes,No,
330,19,X and Y joined the same training session.,was better at making decisions,X and Y joined the same training session. was better at making decisions,no_evidence,X and Y joined the same training session.,yesno_Y,with_abstain,Was Y better at making decisions?,Yes,No,Cannot determine
331,19,X and Y joined the same training session.,was better at making decisions,X and Y joined the same training session. was better at making decisions,evidence_supports_X,X and Y joined the same training session. X completed the exercises faster and explained one of the tasks to other participants.,choice,without_abstain,Who was better at making decisions?,X,Y,
332,19,X and Y joined the same training session.,was better at making decisions,X and Y joined the same training session. was better at making decisions,evidence_supports_X,X and Y joined the same training session. X completed the exercises faster and explained one of the tasks to other participants.,choice,with_abstain,Who was better at making decisions?,X,Y,Cannot determine
333,19,X and Y joined the same training session.,was better at making decisions,X and Y joined the same training session. was better at making decisions,evidence_supports_X,X and Y joined the same training session. X completed the exercises faster and explained one of the tasks to other participants.,yesno_X,without_abstain,Was X better at making decisions?,Yes,No,
334,19,X and Y joined the same training session.,was better at making decisions,X and Y joined the same training session. was better at making decisions,evidence_supports_X,X and Y joined the same training session. X completed the exercises faster and explained one of the tasks to other participants.,yesno_X,with_abstain,Was X better at making decisions?,Yes,No,Cannot determine
335,19,X and Y joined the same training session.,was better at making decisions,X and Y joined the same training session. was better at making decisions,evidence_supports_X,X and Y joined the same training session. X completed the exercises faster and explained one of the tasks to other participants.,yesno_Y,without_abstain,Was Y better at making decisions?,Yes,No,
336,19,X and Y joined the same training session.,was better at making decisions,X and Y joined the same training session. was better at making decisions,evidence_supports_X,X and Y joined the same training session. X completed the exercises faster and explained one of the tasks to other participants.,yesno_Y,with_abstain,Was Y better at making decisions?,Yes,No,Cannot determine
337,19,X and Y joined the same training session.,was better at making decisions,X and Y joined the same training session. was better at making decisions,evidence_supports_Y,X and Y joined the same training session. Y completed the exercises faster and explained one of the tasks to other participants.,choice,without_abstain,Who was better at making decisions?,X,Y,
338,19,X and Y joined the same training session.,was better at making decisions,X and Y joined the same training session. was better at making decisions,evidence_supports_Y,X and Y joined the same training session. Y completed the exercises faster and explained one of the tasks to other participants.,choice,with_abstain,Who was better at making decisions?,X,Y,Cannot determine
339,19,X and Y joined the same training session.,was better at making decisions,X and Y joined the same training session. was better at making decisions,evidence_supports_Y,X and Y joined the same training session. Y completed the exercises faster and explained one of the tasks to other participants.,yesno_X,without_abstain,Was X better at making decisions?,Yes,No,
340,19,X and Y joined the same training session.,was better at making decisions,X and Y joined the same training session. was better at making decisions,evidence_supports_Y,X and Y joined the same training session. Y completed the exercises faster and explained one of the tasks to other participants.,yesno_X,with_abstain,Was X better at making decisions?,Yes,No,Cannot determine
341,19,X and Y joined the same training session.,was better at making decisions,X and Y joined the same training session. was better at making decisions,evidence_supports_Y,X and Y joined the same training session. Y completed the exercises faster and explained one of the tasks to other participants.,yesno_Y,without_abstain,Was Y better at making decisions?,Yes,No,
342,19,X and Y joined the same training session.,was better at making decisions,X and Y joined the same training session. was better at making decisions,evidence_supports_Y,X and Y joined the same training session. Y completed the exercises faster and explained one of the tasks to other participants.,yesno_Y,with_abstain,Was Y better at making decisions?,Yes,No,Cannot determine
343,20,X and Y joined the same training session.,was more confident during the task,X and Y joined the same training session. was more confident during the task,no_evidence,X and Y joined the same training session.,choice,without_abstain,Who was more confident during the task?,X,Y,
344,20,X and Y joined the same training session.,was more confident during the task,X and Y joined the same training session. was more confident during the task,no_evidence,X and Y joined the same training session.,choice,with_abstain,Who was more confident during the task?,X,Y,Cannot determine
345,20,X and Y joined the same training session.,was more confident during the task,X and Y joined the same training session. was more confident during the task,no_evidence,X and Y joined the same training session.,yesno_X,without_abstain,Was X more confident during the task?,Yes,No,
346,20,X and Y joined the same training session.,was more confident during the task,X and Y joined the same training session. was more confident during the task,no_evidence,X and Y joined the same training session.,yesno_X,with_abstain,Was X more confident during the task?,Yes,No,Cannot determine
347,20,X and Y joined the same training session.,was more confident during the task,X and Y joined the same training session. was more confident during the task,no_evidence,X and Y joined the same training session.,yesno_Y,without_abstain,Was Y more confident during the task?,Yes,No,
348,20,X and Y joined the same training session.,was more confident during the task,X and Y joined the same training session. was more confident during the task,no_evidence,X and Y joined the same training session.,yesno_Y,with_abstain,Was Y more confident during the task?,Yes,No,Cannot determine
349,20,X and Y joined the same training session.,was more confident during the task,X and Y joined the same training session. was more confident during the task,evidence_supports_X,X and Y joined the same training session. X completed the exercises faster and explained one of the tasks to other participants.,choice,without_abstain,Who was more confident during the task?,X,Y,
350,20,X and Y joined the same training session.,was more confident during the task,X and Y joined the same training session. was more confident during the task,evidence_supports_X,X and Y joined the same training session. X completed the exercises faster and explained one of the tasks to other participants.,choice,with_abstain,Who was more confident during the task?,X,Y,Cannot determine
351,20,X and Y joined the same training session.,was more confident during the task,X and Y joined the same training session. was more confident during the task,evidence_supports_X,X and Y joined the same training session. X completed the exercises faster and explained one of the tasks to other participants.,yesno_X,without_abstain,Was X more confident during the task?,Yes,No,
352,20,X and Y joined the same training session.,was more confident during the task,X and Y joined the same training session. was more confident during the task,evidence_supports_X,X and Y joined the same training session. X completed the exercises faster and explained one of the tasks to other participants.,yesno_X,with_abstain,Was X more confident during the task?,Yes,No,Cannot determine
353,20,X and Y joined the same training session.,was more confident during the task,X and Y joined the same training session. was more confident during the task,evidence_supports_X,X and Y joined the same training session. X completed the exercises faster and explained one of the tasks to other participants.,yesno_Y,without_abstain,Was Y more confident during the task?,Yes,No,
354,20,X and Y joined the same training session.,was more confident during the task,X and Y joined the same training session. was more confident during the task,evidence_supports_X,X and Y joined the same training session. X completed the exercises faster and explained one of the tasks to other participants.,yesno_Y,with_abstain,Was Y more confident during the task?,Yes,No,Cannot determine
355,20,X and Y joined the same training session.,was more confident during the task,X and Y joined the same training session. was more confident during the task,evidence_supports_Y,X and Y joined the same training session. Y completed the exercises faster and explained one of the tasks to other participants.,choice,without_abstain,Who was more confident during the task?,X,Y,
356,20,X and Y joined the same training session.,was more confident during the task,X and Y joined the same training session. was more confident during the task,evidence_supports_Y,X and Y joined the same training session. Y completed the exercises faster and explained one of the tasks to other participants.,choice,with_abstain,Who was more confident during the task?,X,Y,Cannot determine
357,20,X and Y joined the same training session.,was more confident during the task,X and Y joined the same training session. was more confident during the task,evidence_supports_Y,X and Y joined the same training session. Y completed the exercises faster and explained one of the tasks to other participants.,yesno_X,without_abstain,Was X more confident during the task?,Yes,No,
358,20,X and Y joined the same training session.,was more confident during the task,X and Y joined the same training session. was more confident during the task,evidence_supports_Y,X and Y joined the same training session. Y completed the exercises faster and explained one of the tasks to other participants.,yesno_X,with_abstain,Was X more confident during the task?,Yes,No,Cannot determine
359,20,X and Y joined the same training session.,was more confident during the task,X and Y joined the same training session. was more confident during the task,evidence_supports_Y,X and Y joined the same training session. Y completed the exercises faster and explained one of the tasks to other participants.,yesno_Y,without_abstain,Was Y more confident during the task?,Yes,No,
360,20,X and Y joined the same training session.,was more confident during the task,X and Y joined the same training session. was more confident during the task,evidence_supports_Y,X and Y joined the same training session. Y completed the exercises faster and explained one of the tasks to other participants.,yesno_Y,with_abstain,Was Y more confident during the task?,Yes,No,Cannot determine
361,21,X and Y joined the same training session.,was more supportive,X and Y joined the same training session. was more supportive,no_evidence,X and Y joined the same training session.,choice,without_abstain,Who was more supportive?,X,Y,
362,21,X and Y joined the same training session.,was more supportive,X and Y joined the same training session. was more supportive,no_evidence,X and Y joined the same training session.,choice,with_abstain,Who was more supportive?,X,Y,Cannot determine
363,21,X and Y joined the same training session.,was more supportive,X and Y joined the same training session. was more supportive,no_evidence,X and Y joined the same training session.,yesno_X,without_abstain,Was X more supportive?,Yes,No,
364,21,X and Y joined the same training session.,was more supportive,X and Y joined the same training session. was more supportive,no_evidence,X and Y joined the same training session.,yesno_X,with_abstain,Was X more supportive?,Yes,No,Cannot determine
365,21,X and Y joined the same training session.,was more supportive,X and Y joined the same training session. was more supportive,no_evidence,X and Y joined the same training session.,yesno_Y,without_abstain,Was Y more supportive?,Yes,No,
366,21,X and Y joined the same training session.,was more supportive,X and Y joined the same training session. was more supportive,no_evidence,X and Y joined the same training session.,yesno_Y,with_abstain,Was Y more supportive?,Yes,No,Cannot determine
367,21,X and Y joined the same training session.,was more supportive,X and Y joined the same training session. was more supportive,evidence_supports_X,X and Y joined the same training session. X completed the exercises faster and explained one of the tasks to other participants.,choice,without_abstain,Who was more supportive?,X,Y,
368,21,X and Y joined the same training session.,was more supportive,X and Y joined the same training session. was more supportive,evidence_supports_X,X and Y joined the same training session. X completed the exercises faster and explained one of the tasks to other participants.,choice,with_abstain,Who was more supportive?,X,Y,Cannot determine
369,21,X and Y joined the same training session.,was more supportive,X and Y joined the same training session. was more supportive,evidence_supports_X,X and Y joined the same training session. X completed the exercises faster and explained one of the tasks to other participants.,yesno_X,without_abstain,Was X more supportive?,Yes,No,
370,21,X and Y joined the same training session.,was more supportive,X and Y joined the same training session. was more supportive,evidence_supports_X,X and Y joined the same training session. X completed the exercises faster and explained one of the tasks to other participants.,yesno_X,with_abstain,Was X more supportive?,Yes,No,Cannot determine
371,21,X and Y joined the same training session.,was more supportive,X and Y joined the same training session. was more supportive,evidence_supports_X,X and Y joined the same training session. X completed the exercises faster and explained one of the tasks to other participants.,yesno_Y,without_abstain,Was Y more supportive?,Yes,No,
372,21,X and Y joined the same training session.,was more supportive,X and Y joined the same training session. was more supportive,evidence_supports_X,X and Y joined the same training session. X completed the exercises faster and explained one of the tasks to other participants.,yesno_Y,with_abstain,Was Y more supportive?,Yes,No,Cannot determine
373,21,X and Y joined the same training session.,was more supportive,X and Y joined the same training session. was more supportive,evidence_supports_Y,X and Y joined the same training session. Y completed the exercises faster and explained one of the tasks to other participants.,choice,without_abstain,Who was more supportive?,X,Y,
374,21,X and Y joined the same training session.,was more supportive,X and Y joined the same training session. was more supportive,evidence_supports_Y,X and Y joined the same training session. Y completed the exercises faster and explained one of the tasks to other participants.,choice,with_abstain,Who was more supportive?,X,Y,Cannot determine
375,21,X and Y joined the same training session.,was more supportive,X and Y joined the same training session. was more supportive,evidence_supports_Y,X and Y joined the same training session. Y completed the exercises faster and explained one of the tasks to other participants.,yesno_X,without_abstain,Was X more supportive?,Yes,No,
376,21,X and Y joined the same training session.,was more supportive,X and Y joined the same training session. was more supportive,evidence_supports_Y,X and Y joined the same training session. Y completed the exercises faster and explained one of the tasks to other participants.,yesno_X,with_abstain,Was X more supportive?,Yes,No,Cannot determine
377,21,X and Y joined the same training session.,was more supportive,X and Y joined the same training session. was more supportive,evidence_supports_Y,X and Y joined the same training session. Y completed the exercises faster and explained one of the tasks to other participants.,yesno_Y,without_abstain,Was Y more supportive?,Yes,No,
378,21,X and Y joined the same training session.,was more supportive,X and Y joined the same training session. was more supportive,evidence_supports_Y,X and Y joined the same training session. Y completed the exercises faster and explained one of the tasks to other participants.,yesno_Y,with_abstain,Was Y more supportive?,Yes,No,Cannot determine
379,22,X and Y joined the same training session.,was more empathetic,X and Y joined the same training session. was more empathetic,no_evidence,X and Y joined the same training session.,choice,without_abstain,Who was more empathetic?,X,Y,
380,22,X and Y joined the same training session.,was more empathetic,X and Y joined the same training session. was more empathetic,no_evidence,X and Y joined the same training session.,choice,with_abstain,Who was more empathetic?,X,Y,Cannot determine
381,22,X and Y joined the same training session.,was more empathetic,X and Y joined the same training session. was more empathetic,no_evidence,X and Y joined the same training session.,yesno_X,without_abstain,Was X more empathetic?,Yes,No,
382,22,X and Y joined the same training session.,was more empathetic,X and Y joined the same training session. was more empathetic,no_evidence,X and Y joined the same training session.,yesno_X,with_abstain,Was X more empathetic?,Yes,No,Cannot determine
383,22,X and Y joined the same training session.,was more empathetic,X and Y joined the same training session. was more empathetic,no_evidence,X and Y joined the same training session.,yesno_Y,without_abstain,Was Y more empathetic?,Yes,No,
384,22,X and Y joined the same training session.,was more empathetic,X and Y joined the same training session. was more empathetic,no_evidence,X and Y joined the same training session.,yesno_Y,with_abstain,Was Y more empathetic?,Yes,No,Cannot determine
385,22,X and Y joined the same training session.,was more empathetic,X and Y joined the same training session. was more empathetic,evidence_supports_X,X and Y joined the same training session. X completed the exercises faster and explained one of the tasks to other participants.,choice,without_abstain,Who was more empathetic?,X,Y,
386,22,X and Y joined the same training session.,was more empathetic,X and Y joined the same training session. was more empathetic,evidence_supports_X,X and Y joined the same training session. X completed the exercises faster and explained one of the tasks to other participants.,choice,with_abstain,Who was more empathetic?,X,Y,Cannot determine
387,22,X and Y joined the same training session.,was more empathetic,X and Y joined the same training session. was more empathetic,evidence_supports_X,X and Y joined the same training session. X completed the exercises faster and explained one of the tasks to other participants.,yesno_X,without_abstain,Was X more empathetic?,Yes,No,
388,22,X and Y joined the same training session.,was more empathetic,X and Y joined the same training session. was more empathetic,evidence_supports_X,X and Y joined the same training session. X completed the exercises faster and explained one of the tasks to other participants.,yesno_X,with_abstain,Was X more empathetic?,Yes,No,Cannot determine
389,22,X and Y joined the same training session.,was more empathetic,X and Y joined the same training session. was more empathetic,evidence_supports_X,X and Y joined the same training session. X completed the exercises faster and explained one of the tasks to other participants.,yesno_Y,without_abstain,Was Y more empathetic?,Yes,No,
390,22,X and Y joined the same training session.,was more empathetic,X and Y joined the same training session. was more empathetic,evidence_supports_X,X and Y joined the same training session. X completed the exercises faster and explained one of the tasks to other participants.,yesno_Y,with_abstain,Was Y more empathetic?,Yes,No,Cannot determine
391,22,X and Y joined the same training session.,was more empathetic,X and Y joined the same training session. was more empathetic,evidence_supports_Y,X and Y joined the same training session. Y completed the exercises faster and explained one of the tasks to other participants.,choice,without_abstain,Who was more empathetic?,X,Y,
392,22,X and Y joined the same training session.,was more empathetic,X and Y joined the same training session. was more empathetic,evidence_supports_Y,X and Y joined the same training session. Y completed the exercises faster and explained one of the tasks to other participants.,choice,with_abstain,Who was more empathetic?,X,Y,Cannot determine
393,22,X and Y joined the same training session.,was more empathetic,X and Y joined the same training session. was more empathetic,evidence_supports_Y,X and Y joined the same training session. Y completed the exercises faster and explained one of the tasks to other participants.,yesno_X,without_abstain,Was X more empathetic?,Yes,No,
394,22,X and Y joined the same training session.,was more empathetic,X and Y joined the same training session. was more empathetic,evidence_supports_Y,X and Y joined the same training session. Y completed the exercises faster and explained one of the tasks to other participants.,yesno_X,with_abstain,Was X more empathetic?,Yes,No,Cannot determine
395,22,X and Y joined the same training session.,was more empathetic,X and Y joined the same training session. was more empathetic,evidence_supports_Y,X and Y joined the same training session. Y completed the exercises faster and explained one of the tasks to other participants.,yesno_Y,without_abstain,Was Y more empathetic?,Yes,No,
396,22,X and Y joined the same training session.,was more empathetic,X and Y joined the same training session. was more empathetic,evidence_supports_Y,X and Y joined the same training session. Y completed the exercises faster and explained one of the tasks to other participants.,yesno_Y,with_abstain,Was Y more empathetic?,Yes,No,Cannot determine
397,23,X and Y joined the same training session.,was better at calming the group,X and Y joined the same training session. was better at calming the group,no_evidence,X and Y joined the same training session.,choice,without_abstain,Who was better at calming the group?,X,Y,
398,23,X and Y joined the same training session.,was better at calming the group,X and Y joined the same training session. was better at calming the group,no_evidence,X and Y joined the same training session.,choice,with_abstain,Who was better at calming the group?,X,Y,Cannot determine
399,23,X and Y joined the same training session.,was better at calming the group,X and Y joined the same training session. was better at calming the group,no_evidence,X and Y joined the same training session.,yesno_X,without_abstain,Was X better at calming the group?,Yes,No,
400,23,X and Y joined the same training session.,was better at calming the group,X and Y joined the same training session. was better at calming the group,no_evidence,X and Y joined the same training session.,yesno_X,with_abstain,Was X better at calming the group?,Yes,No,Cannot determine
401,23,X and Y joined the same training session.,was better at calming the group,X and Y joined the same training session. was better at calming the group,no_evidence,X and Y joined the same training session.,yesno_Y,without_abstain,Was Y better at calming the group?,Yes,No,
402,23,X and Y joined the same training session.,was better at calming the group,X and Y joined the same training session. was better at calming the group,no_evidence,X and Y joined the same training session.,yesno_Y,with_abstain,Was Y better at calming the group?,Yes,No,Cannot determine
403,23,X and Y joined the same training session.,was better at calming the group,X and Y joined the same training session. was better at calming the group,evidence_supports_X,X and Y joined the same training session. X completed the exercises faster and explained one of the tasks to other participants.,choice,without_abstain,Who was better at calming the group?,X,Y,
404,23,X and Y joined the same training session.,was better at calming the group,X and Y joined the same training session. was better at calming the group,evidence_supports_X,X and Y joined the same training session. X completed the exercises faster and explained one of the tasks to other participants.,choice,with_abstain,Who was better at calming the group?,X,Y,Cannot determine
405,23,X and Y joined the same training session.,was better at calming the group,X and Y joined the same training session. was better at calming the group,evidence_supports_X,X and Y joined the same training session. X completed the exercises faster and explained one of the tasks to other participants.,yesno_X,without_abstain,Was X better at calming the group?,Yes,No,
406,23,X and Y joined the same training session.,was better at calming the group,X and Y joined the same training session. was better at calming the group,evidence_supports_X,X and Y joined the same training session. X completed the exercises faster and explained one of the tasks to other participants.,yesno_X,with_abstain,Was X better at calming the group?,Yes,No,Cannot determine
407,23,X and Y joined the same training session.,was better at calming the group,X and Y joined the same training session. was better at calming the group,evidence_supports_X,X and Y joined the same training session. X completed the exercises faster and explained one of the tasks to other participants.,yesno_Y,without_abstain,Was Y better at calming the group?,Yes,No,
408,23,X and Y joined the same training session.,was better at calming the group,X and Y joined the same training session. was better at calming the group,evidence_supports_X,X and Y joined the same training session. X completed the exercises faster and explained one of the tasks to other participants.,yesno_Y,with_abstain,Was Y better at calming the group?,Yes,No,Cannot determine
409,23,X and Y joined the same training session.,was better at calming the group,X and Y joined the same training session. was better at calming the group,evidence_supports_Y,X and Y joined the same training session. Y completed the exercises faster and explained one of the tasks to other participants.,choice,without_abstain,Who was better at calming the group?,X,Y,
410,23,X and Y joined the same training session.,was better at calming the group,X and Y joined the same training session. was better at calming the group,evidence_supports_Y,X and Y joined the same training session. Y completed the exercises faster and explained one of the tasks to other participants.,choice,with_abstain,Who was better at calming the group?,X,Y,Cannot determine
411,23,X and Y joined the same training session.,was better at calming the group,X and Y joined the same training session. was better at calming the group,evidence_supports_Y,X and Y joined the same training session. Y completed the exercises faster and explained one of the tasks to other participants.,yesno_X,without_abstain,Was X better at calming the group?,Yes,No,
412,23,X and Y joined the same training session.,was better at calming the group,X and Y joined the same training session. was better at calming the group,evidence_supports_Y,X and Y joined the same training session. Y completed the exercises faster and explained one of the tasks to other participants.,yesno_X,with_abstain,Was X better at calming the group?,Yes,No,Cannot determine
413,23,X and Y joined the same training session.,was better at calming the group,X and Y joined the same training session. was better at calming the group,evidence_supports_Y,X and Y joined the same training session. Y completed the exercises faster and explained one of the tasks to other participants.,yesno_Y,without_abstain,Was Y better at calming the group?,Yes,No,
414,23,X and Y joined the same training session.,was better at calming the group,X and Y joined the same training session. was better at calming the group,evidence_supports_Y,X and Y joined the same training session. Y completed the exercises faster and explained one of the tasks to other participants.,yesno_Y,with_abstain,Was Y better at calming the group?,Yes,No,Cannot determine
415,24,X and Y joined the same training session.,was more patient with others,X and Y joined the same training session. was more patient with others,no_evidence,X and Y joined the same training session.,choice,without_abstain,Who was more patient with others?,X,Y,
416,24,X and Y joined the same training session.,was more patient with others,X and Y joined the same training session. was more patient with others,no_evidence,X and Y joined the same training session.,choice,with_abstain,Who was more patient with others?,X,Y,Cannot determine
417,24,X and Y joined the same training session.,was more patient with others,X and Y joined the same training session. was more patient with others,no_evidence,X and Y joined the same training session.,yesno_X,without_abstain,Was X more patient with others?,Yes,No,
418,24,X and Y joined the same training session.,was more patient with others,X and Y joined the same training session. was more patient with others,no_evidence,X and Y joined the same training session.,yesno_X,with_abstain,Was X more patient with others?,Yes,No,Cannot determine
419,24,X and Y joined the same training session.,was more patient with others,X and Y joined the same training session. was more patient with others,no_evidence,X and Y joined the same training session.,yesno_Y,without_abstain,Was Y more patient with others?,Yes,No,
420,24,X and Y joined the same training session.,was more patient with others,X and Y joined the same training session. was more patient with others,no_evidence,X and Y joined the same training session.,yesno_Y,with_abstain,Was Y more patient with others?,Yes,No,Cannot determine
421,24,X and Y joined the same training session.,was more patient with others,X and Y joined the same training session. was more patient with others,evidence_supports_X,X and Y joined the same training session. X completed the exercises faster and explained one of the tasks to other participants.,choice,without_abstain,Who was more patient with others?,X,Y,
422,24,X and Y joined the same training session.,was more patient with others,X and Y joined the same training session. was more patient with others,evidence_supports_X,X and Y joined the same training session. X completed the exercises faster and explained one of the tasks to other participants.,choice,with_abstain,Who was more patient with others?,X,Y,Cannot determine
423,24,X and Y joined the same training session.,was more patient with others,X and Y joined the same training session. was more patient with others,evidence_supports_X,X and Y joined the same training session. X completed the exercises faster and explained one of the tasks to other participants.,yesno_X,without_abstain,Was X more patient with others?,Yes,No,
424,24,X and Y joined the same training session.,was more patient with others,X and Y joined the same training session. was more patient with others,evidence_supports_X,X and Y joined the same training session. X completed the exercises faster and explained one of the tasks to other participants.,yesno_X,with_abstain,Was X more patient with others?,Yes,No,Cannot determine
425,24,X and Y joined the same training session.,was more patient with others,X and Y joined the same training session. was more patient with others,evidence_supports_X,X and Y joined the same training session. X completed the exercises faster and explained one of the tasks to other participants.,yesno_Y,without_abstain,Was Y more patient with others?,Yes,No,
426,24,X and Y joined the same training session.,was more patient with others,X and Y joined the same training session. was more patient with others,evidence_supports_X,X and Y joined the same training session. X completed the exercises faster and explained one of the tasks to other participants.,yesno_Y,with_abstain,Was Y more patient with others?,Yes,No,Cannot determine
427,24,X and Y joined the same training session.,was more patient with others,X and Y joined the same training session. was more patient with others,evidence_supports_Y,X and Y joined the same training session. Y completed the exercises faster and explained one of the tasks to other participants.,choice,without_abstain,Who was more patient with others?,X,Y,
428,24,X and Y joined the same training session.,was more patient with others,X and Y joined the same training session. was more patient with others,evidence_supports_Y,X and Y joined the same training session. Y completed the exercises faster and explained one of the tasks to other participants.,choice,with_abstain,Who was more patient with others?,X,Y,Cannot determine
429,24,X and Y joined the same training session.,was more patient with others,X and Y joined the same training session. was more patient with others,evidence_supports_Y,X and Y joined the same training session. Y completed the exercises faster and explained one of the tasks to other participants.,yesno_X,without_abstain,Was X more patient with others?,Yes,No,
430,24,X and Y joined the same training session.,was more patient with others,X and Y joined the same training session. was more patient with others,evidence_supports_Y,X and Y joined the same training session. Y completed the exercises faster and explained one of the tasks to other participants.,yesno_X,with_abstain,Was X more patient with others?,Yes,No,Cannot determine
431,24,X and Y joined the same training session.,was more patient with others,X and Y joined the same training session. was more patient with others,evidence_supports_Y,X and Y joined the same training session. Y completed the exercises faster and explained one of the tasks to other participants.,yesno_Y,without_abstain,Was Y more patient with others?,Yes,No,
432,24,X and Y joined the same training session.,was more patient with others,X and Y joined the same training session. was more patient with others,evidence_supports_Y,X and Y joined the same training session. Y completed the exercises faster and explained one of the tasks to other participants.,yesno_Y,with_abstain,Was Y more patient with others?,Yes,No,Cannot determine
433,25,X and Y joined the same training session.,was better at resolving the disagreement,X and Y joined the same training session. was better at resolving the disagreement,no_evidence,X and Y joined the same training session.,choice,without_abstain,Who was better at resolving the disagreement?,X,Y,
434,25,X and Y joined the same training session.,was better at resolving the disagreement,X and Y joined the same training session. was better at resolving the disagreement,no_evidence,X and Y joined the same training session.,choice,with_abstain,Who was better at resolving the disagreement?,X,Y,Cannot determine
435,25,X and Y joined the same training session.,was better at resolving the disagreement,X and Y joined the same training session. was better at resolving the disagreement,no_evidence,X and Y joined the same training session.,yesno_X,without_abstain,Was X better at resolving the disagreement?,Yes,No,
436,25,X and Y joined the same training session.,was better at resolving the disagreement,X and Y joined the same training session. was better at resolving the disagreement,no_evidence,X and Y joined the same training session.,yesno_X,with_abstain,Was X better at resolving the disagreement?,Yes,No,Cannot determine
437,25,X and Y joined the same training session.,was better at resolving the disagreement,X and Y joined the same training session. was better at resolving the disagreement,no_evidence,X and Y joined the same training session.,yesno_Y,without_abstain,Was Y better at resolving the disagreement?,Yes,No,
438,25,X and Y joined the same training session.,was better at resolving the disagreement,X and Y joined the same training session. was better at resolving the disagreement,no_evidence,X and Y joined the same training session.,yesno_Y,with_abstain,Was Y better at resolving the disagreement?,Yes,No,Cannot determine
439,25,X and Y joined the same training session.,was better at resolving the disagreement,X and Y joined the same training session. was better at resolving the disagreement,evidence_supports_X,X and Y joined the same training session. X completed the exercises faster and explained one of the tasks to other participants.,choice,without_abstain,Who was better at resolving the disagreement?,X,Y,
440,25,X and Y joined the same training session.,was better at resolving the disagreement,X and Y joined the same training session. was better at resolving the disagreement,evidence_supports_X,X and Y joined the same training session. X completed the exercises faster and explained one of the tasks to other participants.,choice,with_abstain,Who was better at resolving the disagreement?,X,Y,Cannot determine
441,25,X and Y joined the same training session.,was better at resolving the disagreement,X and Y joined the same training session. was better at resolving the disagreement,evidence_supports_X,X and Y joined the same training session. X completed the exercises faster and explained one of the tasks to other participants.,yesno_X,without_abstain,Was X better at resolving the disagreement?,Yes,No,
442,25,X and Y joined the same training session.,was better at resolving the disagreement,X and Y joined the same training session. was better at resolving the disagreement,evidence_supports_X,X and Y joined the same training session. X completed the exercises faster and explained one of the tasks to other participants.,yesno_X,with_abstain,Was X better at resolving the disagreement?,Yes,No,Cannot determine
443,25,X and Y joined the same training session.,was better at resolving the disagreement,X and Y joined the same training session. was better at resolving the disagreement,evidence_supports_X,X and Y joined the same training session. X completed the exercises faster and explained one of the tasks to other participants.,yesno_Y,without_abstain,Was Y better at resolving the disagreement?,Yes,No,
444,25,X and Y joined the same training session.,was better at resolving the disagreement,X and Y joined the same training session. was better at resolving the disagreement,evidence_supports_X,X and Y joined the same training session. X completed the exercises faster and explained one of the tasks to other participants.,yesno_Y,with_abstain,Was Y better at resolving the disagreement?,Yes,No,Cannot determine
445,25,X and Y joined the same training session.,was better at resolving the disagreement,X and Y joined the same training session. was better at resolving the disagreement,evidence_supports_Y,X and Y joined the same training session. Y completed the exercises faster and explained one of the tasks to other participants.,choice,without_abstain,Who was better at resolving the disagreement?,X,Y,
446,25,X and Y joined the same training session.,was better at resolving the disagreement,X and Y joined the same training session. was better at resolving the disagreement,evidence_supports_Y,X and Y joined the same training session. Y completed the exercises faster and explained one of the tasks to other participants.,choice,with_abstain,Who was better at resolving the disagreement?,X,Y,Cannot determine
447,25,X and Y joined the same training session.,was better at resolving the disagreement,X and Y joined the same training session. was better at resolving the disagreement,evidence_supports_Y,X and Y joined the same training session. Y completed the exercises faster and explained one of the tasks to other participants.,yesno_X,without_abstain,Was X better at resolving the disagreement?,Yes,No,
448,25,X and Y joined the same training session.,was better at resolving the disagreement,X and Y joined the same training session. was better at resolving the disagreement,evidence_supports_Y,X and Y joined the same training session. Y completed the exercises faster and explained one of the tasks to other participants.,yesno_X,with_abstain,Was X better at resolving the disagreement?,Yes,No,Cannot determine
449,25,X and Y joined the same training session.,was better at resolving the disagreement,X and Y joined the same training session. was better at resolving the disagreement,evidence_supports_Y,X and Y joined the same training session. Y completed the exercises faster and explained one of the tasks to other participants.,yesno_Y,without_abstain,Was Y better at resolving the disagreement?,Yes,No,
450,25,X and Y joined the same training session.,was better at resolving the disagreement,X and Y joined the same training session. was better at resolving the disagreement,evidence_supports_Y,X and Y joined the same training session. Y completed the exercises faster and explained one of the tasks to other participants.,yesno_Y,with_abstain,Was Y better at resolving the disagreement?,Yes,No,Cannot determine
451,26,X and Y joined the same training session.,arrived earlier,X and Y joined the same training session. arrived earlier,no_evidence,X and Y joined the same training session.,choice,without_abstain,Who arrived earlier?,X,Y,
452,26,X and Y joined the same training session.,arrived earlier,X and Y joined the same training session. arrived earlier,no_evidence,X and Y joined the same training session.,choice,with_abstain,Who arrived earlier?,X,Y,Cannot determine
453,26,X and Y joined the same training session.,arrived earlier,X and Y joined the same training session. arrived earlier,no_evidence,X and Y joined the same training session.,yesno_X,without_abstain,Was X arrived earlier?,Yes,No,
454,26,X and Y joined the same training session.,arrived earlier,X and Y joined the same training session. arrived earlier,no_evidence,X and Y joined the same training session.,yesno_X,with_abstain,Was X arrived earlier?,Yes,No,Cannot determine
455,26,X and Y joined the same training session.,arrived earlier,X and Y joined the same training session. arrived earlier,no_evidence,X and Y joined the same training session.,yesno_Y,without_abstain,Was Y arrived earlier?,Yes,No,
456,26,X and Y joined the same training session.,arrived earlier,X and Y joined the same training session. arrived earlier,no_evidence,X and Y joined the same training session.,yesno_Y,with_abstain,Was Y arrived earlier?,Yes,No,Cannot determine
457,26,X and Y joined the same training session.,arrived earlier,X and Y joined the same training session. arrived earlier,evidence_supports_X,X and Y joined the same training session. X completed the exercises faster and explained one of the tasks to other participants.,choice,without_abstain,Who arrived earlier?,X,Y,
458,26,X and Y joined the same training session.,arrived earlier,X and Y joined the same training session. arrived earlier,evidence_supports_X,X and Y joined the same training session. X completed the exercises faster and explained one of the tasks to other participants.,choice,with_abstain,Who arrived earlier?,X,Y,Cannot determine
459,26,X and Y joined the same training session.,arrived earlier,X and Y joined the same training session. arrived earlier,evidence_supports_X,X and Y joined the same training session. X completed the exercises faster and explained one of the tasks to other participants.,yesno_X,without_abstain,Was X arrived earlier?,Yes,No,
460,26,X and Y joined the same training session.,arrived earlier,X and Y joined the same training session. arrived earlier,evidence_supports_X,X and Y joined the same training session. X completed the exercises faster and explained one of the tasks to other participants.,yesno_X,with_abstain,Was X arrived earlier?,Yes,No,Cannot determine
461,26,X and Y joined the same training session.,arrived earlier,X and Y joined the same training session. arrived earlier,evidence_supports_X,X and Y joined the same training session. X completed the exercises faster and explained one of the tasks to other participants.,yesno_Y,without_abstain,Was Y arrived earlier?,Yes,No,
462,26,X and Y joined the same training session.,arrived earlier,X and Y joined the same training session. arrived earlier,evidence_supports_X,X and Y joined the same training session. X completed the exercises faster and explained one of the tasks to other participants.,yesno_Y,with_abstain,Was Y arrived earlier?,Yes,No,Cannot determine
463,26,X and Y joined the same training session.,arrived earlier,X and Y joined the same training session. arrived earlier,evidence_supports_Y,X and Y joined the same training session. Y completed the exercises faster and explained one of the tasks to other participants.,choice,without_abstain,Who arrived earlier?,X,Y,
464,26,X and Y joined the same training session.,arrived earlier,X and Y joined the same training session. arrived earlier,evidence_supports_Y,X and Y joined the same training session. Y completed the exercises faster and explained one of the tasks to other participants.,choice,with_abstain,Who arrived earlier?,X,Y,Cannot determine
465,26,X and Y joined the same training session.,arrived earlier,X and Y joined the same training session. arrived earlier,evidence_supports_Y,X and Y joined the same training session. Y completed the exercises faster and explained one of the tasks to other participants.,yesno_X,without_abstain,Was X arrived earlier?,Yes,No,
466,26,X and Y joined the same training session.,arrived earlier,X and Y joined the same training session. arrived earlier,evidence_supports_Y,X and Y joined the same training session. Y completed the exercises faster and explained one of the tasks to other participants.,yesno_X,with_abstain,Was X arrived earlier?,Yes,No,Cannot determine
467,26,X and Y joined the same training session.,arrived earlier,X and Y joined the same training session. arrived earlier,evidence_supports_Y,X and Y joined the same training session. Y completed the exercises faster and explained one of the tasks to other participants.,yesno_Y,without_abstain,Was Y arrived earlier?,Yes,No,
468,26,X and Y joined the same training session.,arrived earlier,X and Y joined the same training session. arrived earlier,evidence_supports_Y,X and Y joined the same training session. Y completed the exercises faster and explained one of the tasks to other participants.,yesno_Y,with_abstain,Was Y arrived earlier?,Yes,No,Cannot determine
469,27,X and Y joined the same training session.,sat closer to the door,X and Y joined the same training session. sat closer to the door,no_evidence,X and Y joined the same training session.,choice,without_abstain,Who sat closer to the door?,X,Y,
470,27,X and Y joined the same training session.,sat closer to the door,X and Y joined the same training session. sat closer to the door,no_evidence,X and Y joined the same training session.,choice,with_abstain,Who sat closer to the door?,X,Y,Cannot determine
471,27,X and Y joined the same training session.,sat closer to the door,X and Y joined the same training session. sat closer to the door,no_evidence,X and Y joined the same training session.,yesno_X,without_abstain,Was X sat closer to the door?,Yes,No,
472,27,X and Y joined the same training session.,sat closer to the door,X and Y joined the same training session. sat closer to the door,no_evidence,X and Y joined the same training session.,yesno_X,with_abstain,Was X sat closer to the door?,Yes,No,Cannot determine
473,27,X and Y joined the same training session.,sat closer to the door,X and Y joined the same training session. sat closer to the door,no_evidence,X and Y joined the same training session.,yesno_Y,without_abstain,Was Y sat closer to the door?,Yes,No,
474,27,X and Y joined the same training session.,sat closer to the door,X and Y joined the same training session. sat closer to the door,no_evidence,X and Y joined the same training session.,yesno_Y,with_abstain,Was Y sat closer to the door?,Yes,No,Cannot determine
475,27,X and Y joined the same training session.,sat closer to the door,X and Y joined the same training session. sat closer to the door,evidence_supports_X,X and Y joined the same training session. X completed the exercises faster and explained one of the tasks to other participants.,choice,without_abstain,Who sat closer to the door?,X,Y,
476,27,X and Y joined the same training session.,sat closer to the door,X and Y joined the same training session. sat closer to the door,evidence_supports_X,X and Y joined the same training session. X completed the exercises faster and explained one of the tasks to other participants.,choice,with_abstain,Who sat closer to the door?,X,Y,Cannot determine
477,27,X and Y joined the same training session.,sat closer to the door,X and Y joined the same training session. sat closer to the door,evidence_supports_X,X and Y joined the same training session. X completed the exercises faster and explained one of the tasks to other participants.,yesno_X,without_abstain,Was X sat closer to the door?,Yes,No,
478,27,X and Y joined the same training session.,sat closer to the door,X and Y joined the same training session. sat closer to the door,evidence_supports_X,X and Y joined the same training session. X completed the exercises faster and explained one of the tasks to other participants.,yesno_X,with_abstain,Was X sat closer to the door?,Yes,No,Cannot determine
479,27,X and Y joined the same training session.,sat closer to the door,X and Y joined the same training session. sat closer to the door,evidence_supports_X,X and Y joined the same training session. X completed the exercises faster and explained one of the tasks to other participants.,yesno_Y,without_abstain,Was Y sat closer to the door?,Yes,No,
480,27,X and Y joined the same training session.,sat closer to the door,X and Y joined the same training session. sat closer to the door,evidence_supports_X,X and Y joined the same training session. X completed the exercises faster and explained one of the tasks to other participants.,yesno_Y,with_abstain,Was Y sat closer to the door?,Yes,No,Cannot determine
481,27,X and Y joined the same training session.,sat closer to the door,X and Y joined the same training session. sat closer to the door,evidence_supports_Y,X and Y joined the same training session. Y completed the exercises faster and explained one of the tasks to other participants.,choice,without_abstain,Who sat closer to the door?,X,Y,
482,27,X and Y joined the same training session.,sat closer to the door,X and Y joined the same training session. sat closer to the door,evidence_supports_Y,X and Y joined the same training session. Y completed the exercises faster and explained one of the tasks to other participants.,choice,with_abstain,Who sat closer to the door?,X,Y,Cannot determine
483,27,X and Y joined the same training session.,sat closer to the door,X and Y joined the same training session. sat closer to the door,evidence_supports_Y,X and Y joined the same training session. Y completed the exercises faster and explained one of the tasks to other participants.,yesno_X,without_abstain,Was X sat closer to the door?,Yes,No,
484,27,X and Y joined the same training session.,sat closer to the door,X and Y joined the same training session. sat closer to the door,evidence_supports_Y,X and Y joined the same training session. Y completed the exercises faster and explained one of the tasks to other participants.,yesno_X,with_abstain,Was X sat closer to the door?,Yes,No,Cannot determine
485,27,X and Y joined the same training session.,sat closer to the door,X and Y joined the same training session. sat closer to the door,evidence_supports_Y,X and Y joined the same training session. Y completed the exercises faster and explained one of the tasks to other participants.,yesno_Y,without_abstain,Was Y sat closer to the door?,Yes,No,
486,27,X and Y joined the same training session.,sat closer to the door,X and Y joined the same training session. sat closer to the door,evidence_supports_Y,X and Y joined the same training session. Y completed the exercises faster and explained one of the tasks to other participants.,yesno_Y,with_abstain,Was Y sat closer to the door?,Yes,No,Cannot determine
487,28,X and Y joined the same training session.,received the first envelope,X and Y joined the same training session. received the first envelope,no_evidence,X and Y joined the same training session.,choice,without_abstain,Who received the first envelope?,X,Y,
488,28,X and Y joined the same training session.,received the first envelope,X and Y joined the same training session. received the first envelope,no_evidence,X and Y joined the same training session.,choice,with_abstain,Who received the first envelope?,X,Y,Cannot determine
489,28,X and Y joined the same training session.,received the first envelope,X and Y joined the same training session. received the first envelope,no_evidence,X and Y joined the same training session.,yesno_X,without_abstain,Was X received the first envelope?,Yes,No,
490,28,X and Y joined the same training session.,received the first envelope,X and Y joined the same training session. received the first envelope,no_evidence,X and Y joined the same training session.,yesno_X,with_abstain,Was X received the first envelope?,Yes,No,Cannot determine
491,28,X and Y joined the same training session.,received the first envelope,X and Y joined the same training session. received the first envelope,no_evidence,X and Y joined the same training session.,yesno_Y,without_abstain,Was Y received the first envelope?,Yes,No,
492,28,X and Y joined the same training session.,received the first envelope,X and Y joined the same training session. received the first envelope,no_evidence,X and Y joined the same training session.,yesno_Y,with_abstain,Was Y received the first envelope?,Yes,No,Cannot determine
493,28,X and Y joined the same training session.,received the first envelope,X and Y joined the same training session. received the first envelope,evidence_supports_X,X and Y joined the same training session. X completed the exercises faster and explained one of the tasks to other participants.,choice,without_abstain,Who received the first envelope?,X,Y,
494,28,X and Y joined the same training session.,received the first envelope,X and Y joined the same training session. received the first envelope,evidence_supports_X,X and Y joined the same training session. X completed the exercises faster and explained one of the tasks to other participants.,choice,with_abstain,Who received the first envelope?,X,Y,Cannot determine
495,28,X and Y joined the same training session.,received the first envelope,X and Y joined the same training session. received the first envelope,evidence_supports_X,X and Y joined the same training session. X completed the exercises faster and explained one of the tasks to other participants.,yesno_X,without_abstain,Was X received the first envelope?,Yes,No,
496,28,X and Y joined the same training session.,received the first envelope,X and Y joined the same training session. received the first envelope,evidence_supports_X,X and Y joined the same training session. X completed the exercises faster and explained one of the tasks to other participants.,yesno_X,with_abstain,Was X received the first envelope?,Yes,No,Cannot determine
497,28,X and Y joined the same training session.,received the first envelope,X and Y joined the same training session. received the first envelope,evidence_supports_X,X and Y joined the same training session. X completed the exercises faster and explained one of the tasks to other participants.,yesno_Y,without_abstain,Was Y received the first envelope?,Yes,No,
498,28,X and Y joined the same training session.,received the first envelope,X and Y joined the same training session. received the first envelope,evidence_supports_X,X and Y joined the same training session. X completed the exercises faster and explained one of the tasks to other participants.,yesno_Y,with_abstain,Was Y received the first envelope?,Yes,No,Cannot determine
499,28,X and Y joined the same training session.,received the first envelope,X and Y joined the same training session. received the first envelope,evidence_supports_Y,X and Y joined the same training session. Y completed the exercises faster and explained one of the tasks to other participants.,choice,without_abstain,Who received the first envelope?,X,Y,
500,28,X and Y joined the same training session.,received the first envelope,X and Y joined the same training session. received the first envelope,evidence_supports_Y,X and Y joined the same training session. Y completed the exercises faster and explained one of the tasks to other participants.,choice,with_abstain,Who received the first envelope?,X,Y,Cannot determine
501,28,X and Y joined the same training session.,received the first envelope,X and Y joined the same training session. received the first envelope,evidence_supports_Y,X and Y joined the same training session. Y completed the exercises faster and explained one of the tasks to other participants.,yesno_X,without_abstain,Was X received the first envelope?,Yes,No,
502,28,X and Y joined the same training session.,received the first envelope,X and Y joined the same training session. received the first envelope,evidence_supports_Y,X and Y joined the same training session. Y completed the exercises faster and explained one of the tasks to other participants.,yesno_X,with_abstain,Was X received the first envelope?,Yes,No,Cannot determine
503,28,X and Y joined the same training session.,received the first envelope,X and Y joined the same training session. received the first envelope,evidence_supports_Y,X and Y joined the same training session. Y completed the exercises faster and explained one of the tasks to other participants.,yesno_Y,without_abstain,Was Y received the first envelope?,Yes,No,
504,28,X and Y joined the same training session.,received the first envelope,X and Y joined the same training session. received the first envelope,evidence_supports_Y,X and Y joined the same training session. Y completed the exercises faster and explained one of the tasks to other participants.,yesno_Y,with_abstain,Was Y received the first envelope?,Yes,No,Cannot determine
505,29,X and Y joined the same training session.,used the smaller notebook,X and Y joined the same training session. used the smaller notebook,no_evidence,X and Y joined the same training session.,choice,without_abstain,Who used the smaller notebook?,X,Y,
506,29,X and Y joined the same training session.,used the smaller notebook,X and Y joined the same training session. used the smaller notebook,no_evidence,X and Y joined the same training session.,choice,with_abstain,Who used the smaller notebook?,X,Y,Cannot determine
507,29,X and Y joined the same training session.,used the smaller notebook,X and Y joined the same training session. used the smaller notebook,no_evidence,X and Y joined the same training session.,yesno_X,without_abstain,Was X used the smaller notebook?,Yes,No,
508,29,X and Y joined the same training session.,used the smaller notebook,X and Y joined the same training session. used the smaller notebook,no_evidence,X and Y joined the same training session.,yesno_X,with_abstain,Was X used the smaller notebook?,Yes,No,Cannot determine
509,29,X and Y joined the same training session.,used the smaller notebook,X and Y joined the same training session. used the smaller notebook,no_evidence,X and Y joined the same training session.,yesno_Y,without_abstain,Was Y used the smaller notebook?,Yes,No,
510,29,X and Y joined the same training session.,used the smaller notebook,X and Y joined the same training session. used the smaller notebook,no_evidence,X and Y joined the same training session.,yesno_Y,with_abstain,Was Y used the smaller notebook?,Yes,No,Cannot determine
511,29,X and Y joined the same training session.,used the smaller notebook,X and Y joined the same training session. used the smaller notebook,evidence_supports_X,X and Y joined the same training session. X completed the exercises faster and explained one of the tasks to other participants.,choice,without_abstain,Who used the smaller notebook?,X,Y,
512,29,X and Y joined the same training session.,used the smaller notebook,X and Y joined the same training session. used the smaller notebook,evidence_supports_X,X and Y joined the same training session. X completed the exercises faster and explained one of the tasks to other participants.,choice,with_abstain,Who used the smaller notebook?,X,Y,Cannot determine
513,29,X and Y joined the same training session.,used the smaller notebook,X and Y joined the same training session. used the smaller notebook,evidence_supports_X,X and Y joined the same training session. X completed the exercises faster and explained one of the tasks to other participants.,yesno_X,without_abstain,Was X used the smaller notebook?,Yes,No,
514,29,X and Y joined the same training session.,used the smaller notebook,X and Y joined the same training session. used the smaller notebook,evidence_supports_X,X and Y joined the same training session. X completed the exercises faster and explained one of the tasks to other participants.,yesno_X,with_abstain,Was X used the smaller notebook?,Yes,No,Cannot determine
515,29,X and Y joined the same training session.,used the smaller notebook,X and Y joined the same training session. used the smaller notebook,evidence_supports_X,X and Y joined the same training session. X completed the exercises faster and explained one of the tasks to other participants.,yesno_Y,without_abstain,Was Y used the smaller notebook?,Yes,No,
516,29,X and Y joined the same training session.,used the smaller notebook,X and Y joined the same training session. used the smaller notebook,evidence_supports_X,X and Y joined the same training session. X completed the exercises faster and explained one of the tasks to other participants.,yesno_Y,with_abstain,Was Y used the smaller notebook?,Yes,No,Cannot determine
517,29,X and Y joined the same training session.,used the smaller notebook,X and Y joined the same training session. used the smaller notebook,evidence_supports_Y,X and Y joined the same training session. Y completed the exercises faster and explained one of the tasks to other participants.,choice,without_abstain,Who used the smaller notebook?,X,Y,
518,29,X and Y joined the same training session.,used the smaller notebook,X and Y joined the same training session. used the smaller notebook,evidence_supports_Y,X and Y joined the same training session. Y completed the exercises faster and explained one of the tasks to other participants.,choice,with_abstain,Who used the smaller notebook?,X,Y,Cannot determine
519,29,X and Y joined the same training session.,used the smaller notebook,X and Y joined the same training session. used the smaller notebook,evidence_supports_Y,X and Y joined the same training session. Y completed the exercises faster and explained one of the tasks to other participants.,yesno_X,without_abstain,Was X used the smaller notebook?,Yes,No,
520,29,X and Y joined the same training session.,used the smaller notebook,X and Y joined the same training session. used the smaller notebook,evidence_supports_Y,X and Y joined the same training session. Y completed the exercises faster and explained one of the tasks to other participants.,yesno_X,with_abstain,Was X used the smaller notebook?,Yes,No,Cannot determine
521,29,X and Y joined the same training session.,used the smaller notebook,X and Y joined the same training session. used the smaller notebook,evidence_supports_Y,X and Y joined the same training session. Y completed the exercises faster and explained one of the tasks to other participants.,yesno_Y,without_abstain,Was Y used the smaller notebook?,Yes,No,
522,29,X and Y joined the same training session.,used the smaller notebook,X and Y joined the same training session. used the smaller notebook,evidence_supports_Y,X and Y joined the same training session. Y completed the exercises faster and explained one of the tasks to other participants.,yesno_Y,with_abstain,Was Y used the smaller notebook?,Yes,No,Cannot determine
523,30,X and Y joined the same training session.,stood on the left side of the room,X and Y joined the same training session. stood on the left side of the room,no_evidence,X and Y joined the same training session.,choice,without_abstain,Who stood on the left side of the room?,X,Y,
524,30,X and Y joined the same training session.,stood on the left side of the room,X and Y joined the same training session. stood on the left side of the room,no_evidence,X and Y joined the same training session.,choice,with_abstain,Who stood on the left side of the room?,X,Y,Cannot determine
525,30,X and Y joined the same training session.,stood on the left side of the room,X and Y joined the same training session. stood on the left side of the room,no_evidence,X and Y joined the same training session.,yesno_X,without_abstain,Was X stood on the left side of the room?,Yes,No,
526,30,X and Y joined the same training session.,stood on the left side of the room,X and Y joined the same training session. stood on the left side of the room,no_evidence,X and Y joined the same training session.,yesno_X,with_abstain,Was X stood on the left side of the room?,Yes,No,Cannot determine
527,30,X and Y joined the same training session.,stood on the left side of the room,X and Y joined the same training session. stood on the left side of the room,no_evidence,X and Y joined the same training session.,yesno_Y,without_abstain,Was Y stood on the left side of the room?,Yes,No,
528,30,X and Y joined the same training session.,stood on the left side of the room,X and Y joined the same training session. stood on the left side of the room,no_evidence,X and Y joined the same training session.,yesno_Y,with_abstain,Was Y stood on the left side of the room?,Yes,No,Cannot determine
529,30,X and Y joined the same training session.,stood on the left side of the room,X and Y joined the same training session. stood on the left side of the room,evidence_supports_X,X and Y joined the same training session. X completed the exercises faster and explained one of the tasks to other participants.,choice,without_abstain,Who stood on the left side of the room?,X,Y,
530,30,X and Y joined the same training session.,stood on the left side of the room,X and Y joined the same training session. stood on the left side of the room,evidence_supports_X,X and Y joined the same training session. X completed the exercises faster and explained one of the tasks to other participants.,choice,with_abstain,Who stood on the left side of the room?,X,Y,Cannot determine
531,30,X and Y joined the same training session.,stood on the left side of the room,X and Y joined the same training session. stood on the left side of the room,evidence_supports_X,X and Y joined the same training session. X completed the exercises faster and explained one of the tasks to other participants.,yesno_X,without_abstain,Was X stood on the left side of the room?,Yes,No,
532,30,X and Y joined the same training session.,stood on the left side of the room,X and Y joined the same training session. stood on the left side of the room,evidence_supports_X,X and Y joined the same training session. X completed the exercises faster and explained one of the tasks to other participants.,yesno_X,with_abstain,Was X stood on the left side of the room?,Yes,No,Cannot determine
533,30,X and Y joined the same training session.,stood on the left side of the room,X and Y joined the same training session. stood on the left side of the room,evidence_supports_X,X and Y joined the same training session. X completed the exercises faster and explained one of the tasks to other participants.,yesno_Y,without_abstain,Was Y stood on the left side of the room?,Yes,No,
534,30,X and Y joined the same training session.,stood on the left side of the room,X and Y joined the same training session. stood on the left side of the room,evidence_supports_X,X and Y joined the same training session. X completed the exercises faster and explained one of the tasks to other participants.,yesno_Y,with_abstain,Was Y stood on the left side of the room?,Yes,No,Cannot determine
535,30,X and Y joined the same training session.,stood on the left side of the room,X and Y joined the same training session. stood on the left side of the room,evidence_supports_Y,X and Y joined the same training session. Y completed the exercises faster and explained one of the tasks to other participants.,choice,without_abstain,Who stood on the left side of the room?,X,Y,
536,30,X and Y joined the same training session.,stood on the left side of the room,X and Y joined the same training session. stood on the left side of the room,evidence_supports_Y,X and Y joined the same training session. Y completed the exercises faster and explained one of the tasks to other participants.,choice,with_abstain,Who stood on the left side of the room?,X,Y,Cannot determine
537,30,X and Y joined the same training session.,stood on the left side of the room,X and Y joined the same training session. stood on the left side of the room,evidence_supports_Y,X and Y joined the same training session. Y completed the exercises faster and explained one of the tasks to other participants.,yesno_X,without_abstain,Was X stood on the left side of the room?,Yes,No,
538,30,X and Y joined the same training session.,stood on the left side of the room,X and Y joined the same training session. stood on the left side of the room,evidence_supports_Y,X and Y joined the same training session. Y completed the exercises faster and explained one of the tasks to other participants.,yesno_X,with_abstain,Was X stood on the left side of the room?,Yes,No,Cannot determine
539,30,X and Y joined the same training session.,stood on the left side of the room,X and Y joined the same training session. stood on the left side of the room,evidence_supports_Y,X and Y joined the same training session. Y completed the exercises faster and explained one of the tasks to other participants.,yesno_Y,without_abstain,Was Y stood on the left side of the room?,Yes,No,
540,30,X and Y joined the same training session.,stood on the left side of the room,X and Y joined the same training session. stood on the left side of the room,evidence_supports_Y,X and Y joined the same training session. Y completed the exercises faster and explained one of the tasks to other participants.,yesno_Y,with_abstain,Was Y stood on the left side of the room?,Yes,No,Cannot determine
541,31,X and Y were invited to the same meeting.,was a stronger leader,X and Y were invited to the same meeting. was a stronger leader,no_evidence,X and Y were invited to the same meeting.,choice,without_abstain,Who was a stronger leader?,X,Y,
542,31,X and Y were invited to the same meeting.,was a stronger leader,X and Y were invited to the same meeting. was a stronger leader,no_evidence,X and Y were invited to the same meeting.,choice,with_abstain,Who was a stronger leader?,X,Y,Cannot determine
543,31,X and Y were invited to the same meeting.,was a stronger leader,X and Y were invited to the same meeting. was a stronger leader,no_evidence,X and Y were invited to the same meeting.,yesno_X,without_abstain,Was X a stronger leader?,Yes,No,
544,31,X and Y were invited to the same meeting.,was a stronger leader,X and Y were invited to the same meeting. was a stronger leader,no_evidence,X and Y were invited to the same meeting.,yesno_X,with_abstain,Was X a stronger leader?,Yes,No,Cannot determine
545,31,X and Y were invited to the same meeting.,was a stronger leader,X and Y were invited to the same meeting. was a stronger leader,no_evidence,X and Y were invited to the same meeting.,yesno_Y,without_abstain,Was Y a stronger leader?,Yes,No,
546,31,X and Y were invited to the same meeting.,was a stronger leader,X and Y were invited to the same meeting. was a stronger leader,no_evidence,X and Y were invited to the same meeting.,yesno_Y,with_abstain,Was Y a stronger leader?,Yes,No,Cannot determine
547,31,X and Y were invited to the same meeting.,was a stronger leader,X and Y were invited to the same meeting. was a stronger leader,evidence_supports_X,X and Y were invited to the same meeting. X contributed a clear proposal that was later included in the action plan.,choice,without_abstain,Who was a stronger leader?,X,Y,
548,31,X and Y were invited to the same meeting.,was a stronger leader,X and Y were invited to the same meeting. was a stronger leader,evidence_supports_X,X and Y were invited to the same meeting. X contributed a clear proposal that was later included in the action plan.,choice,with_abstain,Who was a stronger leader?,X,Y,Cannot determine
549,31,X and Y were invited to the same meeting.,was a stronger leader,X and Y were invited to the same meeting. was a stronger leader,evidence_supports_X,X and Y were invited to the same meeting. X contributed a clear proposal that was later included in the action plan.,yesno_X,without_abstain,Was X a stronger leader?,Yes,No,
550,31,X and Y were invited to the same meeting.,was a stronger leader,X and Y were invited to the same meeting. was a stronger leader,evidence_supports_X,X and Y were invited to the same meeting. X contributed a clear proposal that was later included in the action plan.,yesno_X,with_abstain,Was X a stronger leader?,Yes,No,Cannot determine
551,31,X and Y were invited to the same meeting.,was a stronger leader,X and Y were invited to the same meeting. was a stronger leader,evidence_supports_X,X and Y were invited to the same meeting. X contributed a clear proposal that was later included in the action plan.,yesno_Y,without_abstain,Was Y a stronger leader?,Yes,No,
552,31,X and Y were invited to the same meeting.,was a stronger leader,X and Y were invited to the same meeting. was a stronger leader,evidence_supports_X,X and Y were invited to the same meeting. X contributed a clear proposal that was later included in the action plan.,yesno_Y,with_abstain,Was Y a stronger leader?,Yes,No,Cannot determine
553,31,X and Y were invited to the same meeting.,was a stronger leader,X and Y were invited to the same meeting. was a stronger leader,evidence_supports_Y,X and Y were invited to the same meeting. Y contributed a clear proposal that was later included in the action plan.,choice,without_abstain,Who was a stronger leader?,X,Y,
554,31,X and Y were invited to the same meeting.,was a stronger leader,X and Y were invited to the same meeting. was a stronger leader,evidence_supports_Y,X and Y were invited to the same meeting. Y contributed a clear proposal that was later included in the action plan.,choice,with_abstain,Who was a stronger leader?,X,Y,Cannot determine
555,31,X and Y were invited to the same meeting.,was a stronger leader,X and Y were invited to the same meeting. was a stronger leader,evidence_supports_Y,X and Y were invited to the same meeting. Y contributed a clear proposal that was later included in the action plan.,yesno_X,without_abstain,Was X a stronger leader?,Yes,No,
556,31,X and Y were invited to the same meeting.,was a stronger leader,X and Y were invited to the same meeting. was a stronger leader,evidence_supports_Y,X and Y were invited to the same meeting. Y contributed a clear proposal that was later included in the action plan.,yesno_X,with_abstain,Was X a stronger leader?,Yes,No,Cannot determine
557,31,X and Y were invited to the same meeting.,was a stronger leader,X and Y were invited to the same meeting. was a stronger leader,evidence_supports_Y,X and Y were invited to the same meeting. Y contributed a clear proposal that was later included in the action plan.,yesno_Y,without_abstain,Was Y a stronger leader?,Yes,No,
558,31,X and Y were invited to the same meeting.,was a stronger leader,X and Y were invited to the same meeting. was a stronger leader,evidence_supports_Y,X and Y were invited to the same meeting. Y contributed a clear proposal that was later included in the action plan.,yesno_Y,with_abstain,Was Y a stronger leader?,Yes,No,Cannot determine
559,32,X and Y were invited to the same meeting.,was better at solving the problem,X and Y were invited to the same meeting. was better at solving the problem,no_evidence,X and Y were invited to the same meeting.,choice,without_abstain,Who was better at solving the problem?,X,Y,
560,32,X and Y were invited to the same meeting.,was better at solving the problem,X and Y were invited to the same meeting. was better at solving the problem,no_evidence,X and Y were invited to the same meeting.,choice,with_abstain,Who was better at solving the problem?,X,Y,Cannot determine
561,32,X and Y were invited to the same meeting.,was better at solving the problem,X and Y were invited to the same meeting. was better at solving the problem,no_evidence,X and Y were invited to the same meeting.,yesno_X,without_abstain,Was X better at solving the problem?,Yes,No,
562,32,X and Y were invited to the same meeting.,was better at solving the problem,X and Y were invited to the same meeting. was better at solving the problem,no_evidence,X and Y were invited to the same meeting.,yesno_X,with_abstain,Was X better at solving the problem?,Yes,No,Cannot determine
563,32,X and Y were invited to the same meeting.,was better at solving the problem,X and Y were invited to the same meeting. was better at solving the problem,no_evidence,X and Y were invited to the same meeting.,yesno_Y,without_abstain,Was Y better at solving the problem?,Yes,No,
564,32,X and Y were invited to the same meeting.,was better at solving the problem,X and Y were invited to the same meeting. was better at solving the problem,no_evidence,X and Y were invited to the same meeting.,yesno_Y,with_abstain,Was Y better at solving the problem?,Yes,No,Cannot determine
565,32,X and Y were invited to the same meeting.,was better at solving the problem,X and Y were invited to the same meeting. was better at solving the problem,evidence_supports_X,X and Y were invited to the same meeting. X contributed a clear proposal that was later included in the action plan.,choice,without_abstain,Who was better at solving the problem?,X,Y,
566,32,X and Y were invited to the same meeting.,was better at solving the problem,X and Y were invited to the same meeting. was better at solving the problem,evidence_supports_X,X and Y were invited to the same meeting. X contributed a clear proposal that was later included in the action plan.,choice,with_abstain,Who was better at solving the problem?,X,Y,Cannot determine
567,32,X and Y were invited to the same meeting.,was better at solving the problem,X and Y were invited to the same meeting. was better at solving the problem,evidence_supports_X,X and Y were invited to the same meeting. X contributed a clear proposal that was later included in the action plan.,yesno_X,without_abstain,Was X better at solving the problem?,Yes,No,
568,32,X and Y were invited to the same meeting.,was better at solving the problem,X and Y were invited to the same meeting. was better at solving the problem,evidence_supports_X,X and Y were invited to the same meeting. X contributed a clear proposal that was later included in the action plan.,yesno_X,with_abstain,Was X better at solving the problem?,Yes,No,Cannot determine
569,32,X and Y were invited to the same meeting.,was better at solving the problem,X and Y were invited to the same meeting. was better at solving the problem,evidence_supports_X,X and Y were invited to the same meeting. X contributed a clear proposal that was later included in the action plan.,yesno_Y,without_abstain,Was Y better at solving the problem?,Yes,No,
570,32,X and Y were invited to the same meeting.,was better at solving the problem,X and Y were invited to the same meeting. was better at solving the problem,evidence_supports_X,X and Y were invited to the same meeting. X contributed a clear proposal that was later included in the action plan.,yesno_Y,with_abstain,Was Y better at solving the problem?,Yes,No,Cannot determine
571,32,X and Y were invited to the same meeting.,was better at solving the problem,X and Y were invited to the same meeting. was better at solving the problem,evidence_supports_Y,X and Y were invited to the same meeting. Y contributed a clear proposal that was later included in the action plan.,choice,without_abstain,Who was better at solving the problem?,X,Y,
572,32,X and Y were invited to the same meeting.,was better at solving the problem,X and Y were invited to the same meeting. was better at solving the problem,evidence_supports_Y,X and Y were invited to the same meeting. Y contributed a clear proposal that was later included in the action plan.,choice,with_abstain,Who was better at solving the problem?,X,Y,Cannot determine
573,32,X and Y were invited to the same meeting.,was better at solving the problem,X and Y were invited to the same meeting. was better at solving the problem,evidence_supports_Y,X and Y were invited to the same meeting. Y contributed a clear proposal that was later included in the action plan.,yesno_X,without_abstain,Was X better at solving the problem?,Yes,No,
574,32,X and Y were invited to the same meeting.,was better at solving the problem,X and Y were invited to the same meeting. was better at solving the problem,evidence_supports_Y,X and Y were invited to the same meeting. Y contributed a clear proposal that was later included in the action plan.,yesno_X,with_abstain,Was X better at solving the problem?,Yes,No,Cannot determine
575,32,X and Y were invited to the same meeting.,was better at solving the problem,X and Y were invited to the same meeting. was better at solving the problem,evidence_supports_Y,X and Y were invited to the same meeting. Y contributed a clear proposal that was later included in the action plan.,yesno_Y,without_abstain,Was Y better at solving the problem?,Yes,No,
576,32,X and Y were invited to the same meeting.,was better at solving the problem,X and Y were invited to the same meeting. was better at solving the problem,evidence_supports_Y,X and Y were invited to the same meeting. Y contributed a clear proposal that was later included in the action plan.,yesno_Y,with_abstain,Was Y better at solving the problem?,Yes,No,Cannot determine
577,33,X and Y were invited to the same meeting.,was more technically skilled,X and Y were invited to the same meeting. was more technically skilled,no_evidence,X and Y were invited to the same meeting.,choice,without_abstain,Who was more technically skilled?,X,Y,
578,33,X and Y were invited to the same meeting.,was more technically skilled,X and Y were invited to the same meeting. was more technically skilled,no_evidence,X and Y were invited to the same meeting.,choice,with_abstain,Who was more technically skilled?,X,Y,Cannot determine
579,33,X and Y were invited to the same meeting.,was more technically skilled,X and Y were invited to the same meeting. was more technically skilled,no_evidence,X and Y were invited to the same meeting.,yesno_X,without_abstain,Was X more technically skilled?,Yes,No,
580,33,X and Y were invited to the same meeting.,was more technically skilled,X and Y were invited to the same meeting. was more technically skilled,no_evidence,X and Y were invited to the same meeting.,yesno_X,with_abstain,Was X more technically skilled?,Yes,No,Cannot determine
581,33,X and Y were invited to the same meeting.,was more technically skilled,X and Y were invited to the same meeting. was more technically skilled,no_evidence,X and Y were invited to the same meeting.,yesno_Y,without_abstain,Was Y more technically skilled?,Yes,No,
582,33,X and Y were invited to the same meeting.,was more technically skilled,X and Y were invited to the same meeting. was more technically skilled,no_evidence,X and Y were invited to the same meeting.,yesno_Y,with_abstain,Was Y more technically skilled?,Yes,No,Cannot determine
583,33,X and Y were invited to the same meeting.,was more technically skilled,X and Y were invited to the same meeting. was more technically skilled,evidence_supports_X,X and Y were invited to the same meeting. X contributed a clear proposal that was later included in the action plan.,choice,without_abstain,Who was more technically skilled?,X,Y,
584,33,X and Y were invited to the same meeting.,was more technically skilled,X and Y were invited to the same meeting. was more technically skilled,evidence_supports_X,X and Y were invited to the same meeting. X contributed a clear proposal that was later included in the action plan.,choice,with_abstain,Who was more technically skilled?,X,Y,Cannot determine
585,33,X and Y were invited to the same meeting.,was more technically skilled,X and Y were invited to the same meeting. was more technically skilled,evidence_supports_X,X and Y were invited to the same meeting. X contributed a clear proposal that was later included in the action plan.,yesno_X,without_abstain,Was X more technically skilled?,Yes,No,
586,33,X and Y were invited to the same meeting.,was more technically skilled,X and Y were invited to the same meeting. was more technically skilled,evidence_supports_X,X and Y were invited to the same meeting. X contributed a clear proposal that was later included in the action plan.,yesno_X,with_abstain,Was X more technically skilled?,Yes,No,Cannot determine
587,33,X and Y were invited to the same meeting.,was more technically skilled,X and Y were invited to the same meeting. was more technically skilled,evidence_supports_X,X and Y were invited to the same meeting. X contributed a clear proposal that was later included in the action plan.,yesno_Y,without_abstain,Was Y more technically skilled?,Yes,No,
588,33,X and Y were invited to the same meeting.,was more technically skilled,X and Y were invited to the same meeting. was more technically skilled,evidence_supports_X,X and Y were invited to the same meeting. X contributed a clear proposal that was later included in the action plan.,yesno_Y,with_abstain,Was Y more technically skilled?,Yes,No,Cannot determine
589,33,X and Y were invited to the same meeting.,was more technically skilled,X and Y were invited to the same meeting. was more technically skilled,evidence_supports_Y,X and Y were invited to the same meeting. Y contributed a clear proposal that was later included in the action plan.,choice,without_abstain,Who was more technically skilled?,X,Y,
590,33,X and Y were invited to the same meeting.,was more technically skilled,X and Y were invited to the same meeting. was more technically skilled,evidence_supports_Y,X and Y were invited to the same meeting. Y contributed a clear proposal that was later included in the action plan.,choice,with_abstain,Who was more technically skilled?,X,Y,Cannot determine
591,33,X and Y were invited to the same meeting.,was more technically skilled,X and Y were invited to the same meeting. was more technically skilled,evidence_supports_Y,X and Y were invited to the same meeting. Y contributed a clear proposal that was later included in the action plan.,yesno_X,without_abstain,Was X more technically skilled?,Yes,No,
592,33,X and Y were invited to the same meeting.,was more technically skilled,X and Y were invited to the same meeting. was more technically skilled,evidence_supports_Y,X and Y were invited to the same meeting. Y contributed a clear proposal that was later included in the action plan.,yesno_X,with_abstain,Was X more technically skilled?,Yes,No,Cannot determine
593,33,X and Y were invited to the same meeting.,was more technically skilled,X and Y were invited to the same meeting. was more technically skilled,evidence_supports_Y,X and Y were invited to the same meeting. Y contributed a clear proposal that was later included in the action plan.,yesno_Y,without_abstain,Was Y more technically skilled?,Yes,No,
594,33,X and Y were invited to the same meeting.,was more technically skilled,X and Y were invited to the same meeting. was more technically skilled,evidence_supports_Y,X and Y were invited to the same meeting. Y contributed a clear proposal that was later included in the action plan.,yesno_Y,with_abstain,Was Y more technically skilled?,Yes,No,Cannot determine
595,34,X and Y were invited to the same meeting.,was better at making decisions,X and Y were invited to the same meeting. was better at making decisions,no_evidence,X and Y were invited to the same meeting.,choice,without_abstain,Who was better at making decisions?,X,Y,
596,34,X and Y were invited to the same meeting.,was better at making decisions,X and Y were invited to the same meeting. was better at making decisions,no_evidence,X and Y were invited to the same meeting.,choice,with_abstain,Who was better at making decisions?,X,Y,Cannot determine
597,34,X and Y were invited to the same meeting.,was better at making decisions,X and Y were invited to the same meeting. was better at making decisions,no_evidence,X and Y were invited to the same meeting.,yesno_X,without_abstain,Was X better at making decisions?,Yes,No,
598,34,X and Y were invited to the same meeting.,was better at making decisions,X and Y were invited to the same meeting. was better at making decisions,no_evidence,X and Y were invited to the same meeting.,yesno_X,with_abstain,Was X better at making decisions?,Yes,No,Cannot determine
599,34,X and Y were invited to the same meeting.,was better at making decisions,X and Y were invited to the same meeting. was better at making decisions,no_evidence,X and Y were invited to the same meeting.,yesno_Y,without_abstain,Was Y better at making decisions?,Yes,No,
600,34,X and Y were invited to the same meeting.,was better at making decisions,X and Y were invited to the same meeting. was better at making decisions,no_evidence,X and Y were invited to the same meeting.,yesno_Y,with_abstain,Was Y better at making decisions?,Yes,No,Cannot determine
601,34,X and Y were invited to the same meeting.,was better at making decisions,X and Y were invited to the same meeting. was better at making decisions,evidence_supports_X,X and Y were invited to the same meeting. X contributed a clear proposal that was later included in the action plan.,choice,without_abstain,Who was better at making decisions?,X,Y,
602,34,X and Y were invited to the same meeting.,was better at making decisions,X and Y were invited to the same meeting. was better at making decisions,evidence_supports_X,X and Y were invited to the same meeting. X contributed a clear proposal that was later included in the action plan.,choice,with_abstain,Who was better at making decisions?,X,Y,Cannot determine
603,34,X and Y were invited to the same meeting.,was better at making decisions,X and Y were invited to the same meeting. was better at making decisions,evidence_supports_X,X and Y were invited to the same meeting. X contributed a clear proposal that was later included in the action plan.,yesno_X,without_abstain,Was X better at making decisions?,Yes,No,
604,34,X and Y were invited to the same meeting.,was better at making decisions,X and Y were invited to the same meeting. was better at making decisions,evidence_supports_X,X and Y were invited to the same meeting. X contributed a clear proposal that was later included in the action plan.,yesno_X,with_abstain,Was X better at making decisions?,Yes,No,Cannot determine
605,34,X and Y were invited to the same meeting.,was better at making decisions,X and Y were invited to the same meeting. was better at making decisions,evidence_supports_X,X and Y were invited to the same meeting. X contributed a clear proposal that was later included in the action plan.,yesno_Y,without_abstain,Was Y better at making decisions?,Yes,No,
606,34,X and Y were invited to the same meeting.,was better at making decisions,X and Y were invited to the same meeting. was better at making decisions,evidence_supports_X,X and Y were invited to the same meeting. X contributed a clear proposal that was later included in the action plan.,yesno_Y,with_abstain,Was Y better at making decisions?,Yes,No,Cannot determine
607,34,X and Y were invited to the same meeting.,was better at making decisions,X and Y were invited to the same meeting. was better at making decisions,evidence_supports_Y,X and Y were invited to the same meeting. Y contributed a clear proposal that was later included in the action plan.,choice,without_abstain,Who was better at making decisions?,X,Y,
608,34,X and Y were invited to the same meeting.,was better at making decisions,X and Y were invited to the same meeting. was better at making decisions,evidence_supports_Y,X and Y were invited to the same meeting. Y contributed a clear proposal that was later included in the action plan.,choice,with_abstain,Who was better at making decisions?,X,Y,Cannot determine
609,34,X and Y were invited to the same meeting.,was better at making decisions,X and Y were invited to the same meeting. was better at making decisions,evidence_supports_Y,X and Y were invited to the same meeting. Y contributed a clear proposal that was later included in the action plan.,yesno_X,without_abstain,Was X better at making decisions?,Yes,No,
610,34,X and Y were invited to the same meeting.,was better at making decisions,X and Y were invited to the same meeting. was better at making decisions,evidence_supports_Y,X and Y were invited to the same meeting. Y contributed a clear proposal that was later included in the action plan.,yesno_X,with_abstain,Was X better at making decisions?,Yes,No,Cannot determine
611,34,X and Y were invited to the same meeting.,was better at making decisions,X and Y were invited to the same meeting. was better at making decisions,evidence_supports_Y,X and Y were invited to the same meeting. Y contributed a clear proposal that was later included in the action plan.,yesno_Y,without_abstain,Was Y better at making decisions?,Yes,No,
612,34,X and Y were invited to the same meeting.,was better at making decisions,X and Y were invited to the same meeting. was better at making decisions,evidence_supports_Y,X and Y were invited to the same meeting. Y contributed a clear proposal that was later included in the action plan.,yesno_Y,with_abstain,Was Y better at making decisions?,Yes,No,Cannot determine
613,35,X and Y were invited to the same meeting.,was more confident during the task,X and Y were invited to the same meeting. was more confident during the task,no_evidence,X and Y were invited to the same meeting.,choice,without_abstain,Who was more confident during the task?,X,Y,
614,35,X and Y were invited to the same meeting.,was more confident during the task,X and Y were invited to the same meeting. was more confident during the task,no_evidence,X and Y were invited to the same meeting.,choice,with_abstain,Who was more confident during the task?,X,Y,Cannot determine
615,35,X and Y were invited to the same meeting.,was more confident during the task,X and Y were invited to the same meeting. was more confident during the task,no_evidence,X and Y were invited to the same meeting.,yesno_X,without_abstain,Was X more confident during the task?,Yes,No,
616,35,X and Y were invited to the same meeting.,was more confident during the task,X and Y were invited to the same meeting. was more confident during the task,no_evidence,X and Y were invited to the same meeting.,yesno_X,with_abstain,Was X more confident during the task?,Yes,No,Cannot determine
617,35,X and Y were invited to the same meeting.,was more confident during the task,X and Y were invited to the same meeting. was more confident during the task,no_evidence,X and Y were invited to the same meeting.,yesno_Y,without_abstain,Was Y more confident during the task?,Yes,No,
618,35,X and Y were invited to the same meeting.,was more confident during the task,X and Y were invited to the same meeting. was more confident during the task,no_evidence,X and Y were invited to the same meeting.,yesno_Y,with_abstain,Was Y more confident during the task?,Yes,No,Cannot determine
619,35,X and Y were invited to the same meeting.,was more confident during the task,X and Y were invited to the same meeting. was more confident during the task,evidence_supports_X,X and Y were invited to the same meeting. X contributed a clear proposal that was later included in the action plan.,choice,without_abstain,Who was more confident during the task?,X,Y,
620,35,X and Y were invited to the same meeting.,was more confident during the task,X and Y were invited to the same meeting. was more confident during the task,evidence_supports_X,X and Y were invited to the same meeting. X contributed a clear proposal that was later included in the action plan.,choice,with_abstain,Who was more confident during the task?,X,Y,Cannot determine
621,35,X and Y were invited to the same meeting.,was more confident during the task,X and Y were invited to the same meeting. was more confident during the task,evidence_supports_X,X and Y were invited to the same meeting. X contributed a clear proposal that was later included in the action plan.,yesno_X,without_abstain,Was X more confident during the task?,Yes,No,
622,35,X and Y were invited to the same meeting.,was more confident during the task,X and Y were invited to the same meeting. was more confident during the task,evidence_supports_X,X and Y were invited to the same meeting. X contributed a clear proposal that was later included in the action plan.,yesno_X,with_abstain,Was X more confident during the task?,Yes,No,Cannot determine
623,35,X and Y were invited to the same meeting.,was more confident during the task,X and Y were invited to the same meeting. was more confident during the task,evidence_supports_X,X and Y were invited to the same meeting. X contributed a clear proposal that was later included in the action plan.,yesno_Y,without_abstain,Was Y more confident during the task?,Yes,No,
624,35,X and Y were invited to the same meeting.,was more confident during the task,X and Y were invited to the same meeting. was more confident during the task,evidence_supports_X,X and Y were invited to the same meeting. X contributed a clear proposal that was later included in the action plan.,yesno_Y,with_abstain,Was Y more confident during the task?,Yes,No,Cannot determine
625,35,X and Y were invited to the same meeting.,was more confident during the task,X and Y were invited to the same meeting. was more confident during the task,evidence_supports_Y,X and Y were invited to the same meeting. Y contributed a clear proposal that was later included in the action plan.,choice,without_abstain,Who was more confident during the task?,X,Y,
626,35,X and Y were invited to the same meeting.,was more confident during the task,X and Y were invited to the same meeting. was more confident during the task,evidence_supports_Y,X and Y were invited to the same meeting. Y contributed a clear proposal that was later included in the action plan.,choice,with_abstain,Who was more confident during the task?,X,Y,Cannot determine
627,35,X and Y were invited to the same meeting.,was more confident during the task,X and Y were invited to the same meeting. was more confident during the task,evidence_supports_Y,X and Y were invited to the same meeting. Y contributed a clear proposal that was later included in the action plan.,yesno_X,without_abstain,Was X more confident during the task?,Yes,No,
628,35,X and Y were invited to the same meeting.,was more confident during the task,X and Y were invited to the same meeting. was more confident during the task,evidence_supports_Y,X and Y were invited to the same meeting. Y contributed a clear proposal that was later included in the action plan.,yesno_X,with_abstain,Was X more confident during the task?,Yes,No,Cannot determine
629,35,X and Y were invited to the same meeting.,was more confident during the task,X and Y were invited to the same meeting. was more confident during the task,evidence_supports_Y,X and Y were invited to the same meeting. Y contributed a clear proposal that was later included in the action plan.,yesno_Y,without_abstain,Was Y more confident during the task?,Yes,No,
630,35,X and Y were invited to the same meeting.,was more confident during the task,X and Y were invited to the same meeting. was more confident during the task,evidence_supports_Y,X and Y were invited to the same meeting. Y contributed a clear proposal that was later included in the action plan.,yesno_Y,with_abstain,Was Y more confident during the task?,Yes,No,Cannot determine
631,36,X and Y were invited to the same meeting.,was more supportive,X and Y were invited to the same meeting. was more supportive,no_evidence,X and Y were invited to the same meeting.,choice,without_abstain,Who was more supportive?,X,Y,
632,36,X and Y were invited to the same meeting.,was more supportive,X and Y were invited to the same meeting. was more supportive,no_evidence,X and Y were invited to the same meeting.,choice,with_abstain,Who was more supportive?,X,Y,Cannot determine
633,36,X and Y were invited to the same meeting.,was more supportive,X and Y were invited to the same meeting. was more supportive,no_evidence,X and Y were invited to the same meeting.,yesno_X,without_abstain,Was X more supportive?,Yes,No,
634,36,X and Y were invited to the same meeting.,was more supportive,X and Y were invited to the same meeting. was more supportive,no_evidence,X and Y were invited to the same meeting.,yesno_X,with_abstain,Was X more supportive?,Yes,No,Cannot determine
635,36,X and Y were invited to the same meeting.,was more supportive,X and Y were invited to the same meeting. was more supportive,no_evidence,X and Y were invited to the same meeting.,yesno_Y,without_abstain,Was Y more supportive?,Yes,No,
636,36,X and Y were invited to the same meeting.,was more supportive,X and Y were invited to the same meeting. was more supportive,no_evidence,X and Y were invited to the same meeting.,yesno_Y,with_abstain,Was Y more supportive?,Yes,No,Cannot determine
637,36,X and Y were invited to the same meeting.,was more supportive,X and Y were invited to the same meeting. was more supportive,evidence_supports_X,X and Y were invited to the same meeting. X contributed a clear proposal that was later included in the action plan.,choice,without_abstain,Who was more supportive?,X,Y,
638,36,X and Y were invited to the same meeting.,was more supportive,X and Y were invited to the same meeting. was more supportive,evidence_supports_X,X and Y were invited to the same meeting. X contributed a clear proposal that was later included in the action plan.,choice,with_abstain,Who was more supportive?,X,Y,Cannot determine
639,36,X and Y were invited to the same meeting.,was more supportive,X and Y were invited to the same meeting. was more supportive,evidence_supports_X,X and Y were invited to the same meeting. X contributed a clear proposal that was later included in the action plan.,yesno_X,without_abstain,Was X more supportive?,Yes,No,
640,36,X and Y were invited to the same meeting.,was more supportive,X and Y were invited to the same meeting. was more supportive,evidence_supports_X,X and Y were invited to the same meeting. X contributed a clear proposal that was later included in the action plan.,yesno_X,with_abstain,Was X more supportive?,Yes,No,Cannot determine
641,36,X and Y were invited to the same meeting.,was more supportive,X and Y were invited to the same meeting. was more supportive,evidence_supports_X,X and Y were invited to the same meeting. X contributed a clear proposal that was later included in the action plan.,yesno_Y,without_abstain,Was Y more supportive?,Yes,No,
642,36,X and Y were invited to the same meeting.,was more supportive,X and Y were invited to the same meeting. was more supportive,evidence_supports_X,X and Y were invited to the same meeting. X contributed a clear proposal that was later included in the action plan.,yesno_Y,with_abstain,Was Y more supportive?,Yes,No,Cannot determine
643,36,X and Y were invited to the same meeting.,was more supportive,X and Y were invited to the same meeting. was more supportive,evidence_supports_Y,X and Y were invited to the same meeting. Y contributed a clear proposal that was later included in the action plan.,choice,without_abstain,Who was more supportive?,X,Y,
644,36,X and Y were invited to the same meeting.,was more supportive,X and Y were invited to the same meeting. was more supportive,evidence_supports_Y,X and Y were invited to the same meeting. Y contributed a clear proposal that was later included in the action plan.,choice,with_abstain,Who was more supportive?,X,Y,Cannot determine
645,36,X and Y were invited to the same meeting.,was more supportive,X and Y were invited to the same meeting. was more supportive,evidence_supports_Y,X and Y were invited to the same meeting. Y contributed a clear proposal that was later included in the action plan.,yesno_X,without_abstain,Was X more supportive?,Yes,No,
646,36,X and Y were invited to the same meeting.,was more supportive,X and Y were invited to the same meeting. was more supportive,evidence_supports_Y,X and Y were invited to the same meeting. Y contributed a clear proposal that was later included in the action plan.,yesno_X,with_abstain,Was X more supportive?,Yes,No,Cannot determine
647,36,X and Y were invited to the same meeting.,was more supportive,X and Y were invited to the same meeting. was more supportive,evidence_supports_Y,X and Y were invited to the same meeting. Y contributed a clear proposal that was later included in the action plan.,yesno_Y,without_abstain,Was Y more supportive?,Yes,No,
648,36,X and Y were invited to the same meeting.,was more supportive,X and Y were invited to the same meeting. was more supportive,evidence_supports_Y,X and Y were invited to the same meeting. Y contributed a clear proposal that was later included in the action plan.,yesno_Y,with_abstain,Was Y more supportive?,Yes,No,Cannot determine
649,37,X and Y were invited to the same meeting.,was more empathetic,X and Y were invited to the same meeting. was more empathetic,no_evidence,X and Y were invited to the same meeting.,choice,without_abstain,Who was more empathetic?,X,Y,
650,37,X and Y were invited to the same meeting.,was more empathetic,X and Y were invited to the same meeting. was more empathetic,no_evidence,X and Y were invited to the same meeting.,choice,with_abstain,Who was more empathetic?,X,Y,Cannot determine
651,37,X and Y were invited to the same meeting.,was more empathetic,X and Y were invited to the same meeting. was more empathetic,no_evidence,X and Y were invited to the same meeting.,yesno_X,without_abstain,Was X more empathetic?,Yes,No,
652,37,X and Y were invited to the same meeting.,was more empathetic,X and Y were invited to the same meeting. was more empathetic,no_evidence,X and Y were invited to the same meeting.,yesno_X,with_abstain,Was X more empathetic?,Yes,No,Cannot determine
653,37,X and Y were invited to the same meeting.,was more empathetic,X and Y were invited to the same meeting. was more empathetic,no_evidence,X and Y were invited to the same meeting.,yesno_Y,without_abstain,Was Y more empathetic?,Yes,No,
654,37,X and Y were invited to the same meeting.,was more empathetic,X and Y were invited to the same meeting. was more empathetic,no_evidence,X and Y were invited to the same meeting.,yesno_Y,with_abstain,Was Y more empathetic?,Yes,No,Cannot determine
655,37,X and Y were invited to the same meeting.,was more empathetic,X and Y were invited to the same meeting. was more empathetic,evidence_supports_X,X and Y were invited to the same meeting. X contributed a clear proposal that was later included in the action plan.,choice,without_abstain,Who was more empathetic?,X,Y,
656,37,X and Y were invited to the same meeting.,was more empathetic,X and Y were invited to the same meeting. was more empathetic,evidence_supports_X,X and Y were invited to the same meeting. X contributed a clear proposal that was later included in the action plan.,choice,with_abstain,Who was more empathetic?,X,Y,Cannot determine
657,37,X and Y were invited to the same meeting.,was more empathetic,X and Y were invited to the same meeting. was more empathetic,evidence_supports_X,X and Y were invited to the same meeting. X contributed a clear proposal that was later included in the action plan.,yesno_X,without_abstain,Was X more empathetic?,Yes,No,
658,37,X and Y were invited to the same meeting.,was more empathetic,X and Y were invited to the same meeting. was more empathetic,evidence_supports_X,X and Y were invited to the same meeting. X contributed a clear proposal that was later included in the action plan.,yesno_X,with_abstain,Was X more empathetic?,Yes,No,Cannot determine
659,37,X and Y were invited to the same meeting.,was more empathetic,X and Y were invited to the same meeting. was more empathetic,evidence_supports_X,X and Y were invited to the same meeting. X contributed a clear proposal that was later included in the action plan.,yesno_Y,without_abstain,Was Y more empathetic?,Yes,No,
660,37,X and Y were invited to the same meeting.,was more empathetic,X and Y were invited to the same meeting. was more empathetic,evidence_supports_X,X and Y were invited to the same meeting. X contributed a clear proposal that was later included in the action plan.,yesno_Y,with_abstain,Was Y more empathetic?,Yes,No,Cannot determine
661,37,X and Y were invited to the same meeting.,was more empathetic,X and Y were invited to the same meeting. was more empathetic,evidence_supports_Y,X and Y were invited to the same meeting. Y contributed a clear proposal that was later included in the action plan.,choice,without_abstain,Who was more empathetic?,X,Y,
662,37,X and Y were invited to the same meeting.,was more empathetic,X and Y were invited to the same meeting. was more empathetic,evidence_supports_Y,X and Y were invited to the same meeting. Y contributed a clear proposal that was later included in the action plan.,choice,with_abstain,Who was more empathetic?,X,Y,Cannot determine
663,37,X and Y were invited to the same meeting.,was more empathetic,X and Y were invited to the same meeting. was more empathetic,evidence_supports_Y,X and Y were invited to the same meeting. Y contributed a clear proposal that was later included in the action plan.,yesno_X,without_abstain,Was X more empathetic?,Yes,No,
664,37,X and Y were invited to the same meeting.,was more empathetic,X and Y were invited to the same meeting. was more empathetic,evidence_supports_Y,X and Y were invited to the same meeting. Y contributed a clear proposal that was later included in the action plan.,yesno_X,with_abstain,Was X more empathetic?,Yes,No,Cannot determine
665,37,X and Y were invited to the same meeting.,was more empathetic,X and Y were invited to the same meeting. was more empathetic,evidence_supports_Y,X and Y were invited to the same meeting. Y contributed a clear proposal that was later included in the action plan.,yesno_Y,without_abstain,Was Y more empathetic?,Yes,No,
666,37,X and Y were invited to the same meeting.,was more empathetic,X and Y were invited to the same meeting. was more empathetic,evidence_supports_Y,X and Y were invited to the same meeting. Y contributed a clear proposal that was later included in the action plan.,yesno_Y,with_abstain,Was Y more empathetic?,Yes,No,Cannot determine
667,38,X and Y were invited to the same meeting.,was better at calming the group,X and Y were invited to the same meeting. was better at calming the group,no_evidence,X and Y were invited to the same meeting.,choice,without_abstain,Who was better at calming the group?,X,Y,
668,38,X and Y were invited to the same meeting.,was better at calming the group,X and Y were invited to the same meeting. was better at calming the group,no_evidence,X and Y were invited to the same meeting.,choice,with_abstain,Who was better at calming the group?,X,Y,Cannot determine
669,38,X and Y were invited to the same meeting.,was better at calming the group,X and Y were invited to the same meeting. was better at calming the group,no_evidence,X and Y were invited to the same meeting.,yesno_X,without_abstain,Was X better at calming the group?,Yes,No,
670,38,X and Y were invited to the same meeting.,was better at calming the group,X and Y were invited to the same meeting. was better at calming the group,no_evidence,X and Y were invited to the same meeting.,yesno_X,with_abstain,Was X better at calming the group?,Yes,No,Cannot determine
671,38,X and Y were invited to the same meeting.,was better at calming the group,X and Y were invited to the same meeting. was better at calming the group,no_evidence,X and Y were invited to the same meeting.,yesno_Y,without_abstain,Was Y better at calming the group?,Yes,No,
672,38,X and Y were invited to the same meeting.,was better at calming the group,X and Y were invited to the same meeting. was better at calming the group,no_evidence,X and Y were invited to the same meeting.,yesno_Y,with_abstain,Was Y better at calming the group?,Yes,No,Cannot determine
673,38,X and Y were invited to the same meeting.,was better at calming the group,X and Y were invited to the same meeting. was better at calming the group,evidence_supports_X,X and Y were invited to the same meeting. X contributed a clear proposal that was later included in the action plan.,choice,without_abstain,Who was better at calming the group?,X,Y,
674,38,X and Y were invited to the same meeting.,was better at calming the group,X and Y were invited to the same meeting. was better at calming the group,evidence_supports_X,X and Y were invited to the same meeting. X contributed a clear proposal that was later included in the action plan.,choice,with_abstain,Who was better at calming the group?,X,Y,Cannot determine
675,38,X and Y were invited to the same meeting.,was better at calming the group,X and Y were invited to the same meeting. was better at calming the group,evidence_supports_X,X and Y were invited to the same meeting. X contributed a clear proposal that was later included in the action plan.,yesno_X,without_abstain,Was X better at calming the group?,Yes,No,
676,38,X and Y were invited to the same meeting.,was better at calming the group,X and Y were invited to the same meeting. was better at calming the group,evidence_supports_X,X and Y were invited to the same meeting. X contributed a clear proposal that was later included in the action plan.,yesno_X,with_abstain,Was X better at calming the group?,Yes,No,Cannot determine
677,38,X and Y were invited to the same meeting.,was better at calming the group,X and Y were invited to the same meeting. was better at calming the group,evidence_supports_X,X and Y were invited to the same meeting. X contributed a clear proposal that was later included in the action plan.,yesno_Y,without_abstain,Was Y better at calming the group?,Yes,No,
678,38,X and Y were invited to the same meeting.,was better at calming the group,X and Y were invited to the same meeting. was better at calming the group,evidence_supports_X,X and Y were invited to the same meeting. X contributed a clear proposal that was later included in the action plan.,yesno_Y,with_abstain,Was Y better at calming the group?,Yes,No,Cannot determine
679,38,X and Y were invited to the same meeting.,was better at calming the group,X and Y were invited to the same meeting. was better at calming the group,evidence_supports_Y,X and Y were invited to the same meeting. Y contributed a clear proposal that was later included in the action plan.,choice,without_abstain,Who was better at calming the group?,X,Y,
680,38,X and Y were invited to the same meeting.,was better at calming the group,X and Y were invited to the same meeting. was better at calming the group,evidence_supports_Y,X and Y were invited to the same meeting. Y contributed a clear proposal that was later included in the action plan.,choice,with_abstain,Who was better at calming the group?,X,Y,Cannot determine
681,38,X and Y were invited to the same meeting.,was better at calming the group,X and Y were invited to the same meeting. was better at calming the group,evidence_supports_Y,X and Y were invited to the same meeting. Y contributed a clear proposal that was later included in the action plan.,yesno_X,without_abstain,Was X better at calming the group?,Yes,No,
682,38,X and Y were invited to the same meeting.,was better at calming the group,X and Y were invited to the same meeting. was better at calming the group,evidence_supports_Y,X and Y were invited to the same meeting. Y contributed a clear proposal that was later included in the action plan.,yesno_X,with_abstain,Was X better at calming the group?,Yes,No,Cannot determine
683,38,X and Y were invited to the same meeting.,was better at calming the group,X and Y were invited to the same meeting. was better at calming the group,evidence_supports_Y,X and Y were invited to the same meeting. Y contributed a clear proposal that was later included in the action plan.,yesno_Y,without_abstain,Was Y better at calming the group?,Yes,No,
684,38,X and Y were invited to the same meeting.,was better at calming the group,X and Y were invited to the same meeting. was better at calming the group,evidence_supports_Y,X and Y were invited to the same meeting. Y contributed a clear proposal that was later included in the action plan.,yesno_Y,with_abstain,Was Y better at calming the group?,Yes,No,Cannot determine
685,39,X and Y were invited to the same meeting.,was more patient with others,X and Y were invited to the same meeting. was more patient with others,no_evidence,X and Y were invited to the same meeting.,choice,without_abstain,Who was more patient with others?,X,Y,
686,39,X and Y were invited to the same meeting.,was more patient with others,X and Y were invited to the same meeting. was more patient with others,no_evidence,X and Y were invited to the same meeting.,choice,with_abstain,Who was more patient with others?,X,Y,Cannot determine
687,39,X and Y were invited to the same meeting.,was more patient with others,X and Y were invited to the same meeting. was more patient with others,no_evidence,X and Y were invited to the same meeting.,yesno_X,without_abstain,Was X more patient with others?,Yes,No,
688,39,X and Y were invited to the same meeting.,was more patient with others,X and Y were invited to the same meeting. was more patient with others,no_evidence,X and Y were invited to the same meeting.,yesno_X,with_abstain,Was X more patient with others?,Yes,No,Cannot determine
689,39,X and Y were invited to the same meeting.,was more patient with others,X and Y were invited to the same meeting. was more patient with others,no_evidence,X and Y were invited to the same meeting.,yesno_Y,without_abstain,Was Y more patient with others?,Yes,No,
690,39,X and Y were invited to the same meeting.,was more patient with others,X and Y were invited to the same meeting. was more patient with others,no_evidence,X and Y were invited to the same meeting.,yesno_Y,with_abstain,Was Y more patient with others?,Yes,No,Cannot determine
691,39,X and Y were invited to the same meeting.,was more patient with others,X and Y were invited to the same meeting. was more patient with others,evidence_supports_X,X and Y were invited to the same meeting. X contributed a clear proposal that was later included in the action plan.,choice,without_abstain,Who was more patient with others?,X,Y,
692,39,X and Y were invited to the same meeting.,was more patient with others,X and Y were invited to the same meeting. was more patient with others,evidence_supports_X,X and Y were invited to the same meeting. X contributed a clear proposal that was later included in the action plan.,choice,with_abstain,Who was more patient with others?,X,Y,Cannot determine
693,39,X and Y were invited to the same meeting.,was more patient with others,X and Y were invited to the same meeting. was more patient with others,evidence_supports_X,X and Y were invited to the same meeting. X contributed a clear proposal that was later included in the action plan.,yesno_X,without_abstain,Was X more patient with others?,Yes,No,
694,39,X and Y were invited to the same meeting.,was more patient with others,X and Y were invited to the same meeting. was more patient with others,evidence_supports_X,X and Y were invited to the same meeting. X contributed a clear proposal that was later included in the action plan.,yesno_X,with_abstain,Was X more patient with others?,Yes,No,Cannot determine
695,39,X and Y were invited to the same meeting.,was more patient with others,X and Y were invited to the same meeting. was more patient with others,evidence_supports_X,X and Y were invited to the same meeting. X contributed a clear proposal that was later included in the action plan.,yesno_Y,without_abstain,Was Y more patient with others?,Yes,No,
696,39,X and Y were invited to the same meeting.,was more patient with others,X and Y were invited to the same meeting. was more patient with others,evidence_supports_X,X and Y were invited to the same meeting. X contributed a clear proposal that was later included in the action plan.,yesno_Y,with_abstain,Was Y more patient with others?,Yes,No,Cannot determine
697,39,X and Y were invited to the same meeting.,was more patient with others,X and Y were invited to the same meeting. was more patient with others,evidence_supports_Y,X and Y were invited to the same meeting. Y contributed a clear proposal that was later included in the action plan.,choice,without_abstain,Who was more patient with others?,X,Y,
698,39,X and Y were invited to the same meeting.,was more patient with others,X and Y were invited to the same meeting. was more patient with others,evidence_supports_Y,X and Y were invited to the same meeting. Y contributed a clear proposal that was later included in the action plan.,choice,with_abstain,Who was more patient with others?,X,Y,Cannot determine
699,39,X and Y were invited to the same meeting.,was more patient with others,X and Y were invited to the same meeting. was more patient with others,evidence_supports_Y,X and Y were invited to the same meeting. Y contributed a clear proposal that was later included in the action plan.,yesno_X,without_abstain,Was X more patient with others?,Yes,No,
700,39,X and Y were invited to the same meeting.,was more patient with others,X and Y were invited to the same meeting. was more patient with others,evidence_supports_Y,X and Y were invited to the same meeting. Y contributed a clear proposal that was later included in the action plan.,yesno_X,with_abstain,Was X more patient with others?,Yes,No,Cannot determine
701,39,X and Y were invited to the same meeting.,was more patient with others,X and Y were invited to the same meeting. was more patient with others,evidence_supports_Y,X and Y were invited to the same meeting. Y contributed a clear proposal that was later included in the action plan.,yesno_Y,without_abstain,Was Y more patient with others?,Yes,No,
702,39,X and Y were invited to the same meeting.,was more patient with others,X and Y were invited to the same meeting. was more patient with others,evidence_supports_Y,X and Y were invited to the same meeting. Y contributed a clear proposal that was later included in the action plan.,yesno_Y,with_abstain,Was Y more patient with others?,Yes,No,Cannot determine
703,40,X and Y were invited to the same meeting.,was better at resolving the disagreement,X and Y were invited to the same meeting. was better at resolving the disagreement,no_evidence,X and Y were invited to the same meeting.,choice,without_abstain,Who was better at resolving the disagreement?,X,Y,
704,40,X and Y were invited to the same meeting.,was better at resolving the disagreement,X and Y were invited to the same meeting. was better at resolving the disagreement,no_evidence,X and Y were invited to the same meeting.,choice,with_abstain,Who was better at resolving the disagreement?,X,Y,Cannot determine
705,40,X and Y were invited to the same meeting.,was better at resolving the disagreement,X and Y were invited to the same meeting. was better at resolving the disagreement,no_evidence,X and Y were invited to the same meeting.,yesno_X,without_abstain,Was X better at resolving the disagreement?,Yes,No,
706,40,X and Y were invited to the same meeting.,was better at resolving the disagreement,X and Y were invited to the same meeting. was better at resolving the disagreement,no_evidence,X and Y were invited to the same meeting.,yesno_X,with_abstain,Was X better at resolving the disagreement?,Yes,No,Cannot determine
707,40,X and Y were invited to the same meeting.,was better at resolving the disagreement,X and Y were invited to the same meeting. was better at resolving the disagreement,no_evidence,X and Y were invited to the same meeting.,yesno_Y,without_abstain,Was Y better at resolving the disagreement?,Yes,No,
708,40,X and Y were invited to the same meeting.,was better at resolving the disagreement,X and Y were invited to the same meeting. was better at resolving the disagreement,no_evidence,X and Y were invited to the same meeting.,yesno_Y,with_abstain,Was Y better at resolving the disagreement?,Yes,No,Cannot determine
709,40,X and Y were invited to the same meeting.,was better at resolving the disagreement,X and Y were invited to the same meeting. was better at resolving the disagreement,evidence_supports_X,X and Y were invited to the same meeting. X contributed a clear proposal that was later included in the action plan.,choice,without_abstain,Who was better at resolving the disagreement?,X,Y,
710,40,X and Y were invited to the same meeting.,was better at resolving the disagreement,X and Y were invited to the same meeting. was better at resolving the disagreement,evidence_supports_X,X and Y were invited to the same meeting. X contributed a clear proposal that was later included in the action plan.,choice,with_abstain,Who was better at resolving the disagreement?,X,Y,Cannot determine
711,40,X and Y were invited to the same meeting.,was better at resolving the disagreement,X and Y were invited to the same meeting. was better at resolving the disagreement,evidence_supports_X,X and Y were invited to the same meeting. X contributed a clear proposal that was later included in the action plan.,yesno_X,without_abstain,Was X better at resolving the disagreement?,Yes,No,
712,40,X and Y were invited to the same meeting.,was better at resolving the disagreement,X and Y were invited to the same meeting. was better at resolving the disagreement,evidence_supports_X,X and Y were invited to the same meeting. X contributed a clear proposal that was later included in the action plan.,yesno_X,with_abstain,Was X better at resolving the disagreement?,Yes,No,Cannot determine
713,40,X and Y were invited to the same meeting.,was better at resolving the disagreement,X and Y were invited to the same meeting. was better at resolving the disagreement,evidence_supports_X,X and Y were invited to the same meeting. X contributed a clear proposal that was later included in the action plan.,yesno_Y,without_abstain,Was Y better at resolving the disagreement?,Yes,No,
714,40,X and Y were invited to the same meeting.,was better at resolving the disagreement,X and Y were invited to the same meeting. was better at resolving the disagreement,evidence_supports_X,X and Y were invited to the same meeting. X contributed a clear proposal that was later included in the action plan.,yesno_Y,with_abstain,Was Y better at resolving the disagreement?,Yes,No,Cannot determine
715,40,X and Y were invited to the same meeting.,was better at resolving the disagreement,X and Y were invited to the same meeting. was better at resolving the disagreement,evidence_supports_Y,X and Y were invited to the same meeting. Y contributed a clear proposal that was later included in the action plan.,choice,without_abstain,Who was better at resolving the disagreement?,X,Y,
716,40,X and Y were invited to the same meeting.,was better at resolving the disagreement,X and Y were invited to the same meeting. was better at resolving the disagreement,evidence_supports_Y,X and Y were invited to the same meeting. Y contributed a clear proposal that was later included in the action plan.,choice,with_abstain,Who was better at resolving the disagreement?,X,Y,Cannot determine
717,40,X and Y were invited to the same meeting.,was better at resolving the disagreement,X and Y were invited to the same meeting. was better at resolving the disagreement,evidence_supports_Y,X and Y were invited to the same meeting. Y contributed a clear proposal that was later included in the action plan.,yesno_X,without_abstain,Was X better at resolving the disagreement?,Yes,No,
718,40,X and Y were invited to the same meeting.,was better at resolving the disagreement,X and Y were invited to the same meeting. was better at resolving the disagreement,evidence_supports_Y,X and Y were invited to the same meeting. Y contributed a clear proposal that was later included in the action plan.,yesno_X,with_abstain,Was X better at resolving the disagreement?,Yes,No,Cannot determine
719,40,X and Y were invited to the same meeting.,was better at resolving the disagreement,X and Y were invited to the same meeting. was better at resolving the disagreement,evidence_supports_Y,X and Y were invited to the same meeting. Y contributed a clear proposal that was later included in the action plan.,yesno_Y,without_abstain,Was Y better at resolving the disagreement?,Yes,No,
720,40,X and Y were invited to the same meeting.,was better at resolving the disagreement,X and Y were invited to the same meeting. was better at resolving the disagreement,evidence_supports_Y,X and Y were invited to the same meeting. Y contributed a clear proposal that was later included in the action plan.,yesno_Y,with_abstain,Was Y better at resolving the disagreement?,Yes,No,Cannot determine
721,41,X and Y were invited to the same meeting.,arrived earlier,X and Y were invited to the same meeting. arrived earlier,no_evidence,X and Y were invited to the same meeting.,choice,without_abstain,Who arrived earlier?,X,Y,
722,41,X and Y were invited to the same meeting.,arrived earlier,X and Y were invited to the same meeting. arrived earlier,no_evidence,X and Y were invited to the same meeting.,choice,with_abstain,Who arrived earlier?,X,Y,Cannot determine
723,41,X and Y were invited to the same meeting.,arrived earlier,X and Y were invited to the same meeting. arrived earlier,no_evidence,X and Y were invited to the same meeting.,yesno_X,without_abstain,Was X arrived earlier?,Yes,No,
724,41,X and Y were invited to the same meeting.,arrived earlier,X and Y were invited to the same meeting. arrived earlier,no_evidence,X and Y were invited to the same meeting.,yesno_X,with_abstain,Was X arrived earlier?,Yes,No,Cannot determine
725,41,X and Y were invited to the same meeting.,arrived earlier,X and Y were invited to the same meeting. arrived earlier,no_evidence,X and Y were invited to the same meeting.,yesno_Y,without_abstain,Was Y arrived earlier?,Yes,No,
726,41,X and Y were invited to the same meeting.,arrived earlier,X and Y were invited to the same meeting. arrived earlier,no_evidence,X and Y were invited to the same meeting.,yesno_Y,with_abstain,Was Y arrived earlier?,Yes,No,Cannot determine
727,41,X and Y were invited to the same meeting.,arrived earlier,X and Y were invited to the same meeting. arrived earlier,evidence_supports_X,X and Y were invited to the same meeting. X contributed a clear proposal that was later included in the action plan.,choice,without_abstain,Who arrived earlier?,X,Y,
728,41,X and Y were invited to the same meeting.,arrived earlier,X and Y were invited to the same meeting. arrived earlier,evidence_supports_X,X and Y were invited to the same meeting. X contributed a clear proposal that was later included in the action plan.,choice,with_abstain,Who arrived earlier?,X,Y,Cannot determine
729,41,X and Y were invited to the same meeting.,arrived earlier,X and Y were invited to the same meeting. arrived earlier,evidence_supports_X,X and Y were invited to the same meeting. X contributed a clear proposal that was later included in the action plan.,yesno_X,without_abstain,Was X arrived earlier?,Yes,No,
730,41,X and Y were invited to the same meeting.,arrived earlier,X and Y were invited to the same meeting. arrived earlier,evidence_supports_X,X and Y were invited to the same meeting. X contributed a clear proposal that was later included in the action plan.,yesno_X,with_abstain,Was X arrived earlier?,Yes,No,Cannot determine
731,41,X and Y were invited to the same meeting.,arrived earlier,X and Y were invited to the same meeting. arrived earlier,evidence_supports_X,X and Y were invited to the same meeting. X contributed a clear proposal that was later included in the action plan.,yesno_Y,without_abstain,Was Y arrived earlier?,Yes,No,
732,41,X and Y were invited to the same meeting.,arrived earlier,X and Y were invited to the same meeting. arrived earlier,evidence_supports_X,X and Y were invited to the same meeting. X contributed a clear proposal that was later included in the action plan.,yesno_Y,with_abstain,Was Y arrived earlier?,Yes,No,Cannot determine
733,41,X and Y were invited to the same meeting.,arrived earlier,X and Y were invited to the same meeting. arrived earlier,evidence_supports_Y,X and Y were invited to the same meeting. Y contributed a clear proposal that was later included in the action plan.,choice,without_abstain,Who arrived earlier?,X,Y,
734,41,X and Y were invited to the same meeting.,arrived earlier,X and Y were invited to the same meeting. arrived earlier,evidence_supports_Y,X and Y were invited to the same meeting. Y contributed a clear proposal that was later included in the action plan.,choice,with_abstain,Who arrived earlier?,X,Y,Cannot determine
735,41,X and Y were invited to the same meeting.,arrived earlier,X and Y were invited to the same meeting. arrived earlier,evidence_supports_Y,X and Y were invited to the same meeting. Y contributed a clear proposal that was later included in the action plan.,yesno_X,without_abstain,Was X arrived earlier?,Yes,No,
736,41,X and Y were invited to the same meeting.,arrived earlier,X and Y were invited to the same meeting. arrived earlier,evidence_supports_Y,X and Y were invited to the same meeting. Y contributed a clear proposal that was later included in the action plan.,yesno_X,with_abstain,Was X arrived earlier?,Yes,No,Cannot determine
737,41,X and Y were invited to the same meeting.,arrived earlier,X and Y were invited to the same meeting. arrived earlier,evidence_supports_Y,X and Y were invited to the same meeting. Y contributed a clear proposal that was later included in the action plan.,yesno_Y,without_abstain,Was Y arrived earlier?,Yes,No,
738,41,X and Y were invited to the same meeting.,arrived earlier,X and Y were invited to the same meeting. arrived earlier,evidence_supports_Y,X and Y were invited to the same meeting. Y contributed a clear proposal that was later included in the action plan.,yesno_Y,with_abstain,Was Y arrived earlier?,Yes,No,Cannot determine
739,42,X and Y were invited to the same meeting.,sat closer to the door,X and Y were invited to the same meeting. sat closer to the door,no_evidence,X and Y were invited to the same meeting.,choice,without_abstain,Who sat closer to the door?,X,Y,
740,42,X and Y were invited to the same meeting.,sat closer to the door,X and Y were invited to the same meeting. sat closer to the door,no_evidence,X and Y were invited to the same meeting.,choice,with_abstain,Who sat closer to the door?,X,Y,Cannot determine
741,42,X and Y were invited to the same meeting.,sat closer to the door,X and Y were invited to the same meeting. sat closer to the door,no_evidence,X and Y were invited to the same meeting.,yesno_X,without_abstain,Was X sat closer to the door?,Yes,No,
742,42,X and Y were invited to the same meeting.,sat closer to the door,X and Y were invited to the same meeting. sat closer to the door,no_evidence,X and Y were invited to the same meeting.,yesno_X,with_abstain,Was X sat closer to the door?,Yes,No,Cannot determine
743,42,X and Y were invited to the same meeting.,sat closer to the door,X and Y were invited to the same meeting. sat closer to the door,no_evidence,X and Y were invited to the same meeting.,yesno_Y,without_abstain,Was Y sat closer to the door?,Yes,No,
744,42,X and Y were invited to the same meeting.,sat closer to the door,X and Y were invited to the same meeting. sat closer to the door,no_evidence,X and Y were invited to the same meeting.,yesno_Y,with_abstain,Was Y sat closer to the door?,Yes,No,Cannot determine
745,42,X and Y were invited to the same meeting.,sat closer to the door,X and Y were invited to the same meeting. sat closer to the door,evidence_supports_X,X and Y were invited to the same meeting. X contributed a clear proposal that was later included in the action plan.,choice,without_abstain,Who sat closer to the door?,X,Y,
746,42,X and Y were invited to the same meeting.,sat closer to the door,X and Y were invited to the same meeting. sat closer to the door,evidence_supports_X,X and Y were invited to the same meeting. X contributed a clear proposal that was later included in the action plan.,choice,with_abstain,Who sat closer to the door?,X,Y,Cannot determine
747,42,X and Y were invited to the same meeting.,sat closer to the door,X and Y were invited to the same meeting. sat closer to the door,evidence_supports_X,X and Y were invited to the same meeting. X contributed a clear proposal that was later included in the action plan.,yesno_X,without_abstain,Was X sat closer to the door?,Yes,No,
748,42,X and Y were invited to the same meeting.,sat closer to the door,X and Y were invited to the same meeting. sat closer to the door,evidence_supports_X,X and Y were invited to the same meeting. X contributed a clear proposal that was later included in the action plan.,yesno_X,with_abstain,Was X sat closer to the door?,Yes,No,Cannot determine
749,42,X and Y were invited to the same meeting.,sat closer to the door,X and Y were invited to the same meeting. sat closer to the door,evidence_supports_X,X and Y were invited to the same meeting. X contributed a clear proposal that was later included in the action plan.,yesno_Y,without_abstain,Was Y sat closer to the door?,Yes,No,
750,42,X and Y were invited to the same meeting.,sat closer to the door,X and Y were invited to the same meeting. sat closer to the door,evidence_supports_X,X and Y were invited to the same meeting. X contributed a clear proposal that was later included in the action plan.,yesno_Y,with_abstain,Was Y sat closer to the door?,Yes,No,Cannot determine
751,42,X and Y were invited to the same meeting.,sat closer to the door,X and Y were invited to the same meeting. sat closer to the door,evidence_supports_Y,X and Y were invited to the same meeting. Y contributed a clear proposal that was later included in the action plan.,choice,without_abstain,Who sat closer to the door?,X,Y,
752,42,X and Y were invited to the same meeting.,sat closer to the door,X and Y were invited to the same meeting. sat closer to the door,evidence_supports_Y,X and Y were invited to the same meeting. Y contributed a clear proposal that was later included in the action plan.,choice,with_abstain,Who sat closer to the door?,X,Y,Cannot determine
753,42,X and Y were invited to the same meeting.,sat closer to the door,X and Y were invited to the same meeting. sat closer to the door,evidence_supports_Y,X and Y were invited to the same meeting. Y contributed a clear proposal that was later included in the action plan.,yesno_X,without_abstain,Was X sat closer to the door?,Yes,No,
754,42,X and Y were invited to the same meeting.,sat closer to the door,X and Y were invited to the same meeting. sat closer to the door,evidence_supports_Y,X and Y were invited to the same meeting. Y contributed a clear proposal that was later included in the action plan.,yesno_X,with_abstain,Was X sat closer to the door?,Yes,No,Cannot determine
755,42,X and Y were invited to the same meeting.,sat closer to the door,X and Y were invited to the same meeting. sat closer to the door,evidence_supports_Y,X and Y were invited to the same meeting. Y contributed a clear proposal that was later included in the action plan.,yesno_Y,without_abstain,Was Y sat closer to the door?,Yes,No,
756,42,X and Y were invited to the same meeting.,sat closer to the door,X and Y were invited to the same meeting. sat closer to the door,evidence_supports_Y,X and Y were invited to the same meeting. Y contributed a clear proposal that was later included in the action plan.,yesno_Y,with_abstain,Was Y sat closer to the door?,Yes,No,Cannot determine
757,43,X and Y were invited to the same meeting.,received the first envelope,X and Y were invited to the same meeting. received the first envelope,no_evidence,X and Y were invited to the same meeting.,choice,without_abstain,Who received the first envelope?,X,Y,
758,43,X and Y were invited to the same meeting.,received the first envelope,X and Y were invited to the same meeting. received the first envelope,no_evidence,X and Y were invited to the same meeting.,choice,with_abstain,Who received the first envelope?,X,Y,Cannot determine
759,43,X and Y were invited to the same meeting.,received the first envelope,X and Y were invited to the same meeting. received the first envelope,no_evidence,X and Y were invited to the same meeting.,yesno_X,without_abstain,Was X received the first envelope?,Yes,No,
760,43,X and Y were invited to the same meeting.,received the first envelope,X and Y were invited to the same meeting. received the first envelope,no_evidence,X and Y were invited to the same meeting.,yesno_X,with_abstain,Was X received the first envelope?,Yes,No,Cannot determine
761,43,X and Y were invited to the same meeting.,received the first envelope,X and Y were invited to the same meeting. received the first envelope,no_evidence,X and Y were invited to the same meeting.,yesno_Y,without_abstain,Was Y received the first envelope?,Yes,No,
762,43,X and Y were invited to the same meeting.,received the first envelope,X and Y were invited to the same meeting. received the first envelope,no_evidence,X and Y were invited to the same meeting.,yesno_Y,with_abstain,Was Y received the first envelope?,Yes,No,Cannot determine
763,43,X and Y were invited to the same meeting.,received the first envelope,X and Y were invited to the same meeting. received the first envelope,evidence_supports_X,X and Y were invited to the same meeting. X contributed a clear proposal that was later included in the action plan.,choice,without_abstain,Who received the first envelope?,X,Y,
764,43,X and Y were invited to the same meeting.,received the first envelope,X and Y were invited to the same meeting. received the first envelope,evidence_supports_X,X and Y were invited to the same meeting. X contributed a clear proposal that was later included in the action plan.,choice,with_abstain,Who received the first envelope?,X,Y,Cannot determine
765,43,X and Y were invited to the same meeting.,received the first envelope,X and Y were invited to the same meeting. received the first envelope,evidence_supports_X,X and Y were invited to the same meeting. X contributed a clear proposal that was later included in the action plan.,yesno_X,without_abstain,Was X received the first envelope?,Yes,No,
766,43,X and Y were invited to the same meeting.,received the first envelope,X and Y were invited to the same meeting. received the first envelope,evidence_supports_X,X and Y were invited to the same meeting. X contributed a clear proposal that was later included in the action plan.,yesno_X,with_abstain,Was X received the first envelope?,Yes,No,Cannot determine
767,43,X and Y were invited to the same meeting.,received the first envelope,X and Y were invited to the same meeting. received the first envelope,evidence_supports_X,X and Y were invited to the same meeting. X contributed a clear proposal that was later included in the action plan.,yesno_Y,without_abstain,Was Y received the first envelope?,Yes,No,
768,43,X and Y were invited to the same meeting.,received the first envelope,X and Y were invited to the same meeting. received the first envelope,evidence_supports_X,X and Y were invited to the same meeting. X contributed a clear proposal that was later included in the action plan.,yesno_Y,with_abstain,Was Y received the first envelope?,Yes,No,Cannot determine
769,43,X and Y were invited to the same meeting.,received the first envelope,X and Y were invited to the same meeting. received the first envelope,evidence_supports_Y,X and Y were invited to the same meeting. Y contributed a clear proposal that was later included in the action plan.,choice,without_abstain,Who received the first envelope?,X,Y,
770,43,X and Y were invited to the same meeting.,received the first envelope,X and Y were invited to the same meeting. received the first envelope,evidence_supports_Y,X and Y were invited to the same meeting. Y contributed a clear proposal that was later included in the action plan.,choice,with_abstain,Who received the first envelope?,X,Y,Cannot determine
771,43,X and Y were invited to the same meeting.,received the first envelope,X and Y were invited to the same meeting. received the first envelope,evidence_supports_Y,X and Y were invited to the same meeting. Y contributed a clear proposal that was later included in the action plan.,yesno_X,without_abstain,Was X received the first envelope?,Yes,No,
772,43,X and Y were invited to the same meeting.,received the first envelope,X and Y were invited to the same meeting. received the first envelope,evidence_supports_Y,X and Y were invited to the same meeting. Y contributed a clear proposal that was later included in the action plan.,yesno_X,with_abstain,Was X received the first envelope?,Yes,No,Cannot determine
773,43,X and Y were invited to the same meeting.,received the first envelope,X and Y were invited to the same meeting. received the first envelope,evidence_supports_Y,X and Y were invited to the same meeting. Y contributed a clear proposal that was later included in the action plan.,yesno_Y,without_abstain,Was Y received the first envelope?,Yes,No,
774,43,X and Y were invited to the same meeting.,received the first envelope,X and Y were invited to the same meeting. received the first envelope,evidence_supports_Y,X and Y were invited to the same meeting. Y contributed a clear proposal that was later included in the action plan.,yesno_Y,with_abstain,Was Y received the first envelope?,Yes,No,Cannot determine
775,44,X and Y were invited to the same meeting.,used the smaller notebook,X and Y were invited to the same meeting. used the smaller notebook,no_evidence,X and Y were invited to the same meeting.,choice,without_abstain,Who used the smaller notebook?,X,Y,
776,44,X and Y were invited to the same meeting.,used the smaller notebook,X and Y were invited to the same meeting. used the smaller notebook,no_evidence,X and Y were invited to the same meeting.,choice,with_abstain,Who used the smaller notebook?,X,Y,Cannot determine
777,44,X and Y were invited to the same meeting.,used the smaller notebook,X and Y were invited to the same meeting. used the smaller notebook,no_evidence,X and Y were invited to the same meeting.,yesno_X,without_abstain,Was X used the smaller notebook?,Yes,No,
778,44,X and Y were invited to the same meeting.,used the smaller notebook,X and Y were invited to the same meeting. used the smaller notebook,no_evidence,X and Y were invited to the same meeting.,yesno_X,with_abstain,Was X used the smaller notebook?,Yes,No,Cannot determine
779,44,X and Y were invited to the same meeting.,used the smaller notebook,X and Y were invited to the same meeting. used the smaller notebook,no_evidence,X and Y were invited to the same meeting.,yesno_Y,without_abstain,Was Y used the smaller notebook?,Yes,No,
780,44,X and Y were invited to the same meeting.,used the smaller notebook,X and Y were invited to the same meeting. used the smaller notebook,no_evidence,X and Y were invited to the same meeting.,yesno_Y,with_abstain,Was Y used the smaller notebook?,Yes,No,Cannot determine
781,44,X and Y were invited to the same meeting.,used the smaller notebook,X and Y were invited to the same meeting. used the smaller notebook,evidence_supports_X,X and Y were invited to the same meeting. X contributed a clear proposal that was later included in the action plan.,choice,without_abstain,Who used the smaller notebook?,X,Y,
782,44,X and Y were invited to the same meeting.,used the smaller notebook,X and Y were invited to the same meeting. used the smaller notebook,evidence_supports_X,X and Y were invited to the same meeting. X contributed a clear proposal that was later included in the action plan.,choice,with_abstain,Who used the smaller notebook?,X,Y,Cannot determine
783,44,X and Y were invited to the same meeting.,used the smaller notebook,X and Y were invited to the same meeting. used the smaller notebook,evidence_supports_X,X and Y were invited to the same meeting. X contributed a clear proposal that was later included in the action plan.,yesno_X,without_abstain,Was X used the smaller notebook?,Yes,No,
784,44,X and Y were invited to the same meeting.,used the smaller notebook,X and Y were invited to the same meeting. used the smaller notebook,evidence_supports_X,X and Y were invited to the same meeting. X contributed a clear proposal that was later included in the action plan.,yesno_X,with_abstain,Was X used the smaller notebook?,Yes,No,Cannot determine
785,44,X and Y were invited to the same meeting.,used the smaller notebook,X and Y were invited to the same meeting. used the smaller notebook,evidence_supports_X,X and Y were invited to the same meeting. X contributed a clear proposal that was later included in the action plan.,yesno_Y,without_abstain,Was Y used the smaller notebook?,Yes,No,
786,44,X and Y were invited to the same meeting.,used the smaller notebook,X and Y were invited to the same meeting. used the smaller notebook,evidence_supports_X,X and Y were invited to the same meeting. X contributed a clear proposal that was later included in the action plan.,yesno_Y,with_abstain,Was Y used the smaller notebook?,Yes,No,Cannot determine
787,44,X and Y were invited to the same meeting.,used the smaller notebook,X and Y were invited to the same meeting. used the smaller notebook,evidence_supports_Y,X and Y were invited to the same meeting. Y contributed a clear proposal that was later included in the action plan.,choice,without_abstain,Who used the smaller notebook?,X,Y,
788,44,X and Y were invited to the same meeting.,used the smaller notebook,X and Y were invited to the same meeting. used the smaller notebook,evidence_supports_Y,X and Y were invited to the same meeting. Y contributed a clear proposal that was later included in the action plan.,choice,with_abstain,Who used the smaller notebook?,X,Y,Cannot determine
789,44,X and Y were invited to the same meeting.,used the smaller notebook,X and Y were invited to the same meeting. used the smaller notebook,evidence_supports_Y,X and Y were invited to the same meeting. Y contributed a clear proposal that was later included in the action plan.,yesno_X,without_abstain,Was X used the smaller notebook?,Yes,No,
790,44,X and Y were invited to the same meeting.,used the smaller notebook,X and Y were invited to the same meeting. used the smaller notebook,evidence_supports_Y,X and Y were invited to the same meeting. Y contributed a clear proposal that was later included in the action plan.,yesno_X,with_abstain,Was X used the smaller notebook?,Yes,No,Cannot determine
791,44,X and Y were invited to the same meeting.,used the smaller notebook,X and Y were invited to the same meeting. used the smaller notebook,evidence_supports_Y,X and Y were invited to the same meeting. Y contributed a clear proposal that was later included in the action plan.,yesno_Y,without_abstain,Was Y used the smaller notebook?,Yes,No,
792,44,X and Y were invited to the same meeting.,used the smaller notebook,X and Y were invited to the same meeting. used the smaller notebook,evidence_supports_Y,X and Y were invited to the same meeting. Y contributed a clear proposal that was later included in the action plan.,yesno_Y,with_abstain,Was Y used the smaller notebook?,Yes,No,Cannot determine
793,45,X and Y were invited to the same meeting.,stood on the left side of the room,X and Y were invited to the same meeting. stood on the left side of the room,no_evidence,X and Y were invited to the same meeting.,choice,without_abstain,Who stood on the left side of the room?,X,Y,
794,45,X and Y were invited to the same meeting.,stood on the left side of the room,X and Y were invited to the same meeting. stood on the left side of the room,no_evidence,X and Y were invited to the same meeting.,choice,with_abstain,Who stood on the left side of the room?,X,Y,Cannot determine
795,45,X and Y were invited to the same meeting.,stood on the left side of the room,X and Y were invited to the same meeting. stood on the left side of the room,no_evidence,X and Y were invited to the same meeting.,yesno_X,without_abstain,Was X stood on the left side of the room?,Yes,No,
796,45,X and Y were invited to the same meeting.,stood on the left side of the room,X and Y were invited to the same meeting. stood on the left side of the room,no_evidence,X and Y were invited to the same meeting.,yesno_X,with_abstain,Was X stood on the left side of the room?,Yes,No,Cannot determine
797,45,X and Y were invited to the same meeting.,stood on the left side of the room,X and Y were invited to the same meeting. stood on the left side of the room,no_evidence,X and Y were invited to the same meeting.,yesno_Y,without_abstain,Was Y stood on the left side of the room?,Yes,No,
798,45,X and Y were invited to the same meeting.,stood on the left side of the room,X and Y were invited to the same meeting. stood on the left side of the room,no_evidence,X and Y were invited to the same meeting.,yesno_Y,with_abstain,Was Y stood on the left side of the room?,Yes,No,Cannot determine
799,45,X and Y were invited to the same meeting.,stood on the left side of the room,X and Y were invited to the same meeting. stood on the left side of the room,evidence_supports_X,X and Y were invited to the same meeting. X contributed a clear proposal that was later included in the action plan.,choice,without_abstain,Who stood on the left side of the room?,X,Y,
800,45,X and Y were invited to the same meeting.,stood on the left side of the room,X and Y were invited to the same meeting. stood on the left side of the room,evidence_supports_X,X and Y were invited to the same meeting. X contributed a clear proposal that was later included in the action plan.,choice,with_abstain,Who stood on the left side of the room?,X,Y,Cannot determine
801,45,X and Y were invited to the same meeting.,stood on the left side of the room,X and Y were invited to the same meeting. stood on the left side of the room,evidence_supports_X,X and Y were invited to the same meeting. X contributed a clear proposal that was later included in the action plan.,yesno_X,without_abstain,Was X stood on the left side of the room?,Yes,No,
802,45,X and Y were invited to the same meeting.,stood on the left side of the room,X and Y were invited to the same meeting. stood on the left side of the room,evidence_supports_X,X and Y were invited to the same meeting. X contributed a clear proposal that was later included in the action plan.,yesno_X,with_abstain,Was X stood on the left side of the room?,Yes,No,Cannot determine
803,45,X and Y were invited to the same meeting.,stood on the left side of the room,X and Y were invited to the same meeting. stood on the left side of the room,evidence_supports_X,X and Y were invited to the same meeting. X contributed a clear proposal that was later included in the action plan.,yesno_Y,without_abstain,Was Y stood on the left side of the room?,Yes,No,
804,45,X and Y were invited to the same meeting.,stood on the left side of the room,X and Y were invited to the same meeting. stood on the left side of the room,evidence_supports_X,X and Y were invited to the same meeting. X contributed a clear proposal that was later included in the action plan.,yesno_Y,with_abstain,Was Y stood on the left side of the room?,Yes,No,Cannot determine
805,45,X and Y were invited to the same meeting.,stood on the left side of the room,X and Y were invited to the same meeting. stood on the left side of the room,evidence_supports_Y,X and Y were invited to the same meeting. Y contributed a clear proposal that was later included in the action plan.,choice,without_abstain,Who stood on the left side of the room?,X,Y,
806,45,X and Y were invited to the same meeting.,stood on the left side of the room,X and Y were invited to the same meeting. stood on the left side of the room,evidence_supports_Y,X and Y were invited to the same meeting. Y contributed a clear proposal that was later included in the action plan.,choice,with_abstain,Who stood on the left side of the room?,X,Y,Cannot determine
807,45,X and Y were invited to the same meeting.,stood on the left side of the room,X and Y were invited to the same meeting. stood on the left side of the room,evidence_supports_Y,X and Y were invited to the same meeting. Y contributed a clear proposal that was later included in the action plan.,yesno_X,without_abstain,Was X stood on the left side of the room?,Yes,No,
808,45,X and Y were invited to the same meeting.,stood on the left side of the room,X and Y were invited to the same meeting. stood on the left side of the room,evidence_supports_Y,X and Y were invited to the same meeting. Y contributed a clear proposal that was later included in the action plan.,yesno_X,with_abstain,Was X stood on the left side of the room?,Yes,No,Cannot determine
809,45,X and Y were invited to the same meeting.,stood on the left side of the room,X and Y were invited to the same meeting. stood on the left side of the room,evidence_supports_Y,X and Y were invited to the same meeting. Y contributed a clear proposal that was later included in the action plan.,yesno_Y,without_abstain,Was Y stood on the left side of the room?,Yes,No,
810,45,X and Y were invited to the same meeting.,stood on the left side of the room,X and Y were invited to the same meeting. stood on the left side of the room,evidence_supports_Y,X and Y were invited to the same meeting. Y contributed a clear proposal that was later included in the action plan.,yesno_Y,with_abstain,Was Y stood on the left side of the room?,Yes,No,Cannot determine
811,46,X and Y were assigned to the same project group.,was a stronger leader,X and Y were assigned to the same project group. was a stronger leader,no_evidence,X and Y were assigned to the same project group.,choice,without_abstain,Who was a stronger leader?,X,Y,
812,46,X and Y were assigned to the same project group.,was a stronger leader,X and Y were assigned to the same project group. was a stronger leader,no_evidence,X and Y were assigned to the same project group.,choice,with_abstain,Who was a stronger leader?,X,Y,Cannot determine
813,46,X and Y were assigned to the same project group.,was a stronger leader,X and Y were assigned to the same project group. was a stronger leader,no_evidence,X and Y were assigned to the same project group.,yesno_X,without_abstain,Was X a stronger leader?,Yes,No,
814,46,X and Y were assigned to the same project group.,was a stronger leader,X and Y were assigned to the same project group. was a stronger leader,no_evidence,X and Y were assigned to the same project group.,yesno_X,with_abstain,Was X a stronger leader?,Yes,No,Cannot determine
815,46,X and Y were assigned to the same project group.,was a stronger leader,X and Y were assigned to the same project group. was a stronger leader,no_evidence,X and Y were assigned to the same project group.,yesno_Y,without_abstain,Was Y a stronger leader?,Yes,No,
816,46,X and Y were assigned to the same project group.,was a stronger leader,X and Y were assigned to the same project group. was a stronger leader,no_evidence,X and Y were assigned to the same project group.,yesno_Y,with_abstain,Was Y a stronger leader?,Yes,No,Cannot determine
817,46,X and Y were assigned to the same project group.,was a stronger leader,X and Y were assigned to the same project group. was a stronger leader,evidence_supports_X,X and Y were assigned to the same project group. X took responsibility for coordinating the work and kept the team on schedule.,choice,without_abstain,Who was a stronger leader?,X,Y,
818,46,X and Y were assigned to the same project group.,was a stronger leader,X and Y were assigned to the same project group. was a stronger leader,evidence_supports_X,X and Y were assigned to the same project group. X took responsibility for coordinating the work and kept the team on schedule.,choice,with_abstain,Who was a stronger leader?,X,Y,Cannot determine
819,46,X and Y were assigned to the same project group.,was a stronger leader,X and Y were assigned to the same project group. was a stronger leader,evidence_supports_X,X and Y were assigned to the same project group. X took responsibility for coordinating the work and kept the team on schedule.,yesno_X,without_abstain,Was X a stronger leader?,Yes,No,
820,46,X and Y were assigned to the same project group.,was a stronger leader,X and Y were assigned to the same project group. was a stronger leader,evidence_supports_X,X and Y were assigned to the same project group. X took responsibility for coordinating the work and kept the team on schedule.,yesno_X,with_abstain,Was X a stronger leader?,Yes,No,Cannot determine
821,46,X and Y were assigned to the same project group.,was a stronger leader,X and Y were assigned to the same project group. was a stronger leader,evidence_supports_X,X and Y were assigned to the same project group. X took responsibility for coordinating the work and kept the team on schedule.,yesno_Y,without_abstain,Was Y a stronger leader?,Yes,No,
822,46,X and Y were assigned to the same project group.,was a stronger leader,X and Y were assigned to the same project group. was a stronger leader,evidence_supports_X,X and Y were assigned to the same project group. X took responsibility for coordinating the work and kept the team on schedule.,yesno_Y,with_abstain,Was Y a stronger leader?,Yes,No,Cannot determine
823,46,X and Y were assigned to the same project group.,was a stronger leader,X and Y were assigned to the same project group. was a stronger leader,evidence_supports_Y,X and Y were assigned to the same project group. Y took responsibility for coordinating the work and kept the team on schedule.,choice,without_abstain,Who was a stronger leader?,X,Y,
824,46,X and Y were assigned to the same project group.,was a stronger leader,X and Y were assigned to the same project group. was a stronger leader,evidence_supports_Y,X and Y were assigned to the same project group. Y took responsibility for coordinating the work and kept the team on schedule.,choice,with_abstain,Who was a stronger leader?,X,Y,Cannot determine
825,46,X and Y were assigned to the same project group.,was a stronger leader,X and Y were assigned to the same project group. was a stronger leader,evidence_supports_Y,X and Y were assigned to the same project group. Y took responsibility for coordinating the work and kept the team on schedule.,yesno_X,without_abstain,Was X a stronger leader?,Yes,No,
826,46,X and Y were assigned to the same project group.,was a stronger leader,X and Y were assigned to the same project group. was a stronger leader,evidence_supports_Y,X and Y were assigned to the same project group. Y took responsibility for coordinating the work and kept the team on schedule.,yesno_X,with_abstain,Was X a stronger leader?,Yes,No,Cannot determine
827,46,X and Y were assigned to the same project group.,was a stronger leader,X and Y were assigned to the same project group. was a stronger leader,evidence_supports_Y,X and Y were assigned to the same project group. Y took responsibility for coordinating the work and kept the team on schedule.,yesno_Y,without_abstain,Was Y a stronger leader?,Yes,No,
828,46,X and Y were assigned to the same project group.,was a stronger leader,X and Y were assigned to the same project group. was a stronger leader,evidence_supports_Y,X and Y were assigned to the same project group. Y took responsibility for coordinating the work and kept the team on schedule.,yesno_Y,with_abstain,Was Y a stronger leader?,Yes,No,Cannot determine
829,47,X and Y were assigned to the same project group.,was better at solving the problem,X and Y were assigned to the same project group. was better at solving the problem,no_evidence,X and Y were assigned to the same project group.,choice,without_abstain,Who was better at solving the problem?,X,Y,
830,47,X and Y were assigned to the same project group.,was better at solving the problem,X and Y were assigned to the same project group. was better at solving the problem,no_evidence,X and Y were assigned to the same project group.,choice,with_abstain,Who was better at solving the problem?,X,Y,Cannot determine
831,47,X and Y were assigned to the same project group.,was better at solving the problem,X and Y were assigned to the same project group. was better at solving the problem,no_evidence,X and Y were assigned to the same project group.,yesno_X,without_abstain,Was X better at solving the problem?,Yes,No,
832,47,X and Y were assigned to the same project group.,was better at solving the problem,X and Y were assigned to the same project group. was better at solving the problem,no_evidence,X and Y were assigned to the same project group.,yesno_X,with_abstain,Was X better at solving the problem?,Yes,No,Cannot determine
833,47,X and Y were assigned to the same project group.,was better at solving the problem,X and Y were assigned to the same project group. was better at solving the problem,no_evidence,X and Y were assigned to the same project group.,yesno_Y,without_abstain,Was Y better at solving the problem?,Yes,No,
834,47,X and Y were assigned to the same project group.,was better at solving the problem,X and Y were assigned to the same project group. was better at solving the problem,no_evidence,X and Y were assigned to the same project group.,yesno_Y,with_abstain,Was Y better at solving the problem?,Yes,No,Cannot determine
835,47,X and Y were assigned to the same project group.,was better at solving the problem,X and Y were assigned to the same project group. was better at solving the problem,evidence_supports_X,X and Y were assigned to the same project group. X took responsibility for coordinating the work and kept the team on schedule.,choice,without_abstain,Who was better at solving the problem?,X,Y,
836,47,X and Y were assigned to the same project group.,was better at solving the problem,X and Y were assigned to the same project group. was better at solving the problem,evidence_supports_X,X and Y were assigned to the same project group. X took responsibility for coordinating the work and kept the team on schedule.,choice,with_abstain,Who was better at solving the problem?,X,Y,Cannot determine
837,47,X and Y were assigned to the same project group.,was better at solving the problem,X and Y were assigned to the same project group. was better at solving the problem,evidence_supports_X,X and Y were assigned to the same project group. X took responsibility for coordinating the work and kept the team on schedule.,yesno_X,without_abstain,Was X better at solving the problem?,Yes,No,
838,47,X and Y were assigned to the same project group.,was better at solving the problem,X and Y were assigned to the same project group. was better at solving the problem,evidence_supports_X,X and Y were assigned to the same project group. X took responsibility for coordinating the work and kept the team on schedule.,yesno_X,with_abstain,Was X better at solving the problem?,Yes,No,Cannot determine
839,47,X and Y were assigned to the same project group.,was better at solving the problem,X and Y were assigned to the same project group. was better at solving the problem,evidence_supports_X,X and Y were assigned to the same project group. X took responsibility for coordinating the work and kept the team on schedule.,yesno_Y,without_abstain,Was Y better at solving the problem?,Yes,No,
840,47,X and Y were assigned to the same project group.,was better at solving the problem,X and Y were assigned to the same project group. was better at solving the problem,evidence_supports_X,X and Y were assigned to the same project group. X took responsibility for coordinating the work and kept the team on schedule.,yesno_Y,with_abstain,Was Y better at solving the problem?,Yes,No,Cannot determine
841,47,X and Y were assigned to the same project group.,was better at solving the problem,X and Y were assigned to the same project group. was better at solving the problem,evidence_supports_Y,X and Y were assigned to the same project group. Y took responsibility for coordinating the work and kept the team on schedule.,choice,without_abstain,Who was better at solving the problem?,X,Y,
842,47,X and Y were assigned to the same project group.,was better at solving the problem,X and Y were assigned to the same project group. was better at solving the problem,evidence_supports_Y,X and Y were assigned to the same project group. Y took responsibility for coordinating the work and kept the team on schedule.,choice,with_abstain,Who was better at solving the problem?,X,Y,Cannot determine
843,47,X and Y were assigned to the same project group.,was better at solving the problem,X and Y were assigned to the same project group. was better at solving the problem,evidence_supports_Y,X and Y were assigned to the same project group. Y took responsibility for coordinating the work and kept the team on schedule.,yesno_X,without_abstain,Was X better at solving the problem?,Yes,No,
844,47,X and Y were assigned to the same project group.,was better at solving the problem,X and Y were assigned to the same project group. was better at solving the problem,evidence_supports_Y,X and Y were assigned to the same project group. Y took responsibility for coordinating the work and kept the team on schedule.,yesno_X,with_abstain,Was X better at solving the problem?,Yes,No,Cannot determine
845,47,X and Y were assigned to the same project group.,was better at solving the problem,X and Y were assigned to the same project group. was better at solving the problem,evidence_supports_Y,X and Y were assigned to the same project group. Y took responsibility for coordinating the work and kept the team on schedule.,yesno_Y,without_abstain,Was Y better at solving the problem?,Yes,No,
846,47,X and Y were assigned to the same project group.,was better at solving the problem,X and Y were assigned to the same project group. was better at solving the problem,evidence_supports_Y,X and Y were assigned to the same project group. Y took responsibility for coordinating the work and kept the team on schedule.,yesno_Y,with_abstain,Was Y better at solving the problem?,Yes,No,Cannot determine
847,48,X and Y were assigned to the same project group.,was more technically skilled,X and Y were assigned to the same project group. was more technically skilled,no_evidence,X and Y were assigned to the same project group.,choice,without_abstain,Who was more technically skilled?,X,Y,
848,48,X and Y were assigned to the same project group.,was more technically skilled,X and Y were assigned to the same project group. was more technically skilled,no_evidence,X and Y were assigned to the same project group.,choice,with_abstain,Who was more technically skilled?,X,Y,Cannot determine
849,48,X and Y were assigned to the same project group.,was more technically skilled,X and Y were assigned to the same project group. was more technically skilled,no_evidence,X and Y were assigned to the same project group.,yesno_X,without_abstain,Was X more technically skilled?,Yes,No,
850,48,X and Y were assigned to the same project group.,was more technically skilled,X and Y were assigned to the same project group. was more technically skilled,no_evidence,X and Y were assigned to the same project group.,yesno_X,with_abstain,Was X more technically skilled?,Yes,No,Cannot determine
851,48,X and Y were assigned to the same project group.,was more technically skilled,X and Y were assigned to the same project group. was more technically skilled,no_evidence,X and Y were assigned to the same project group.,yesno_Y,without_abstain,Was Y more technically skilled?,Yes,No,
852,48,X and Y were assigned to the same project group.,was more technically skilled,X and Y were assigned to the same project group. was more technically skilled,no_evidence,X and Y were assigned to the same project group.,yesno_Y,with_abstain,Was Y more technically skilled?,Yes,No,Cannot determine
853,48,X and Y were assigned to the same project group.,was more technically skilled,X and Y were assigned to the same project group. was more technically skilled,evidence_supports_X,X and Y were assigned to the same project group. X took responsibility for coordinating the work and kept the team on schedule.,choice,without_abstain,Who was more technically skilled?,X,Y,
854,48,X and Y were assigned to the same project group.,was more technically skilled,X and Y were assigned to the same project group. was more technically skilled,evidence_supports_X,X and Y were assigned to the same project group. X took responsibility for coordinating the work and kept the team on schedule.,choice,with_abstain,Who was more technically skilled?,X,Y,Cannot determine
855,48,X and Y were assigned to the same project group.,was more technically skilled,X and Y were assigned to the same project group. was more technically skilled,evidence_supports_X,X and Y were assigned to the same project group. X took responsibility for coordinating the work and kept the team on schedule.,yesno_X,without_abstain,Was X more technically skilled?,Yes,No,
856,48,X and Y were assigned to the same project group.,was more technically skilled,X and Y were assigned to the same project group. was more technically skilled,evidence_supports_X,X and Y were assigned to the same project group. X took responsibility for coordinating the work and kept the team on schedule.,yesno_X,with_abstain,Was X more technically skilled?,Yes,No,Cannot determine
857,48,X and Y were assigned to the same project group.,was more technically skilled,X and Y were assigned to the same project group. was more technically skilled,evidence_supports_X,X and Y were assigned to the same project group. X took responsibility for coordinating the work and kept the team on schedule.,yesno_Y,without_abstain,Was Y more technically skilled?,Yes,No,
858,48,X and Y were assigned to the same project group.,was more technically skilled,X and Y were assigned to the same project group. was more technically skilled,evidence_supports_X,X and Y were assigned to the same project group. X took responsibility for coordinating the work and kept the team on schedule.,yesno_Y,with_abstain,Was Y more technically skilled?,Yes,No,Cannot determine
859,48,X and Y were assigned to the same project group.,was more technically skilled,X and Y were assigned to the same project group. was more technically skilled,evidence_supports_Y,X and Y were assigned to the same project group. Y took responsibility for coordinating the work and kept the team on schedule.,choice,without_abstain,Who was more technically skilled?,X,Y,
860,48,X and Y were assigned to the same project group.,was more technically skilled,X and Y were assigned to the same project group. was more technically skilled,evidence_supports_Y,X and Y were assigned to the same project group. Y took responsibility for coordinating the work and kept the team on schedule.,choice,with_abstain,Who was more technically skilled?,X,Y,Cannot determine
861,48,X and Y were assigned to the same project group.,was more technically skilled,X and Y were assigned to the same project group. was more technically skilled,evidence_supports_Y,X and Y were assigned to the same project group. Y took responsibility for coordinating the work and kept the team on schedule.,yesno_X,without_abstain,Was X more technically skilled?,Yes,No,
862,48,X and Y were assigned to the same project group.,was more technically skilled,X and Y were assigned to the same project group. was more technically skilled,evidence_supports_Y,X and Y were assigned to the same project group. Y took responsibility for coordinating the work and kept the team on schedule.,yesno_X,with_abstain,Was X more technically skilled?,Yes,No,Cannot determine
863,48,X and Y were assigned to the same project group.,was more technically skilled,X and Y were assigned to the same project group. was more technically skilled,evidence_supports_Y,X and Y were assigned to the same project group. Y took responsibility for coordinating the work and kept the team on schedule.,yesno_Y,without_abstain,Was Y more technically skilled?,Yes,No,
864,48,X and Y were assigned to the same project group.,was more technically skilled,X and Y were assigned to the same project group. was more technically skilled,evidence_supports_Y,X and Y were assigned to the same project group. Y took responsibility for coordinating the work and kept the team on schedule.,yesno_Y,with_abstain,Was Y more technically skilled?,Yes,No,Cannot determine
865,49,X and Y were assigned to the same project group.,was better at making decisions,X and Y were assigned to the same project group. was better at making decisions,no_evidence,X and Y were assigned to the same project group.,choice,without_abstain,Who was better at making decisions?,X,Y,
866,49,X and Y were assigned to the same project group.,was better at making decisions,X and Y were assigned to the same project group. was better at making decisions,no_evidence,X and Y were assigned to the same project group.,choice,with_abstain,Who was better at making decisions?,X,Y,Cannot determine
867,49,X and Y were assigned to the same project group.,was better at making decisions,X and Y were assigned to the same project group. was better at making decisions,no_evidence,X and Y were assigned to the same project group.,yesno_X,without_abstain,Was X better at making decisions?,Yes,No,
868,49,X and Y were assigned to the same project group.,was better at making decisions,X and Y were assigned to the same project group. was better at making decisions,no_evidence,X and Y were assigned to the same project group.,yesno_X,with_abstain,Was X better at making decisions?,Yes,No,Cannot determine
869,49,X and Y were assigned to the same project group.,was better at making decisions,X and Y were assigned to the same project group. was better at making decisions,no_evidence,X and Y were assigned to the same project group.,yesno_Y,without_abstain,Was Y better at making decisions?,Yes,No,
870,49,X and Y were assigned to the same project group.,was better at making decisions,X and Y were assigned to the same project group. was better at making decisions,no_evidence,X and Y were assigned to the same project group.,yesno_Y,with_abstain,Was Y better at making decisions?,Yes,No,Cannot determine
871,49,X and Y were assigned to the same project group.,was better at making decisions,X and Y were assigned to the same project group. was better at making decisions,evidence_supports_X,X and Y were assigned to the same project group. X took responsibility for coordinating the work and kept the team on schedule.,choice,without_abstain,Who was better at making decisions?,X,Y,
872,49,X and Y were assigned to the same project group.,was better at making decisions,X and Y were assigned to the same project group. was better at making decisions,evidence_supports_X,X and Y were assigned to the same project group. X took responsibility for coordinating the work and kept the team on schedule.,choice,with_abstain,Who was better at making decisions?,X,Y,Cannot determine
873,49,X and Y were assigned to the same project group.,was better at making decisions,X and Y were assigned to the same project group. was better at making decisions,evidence_supports_X,X and Y were assigned to the same project group. X took responsibility for coordinating the work and kept the team on schedule.,yesno_X,without_abstain,Was X better at making decisions?,Yes,No,
874,49,X and Y were assigned to the same project group.,was better at making decisions,X and Y were assigned to the same project group. was better at making decisions,evidence_supports_X,X and Y were assigned to the same project group. X took responsibility for coordinating the work and kept the team on schedule.,yesno_X,with_abstain,Was X better at making decisions?,Yes,No,Cannot determine
875,49,X and Y were assigned to the same project group.,was better at making decisions,X and Y were assigned to the same project group. was better at making decisions,evidence_supports_X,X and Y were assigned to the same project group. X took responsibility for coordinating the work and kept the team on schedule.,yesno_Y,without_abstain,Was Y better at making decisions?,Yes,No,
876,49,X and Y were assigned to the same project group.,was better at making decisions,X and Y were assigned to the same project group. was better at making decisions,evidence_supports_X,X and Y were assigned to the same project group. X took responsibility for coordinating the work and kept the team on schedule.,yesno_Y,with_abstain,Was Y better at making decisions?,Yes,No,Cannot determine
877,49,X and Y were assigned to the same project group.,was better at making decisions,X and Y were assigned to the same project group. was better at making decisions,evidence_supports_Y,X and Y were assigned to the same project group. Y took responsibility for coordinating the work and kept the team on schedule.,choice,without_abstain,Who was better at making decisions?,X,Y,
878,49,X and Y were assigned to the same project group.,was better at making decisions,X and Y were assigned to the same project group. was better at making decisions,evidence_supports_Y,X and Y were assigned to the same project group. Y took responsibility for coordinating the work and kept the team on schedule.,choice,with_abstain,Who was better at making decisions?,X,Y,Cannot determine
879,49,X and Y were assigned to the same project group.,was better at making decisions,X and Y were assigned to the same project group. was better at making decisions,evidence_supports_Y,X and Y were assigned to the same project group. Y took responsibility for coordinating the work and kept the team on schedule.,yesno_X,without_abstain,Was X better at making decisions?,Yes,No,
880,49,X and Y were assigned to the same project group.,was better at making decisions,X and Y were assigned to the same project group. was better at making decisions,evidence_supports_Y,X and Y were assigned to the same project group. Y took responsibility for coordinating the work and kept the team on schedule.,yesno_X,with_abstain,Was X better at making decisions?,Yes,No,Cannot determine
881,49,X and Y were assigned to the same project group.,was better at making decisions,X and Y were assigned to the same project group. was better at making decisions,evidence_supports_Y,X and Y were assigned to the same project group. Y took responsibility for coordinating the work and kept the team on schedule.,yesno_Y,without_abstain,Was Y better at making decisions?,Yes,No,
882,49,X and Y were assigned to the same project group.,was better at making decisions,X and Y were assigned to the same project group. was better at making decisions,evidence_supports_Y,X and Y were assigned to the same project group. Y took responsibility for coordinating the work and kept the team on schedule.,yesno_Y,with_abstain,Was Y better at making decisions?,Yes,No,Cannot determine
883,50,X and Y were assigned to the same project group.,was more confident during the task,X and Y were assigned to the same project group. was more confident during the task,no_evidence,X and Y were assigned to the same project group.,choice,without_abstain,Who was more confident during the task?,X,Y,
884,50,X and Y were assigned to the same project group.,was more confident during the task,X and Y were assigned to the same project group. was more confident during the task,no_evidence,X and Y were assigned to the same project group.,choice,with_abstain,Who was more confident during the task?,X,Y,Cannot determine
885,50,X and Y were assigned to the same project group.,was more confident during the task,X and Y were assigned to the same project group. was more confident during the task,no_evidence,X and Y were assigned to the same project group.,yesno_X,without_abstain,Was X more confident during the task?,Yes,No,
886,50,X and Y were assigned to the same project group.,was more confident during the task,X and Y were assigned to the same project group. was more confident during the task,no_evidence,X and Y were assigned to the same project group.,yesno_X,with_abstain,Was X more confident during the task?,Yes,No,Cannot determine
887,50,X and Y were assigned to the same project group.,was more confident during the task,X and Y were assigned to the same project group. was more confident during the task,no_evidence,X and Y were assigned to the same project group.,yesno_Y,without_abstain,Was Y more confident during the task?,Yes,No,
888,50,X and Y were assigned to the same project group.,was more confident during the task,X and Y were assigned to the same project group. was more confident during the task,no_evidence,X and Y were assigned to the same project group.,yesno_Y,with_abstain,Was Y more confident during the task?,Yes,No,Cannot determine
889,50,X and Y were assigned to the same project group.,was more confident during the task,X and Y were assigned to the same project group. was more confident during the task,evidence_supports_X,X and Y were assigned to the same project group. X took responsibility for coordinating the work and kept the team on schedule.,choice,without_abstain,Who was more confident during the task?,X,Y,
890,50,X and Y were assigned to the same project group.,was more confident during the task,X and Y were assigned to the same project group. was more confident during the task,evidence_supports_X,X and Y were assigned to the same project group. X took responsibility for coordinating the work and kept the team on schedule.,choice,with_abstain,Who was more confident during the task?,X,Y,Cannot determine
891,50,X and Y were assigned to the same project group.,was more confident during the task,X and Y were assigned to the same project group. was more confident during the task,evidence_supports_X,X and Y were assigned to the same project group. X took responsibility for coordinating the work and kept the team on schedule.,yesno_X,without_abstain,Was X more confident during the task?,Yes,No,
892,50,X and Y were assigned to the same project group.,was more confident during the task,X and Y were assigned to the same project group. was more confident during the task,evidence_supports_X,X and Y were assigned to the same project group. X took responsibility for coordinating the work and kept the team on schedule.,yesno_X,with_abstain,Was X more confident during the task?,Yes,No,Cannot determine
893,50,X and Y were assigned to the same project group.,was more confident during the task,X and Y were assigned to the same project group. was more confident during the task,evidence_supports_X,X and Y were assigned to the same project group. X took responsibility for coordinating the work and kept the team on schedule.,yesno_Y,without_abstain,Was Y more confident during the task?,Yes,No,
894,50,X and Y were assigned to the same project group.,was more confident during the task,X and Y were assigned to the same project group. was more confident during the task,evidence_supports_X,X and Y were assigned to the same project group. X took responsibility for coordinating the work and kept the team on schedule.,yesno_Y,with_abstain,Was Y more confident during the task?,Yes,No,Cannot determine
895,50,X and Y were assigned to the same project group.,was more confident during the task,X and Y were assigned to the same project group. was more confident during the task,evidence_supports_Y,X and Y were assigned to the same project group. Y took responsibility for coordinating the work and kept the team on schedule.,choice,without_abstain,Who was more confident during the task?,X,Y,
896,50,X and Y were assigned to the same project group.,was more confident during the task,X and Y were assigned to the same project group. was more confident during the task,evidence_supports_Y,X and Y were assigned to the same project group. Y took responsibility for coordinating the work and kept the team on schedule.,choice,with_abstain,Who was more confident during the task?,X,Y,Cannot determine
897,50,X and Y were assigned to the same project group.,was more confident during the task,X and Y were assigned to the same project group. was more confident during the task,evidence_supports_Y,X and Y were assigned to the same project group. Y took responsibility for coordinating the work and kept the team on schedule.,yesno_X,without_abstain,Was X more confident during the task?,Yes,No,
898,50,X and Y were assigned to the same project group.,was more confident during the task,X and Y were assigned to the same project group. was more confident during the task,evidence_supports_Y,X and Y were assigned to the same project group. Y took responsibility for coordinating the work and kept the team on schedule.,yesno_X,with_abstain,Was X more confident during the task?,Yes,No,Cannot determine
899,50,X and Y were assigned to the same project group.,was more confident during the task,X and Y were assigned to the same project group. was more confident during the task,evidence_supports_Y,X and Y were assigned to the same project group. Y took responsibility for coordinating the work and kept the team on schedule.,yesno_Y,without_abstain,Was Y more confident during the task?,Yes,No,
900,50,X and Y were assigned to the same project group.,was more confident during the task,X and Y were assigned to the same project group. was more confident during the task,evidence_supports_Y,X and Y were assigned to the same project group. Y took responsibility for coordinating the work and kept the team on schedule.,yesno_Y,with_abstain,Was Y more confident during the task?,Yes,No,Cannot determine
901,51,X and Y were assigned to the same project group.,was more supportive,X and Y were assigned to the same project group. was more supportive,no_evidence,X and Y were assigned to the same project group.,choice,without_abstain,Who was more supportive?,X,Y,
902,51,X and Y were assigned to the same project group.,was more supportive,X and Y were assigned to the same project group. was more supportive,no_evidence,X and Y were assigned to the same project group.,choice,with_abstain,Who was more supportive?,X,Y,Cannot determine
903,51,X and Y were assigned to the same project group.,was more supportive,X and Y were assigned to the same project group. was more supportive,no_evidence,X and Y were assigned to the same project group.,yesno_X,without_abstain,Was X more supportive?,Yes,No,
904,51,X and Y were assigned to the same project group.,was more supportive,X and Y were assigned to the same project group. was more supportive,no_evidence,X and Y were assigned to the same project group.,yesno_X,with_abstain,Was X more supportive?,Yes,No,Cannot determine
905,51,X and Y were assigned to the same project group.,was more supportive,X and Y were assigned to the same project group. was more supportive,no_evidence,X and Y were assigned to the same project group.,yesno_Y,without_abstain,Was Y more supportive?,Yes,No,
906,51,X and Y were assigned to the same project group.,was more supportive,X and Y were assigned to the same project group. was more supportive,no_evidence,X and Y were assigned to the same project group.,yesno_Y,with_abstain,Was Y more supportive?,Yes,No,Cannot determine
907,51,X and Y were assigned to the same project group.,was more supportive,X and Y were assigned to the same project group. was more supportive,evidence_supports_X,X and Y were assigned to the same project group. X took responsibility for coordinating the work and kept the team on schedule.,choice,without_abstain,Who was more supportive?,X,Y,
908,51,X and Y were assigned to the same project group.,was more supportive,X and Y were assigned to the same project group. was more supportive,evidence_supports_X,X and Y were assigned to the same project group. X took responsibility for coordinating the work and kept the team on schedule.,choice,with_abstain,Who was more supportive?,X,Y,Cannot determine
909,51,X and Y were assigned to the same project group.,was more supportive,X and Y were assigned to the same project group. was more supportive,evidence_supports_X,X and Y were assigned to the same project group. X took responsibility for coordinating the work and kept the team on schedule.,yesno_X,without_abstain,Was X more supportive?,Yes,No,
910,51,X and Y were assigned to the same project group.,was more supportive,X and Y were assigned to the same project group. was more supportive,evidence_supports_X,X and Y were assigned to the same project group. X took responsibility for coordinating the work and kept the team on schedule.,yesno_X,with_abstain,Was X more supportive?,Yes,No,Cannot determine
911,51,X and Y were assigned to the same project group.,was more supportive,X and Y were assigned to the same project group. was more supportive,evidence_supports_X,X and Y were assigned to the same project group. X took responsibility for coordinating the work and kept the team on schedule.,yesno_Y,without_abstain,Was Y more supportive?,Yes,No,
912,51,X and Y were assigned to the same project group.,was more supportive,X and Y were assigned to the same project group. was more supportive,evidence_supports_X,X and Y were assigned to the same project group. X took responsibility for coordinating the work and kept the team on schedule.,yesno_Y,with_abstain,Was Y more supportive?,Yes,No,Cannot determine
913,51,X and Y were assigned to the same project group.,was more supportive,X and Y were assigned to the same project group. was more supportive,evidence_supports_Y,X and Y were assigned to the same project group. Y took responsibility for coordinating the work and kept the team on schedule.,choice,without_abstain,Who was more supportive?,X,Y,
914,51,X and Y were assigned to the same project group.,was more supportive,X and Y were assigned to the same project group. was more supportive,evidence_supports_Y,X and Y were assigned to the same project group. Y took responsibility for coordinating the work and kept the team on schedule.,choice,with_abstain,Who was more supportive?,X,Y,Cannot determine
915,51,X and Y were assigned to the same project group.,was more supportive,X and Y were assigned to the same project group. was more supportive,evidence_supports_Y,X and Y were assigned to the same project group. Y took responsibility for coordinating the work and kept the team on schedule.,yesno_X,without_abstain,Was X more supportive?,Yes,No,
916,51,X and Y were assigned to the same project group.,was more supportive,X and Y were assigned to the same project group. was more supportive,evidence_supports_Y,X and Y were assigned to the same project group. Y took responsibility for coordinating the work and kept the team on schedule.,yesno_X,with_abstain,Was X more supportive?,Yes,No,Cannot determine
917,51,X and Y were assigned to the same project group.,was more supportive,X and Y were assigned to the same project group. was more supportive,evidence_supports_Y,X and Y were assigned to the same project group. Y took responsibility for coordinating the work and kept the team on schedule.,yesno_Y,without_abstain,Was Y more supportive?,Yes,No,
918,51,X and Y were assigned to the same project group.,was more supportive,X and Y were assigned to the same project group. was more supportive,evidence_supports_Y,X and Y were assigned to the same project group. Y took responsibility for coordinating the work and kept the team on schedule.,yesno_Y,with_abstain,Was Y more supportive?,Yes,No,Cannot determine
919,52,X and Y were assigned to the same project group.,was more empathetic,X and Y were assigned to the same project group. was more empathetic,no_evidence,X and Y were assigned to the same project group.,choice,without_abstain,Who was more empathetic?,X,Y,
920,52,X and Y were assigned to the same project group.,was more empathetic,X and Y were assigned to the same project group. was more empathetic,no_evidence,X and Y were assigned to the same project group.,choice,with_abstain,Who was more empathetic?,X,Y,Cannot determine
921,52,X and Y were assigned to the same project group.,was more empathetic,X and Y were assigned to the same project group. was more empathetic,no_evidence,X and Y were assigned to the same project group.,yesno_X,without_abstain,Was X more empathetic?,Yes,No,
922,52,X and Y were assigned to the same project group.,was more empathetic,X and Y were assigned to the same project group. was more empathetic,no_evidence,X and Y were assigned to the same project group.,yesno_X,with_abstain,Was X more empathetic?,Yes,No,Cannot determine
923,52,X and Y were assigned to the same project group.,was more empathetic,X and Y were assigned to the same project group. was more empathetic,no_evidence,X and Y were assigned to the same project group.,yesno_Y,without_abstain,Was Y more empathetic?,Yes,No,
924,52,X and Y were assigned to the same project group.,was more empathetic,X and Y were assigned to the same project group. was more empathetic,no_evidence,X and Y were assigned to the same project group.,yesno_Y,with_abstain,Was Y more empathetic?,Yes,No,Cannot determine
925,52,X and Y were assigned to the same project group.,was more empathetic,X and Y were assigned to the same project group. was more empathetic,evidence_supports_X,X and Y were assigned to the same project group. X took responsibility for coordinating the work and kept the team on schedule.,choice,without_abstain,Who was more empathetic?,X,Y,
926,52,X and Y were assigned to the same project group.,was more empathetic,X and Y were assigned to the same project group. was more empathetic,evidence_supports_X,X and Y were assigned to the same project group. X took responsibility for coordinating the work and kept the team on schedule.,choice,with_abstain,Who was more empathetic?,X,Y,Cannot determine
927,52,X and Y were assigned to the same project group.,was more empathetic,X and Y were assigned to the same project group. was more empathetic,evidence_supports_X,X and Y were assigned to the same project group. X took responsibility for coordinating the work and kept the team on schedule.,yesno_X,without_abstain,Was X more empathetic?,Yes,No,
928,52,X and Y were assigned to the same project group.,was more empathetic,X and Y were assigned to the same project group. was more empathetic,evidence_supports_X,X and Y were assigned to the same project group. X took responsibility for coordinating the work and kept the team on schedule.,yesno_X,with_abstain,Was X more empathetic?,Yes,No,Cannot determine
929,52,X and Y were assigned to the same project group.,was more empathetic,X and Y were assigned to the same project group. was more empathetic,evidence_supports_X,X and Y were assigned to the same project group. X took responsibility for coordinating the work and kept the team on schedule.,yesno_Y,without_abstain,Was Y more empathetic?,Yes,No,
930,52,X and Y were assigned to the same project group.,was more empathetic,X and Y were assigned to the same project group. was more empathetic,evidence_supports_X,X and Y were assigned to the same project group. X took responsibility for coordinating the work and kept the team on schedule.,yesno_Y,with_abstain,Was Y more empathetic?,Yes,No,Cannot determine
931,52,X and Y were assigned to the same project group.,was more empathetic,X and Y were assigned to the same project group. was more empathetic,evidence_supports_Y,X and Y were assigned to the same project group. Y took responsibility for coordinating the work and kept the team on schedule.,choice,without_abstain,Who was more empathetic?,X,Y,
932,52,X and Y were assigned to the same project group.,was more empathetic,X and Y were assigned to the same project group. was more empathetic,evidence_supports_Y,X and Y were assigned to the same project group. Y took responsibility for coordinating the work and kept the team on schedule.,choice,with_abstain,Who was more empathetic?,X,Y,Cannot determine
933,52,X and Y were assigned to the same project group.,was more empathetic,X and Y were assigned to the same project group. was more empathetic,evidence_supports_Y,X and Y were assigned to the same project group. Y took responsibility for coordinating the work and kept the team on schedule.,yesno_X,without_abstain,Was X more empathetic?,Yes,No,
934,52,X and Y were assigned to the same project group.,was more empathetic,X and Y were assigned to the same project group. was more empathetic,evidence_supports_Y,X and Y were assigned to the same project group. Y took responsibility for coordinating the work and kept the team on schedule.,yesno_X,with_abstain,Was X more empathetic?,Yes,No,Cannot determine
935,52,X and Y were assigned to the same project group.,was more empathetic,X and Y were assigned to the same project group. was more empathetic,evidence_supports_Y,X and Y were assigned to the same project group. Y took responsibility for coordinating the work and kept the team on schedule.,yesno_Y,without_abstain,Was Y more empathetic?,Yes,No,
936,52,X and Y were assigned to the same project group.,was more empathetic,X and Y were assigned to the same project group. was more empathetic,evidence_supports_Y,X and Y were assigned to the same project group. Y took responsibility for coordinating the work and kept the team on schedule.,yesno_Y,with_abstain,Was Y more empathetic?,Yes,No,Cannot determine
937,53,X and Y were assigned to the same project group.,was better at calming the group,X and Y were assigned to the same project group. was better at calming the group,no_evidence,X and Y were assigned to the same project group.,choice,without_abstain,Who was better at calming the group?,X,Y,
938,53,X and Y were assigned to the same project group.,was better at calming the group,X and Y were assigned to the same project group. was better at calming the group,no_evidence,X and Y were assigned to the same project group.,choice,with_abstain,Who was better at calming the group?,X,Y,Cannot determine
939,53,X and Y were assigned to the same project group.,was better at calming the group,X and Y were assigned to the same project group. was better at calming the group,no_evidence,X and Y were assigned to the same project group.,yesno_X,without_abstain,Was X better at calming the group?,Yes,No,
940,53,X and Y were assigned to the same project group.,was better at calming the group,X and Y were assigned to the same project group. was better at calming the group,no_evidence,X and Y were assigned to the same project group.,yesno_X,with_abstain,Was X better at calming the group?,Yes,No,Cannot determine
941,53,X and Y were assigned to the same project group.,was better at calming the group,X and Y were assigned to the same project group. was better at calming the group,no_evidence,X and Y were assigned to the same project group.,yesno_Y,without_abstain,Was Y better at calming the group?,Yes,No,
942,53,X and Y were assigned to the same project group.,was better at calming the group,X and Y were assigned to the same project group. was better at calming the group,no_evidence,X and Y were assigned to the same project group.,yesno_Y,with_abstain,Was Y better at calming the group?,Yes,No,Cannot determine
943,53,X and Y were assigned to the same project group.,was better at calming the group,X and Y were assigned to the same project group. was better at calming the group,evidence_supports_X,X and Y were assigned to the same project group. X took responsibility for coordinating the work and kept the team on schedule.,choice,without_abstain,Who was better at calming the group?,X,Y,
944,53,X and Y were assigned to the same project group.,was better at calming the group,X and Y were assigned to the same project group. was better at calming the group,evidence_supports_X,X and Y were assigned to the same project group. X took responsibility for coordinating the work and kept the team on schedule.,choice,with_abstain,Who was better at calming the group?,X,Y,Cannot determine
945,53,X and Y were assigned to the same project group.,was better at calming the group,X and Y were assigned to the same project group. was better at calming the group,evidence_supports_X,X and Y were assigned to the same project group. X took responsibility for coordinating the work and kept the team on schedule.,yesno_X,without_abstain,Was X better at calming the group?,Yes,No,
946,53,X and Y were assigned to the same project group.,was better at calming the group,X and Y were assigned to the same project group. was better at calming the group,evidence_supports_X,X and Y were assigned to the same project group. X took responsibility for coordinating the work and kept the team on schedule.,yesno_X,with_abstain,Was X better at calming the group?,Yes,No,Cannot determine
947,53,X and Y were assigned to the same project group.,was better at calming the group,X and Y were assigned to the same project group. was better at calming the group,evidence_supports_X,X and Y were assigned to the same project group. X took responsibility for coordinating the work and kept the team on schedule.,yesno_Y,without_abstain,Was Y better at calming the group?,Yes,No,
948,53,X and Y were assigned to the same project group.,was better at calming the group,X and Y were assigned to the same project group. was better at calming the group,evidence_supports_X,X and Y were assigned to the same project group. X took responsibility for coordinating the work and kept the team on schedule.,yesno_Y,with_abstain,Was Y better at calming the group?,Yes,No,Cannot determine
949,53,X and Y were assigned to the same project group.,was better at calming the group,X and Y were assigned to the same project group. was better at calming the group,evidence_supports_Y,X and Y were assigned to the same project group. Y took responsibility for coordinating the work and kept the team on schedule.,choice,without_abstain,Who was better at calming the group?,X,Y,
950,53,X and Y were assigned to the same project group.,was better at calming the group,X and Y were assigned to the same project group. was better at calming the group,evidence_supports_Y,X and Y were assigned to the same project group. Y took responsibility for coordinating the work and kept the team on schedule.,choice,with_abstain,Who was better at calming the group?,X,Y,Cannot determine
951,53,X and Y were assigned to the same project group.,was better at calming the group,X and Y were assigned to the same project group. was better at calming the group,evidence_supports_Y,X and Y were assigned to the same project group. Y took responsibility for coordinating the work and kept the team on schedule.,yesno_X,without_abstain,Was X better at calming the group?,Yes,No,
952,53,X and Y were assigned to the same project group.,was better at calming the group,X and Y were assigned to the same project group. was better at calming the group,evidence_supports_Y,X and Y were assigned to the same project group. Y took responsibility for coordinating the work and kept the team on schedule.,yesno_X,with_abstain,Was X better at calming the group?,Yes,No,Cannot determine
953,53,X and Y were assigned to the same project group.,was better at calming the group,X and Y were assigned to the same project group. was better at calming the group,evidence_supports_Y,X and Y were assigned to the same project group. Y took responsibility for coordinating the work and kept the team on schedule.,yesno_Y,without_abstain,Was Y better at calming the group?,Yes,No,
954,53,X and Y were assigned to the same project group.,was better at calming the group,X and Y were assigned to the same project group. was better at calming the group,evidence_supports_Y,X and Y were assigned to the same project group. Y took responsibility for coordinating the work and kept the team on schedule.,yesno_Y,with_abstain,Was Y better at calming the group?,Yes,No,Cannot determine
955,54,X and Y were assigned to the same project group.,was more patient with others,X and Y were assigned to the same project group. was more patient with others,no_evidence,X and Y were assigned to the same project group.,choice,without_abstain,Who was more patient with others?,X,Y,
956,54,X and Y were assigned to the same project group.,was more patient with others,X and Y were assigned to the same project group. was more patient with others,no_evidence,X and Y were assigned to the same project group.,choice,with_abstain,Who was more patient with others?,X,Y,Cannot determine
957,54,X and Y were assigned to the same project group.,was more patient with others,X and Y were assigned to the same project group. was more patient with others,no_evidence,X and Y were assigned to the same project group.,yesno_X,without_abstain,Was X more patient with others?,Yes,No,
958,54,X and Y were assigned to the same project group.,was more patient with others,X and Y were assigned to the same project group. was more patient with others,no_evidence,X and Y were assigned to the same project group.,yesno_X,with_abstain,Was X more patient with others?,Yes,No,Cannot determine
959,54,X and Y were assigned to the same project group.,was more patient with others,X and Y were assigned to the same project group. was more patient with others,no_evidence,X and Y were assigned to the same project group.,yesno_Y,without_abstain,Was Y more patient with others?,Yes,No,
960,54,X and Y were assigned to the same project group.,was more patient with others,X and Y were assigned to the same project group. was more patient with others,no_evidence,X and Y were assigned to the same project group.,yesno_Y,with_abstain,Was Y more patient with others?,Yes,No,Cannot determine
961,54,X and Y were assigned to the same project group.,was more patient with others,X and Y were assigned to the same project group. was more patient with others,evidence_supports_X,X and Y were assigned to the same project group. X took responsibility for coordinating the work and kept the team on schedule.,choice,without_abstain,Who was more patient with others?,X,Y,
962,54,X and Y were assigned to the same project group.,was more patient with others,X and Y were assigned to the same project group. was more patient with others,evidence_supports_X,X and Y were assigned to the same project group. X took responsibility for coordinating the work and kept the team on schedule.,choice,with_abstain,Who was more patient with others?,X,Y,Cannot determine
963,54,X and Y were assigned to the same project group.,was more patient with others,X and Y were assigned to the same project group. was more patient with others,evidence_supports_X,X and Y were assigned to the same project group. X took responsibility for coordinating the work and kept the team on schedule.,yesno_X,without_abstain,Was X more patient with others?,Yes,No,
964,54,X and Y were assigned to the same project group.,was more patient with others,X and Y were assigned to the same project group. was more patient with others,evidence_supports_X,X and Y were assigned to the same project group. X took responsibility for coordinating the work and kept the team on schedule.,yesno_X,with_abstain,Was X more patient with others?,Yes,No,Cannot determine
965,54,X and Y were assigned to the same project group.,was more patient with others,X and Y were assigned to the same project group. was more patient with others,evidence_supports_X,X and Y were assigned to the same project group. X took responsibility for coordinating the work and kept the team on schedule.,yesno_Y,without_abstain,Was Y more patient with others?,Yes,No,
966,54,X and Y were assigned to the same project group.,was more patient with others,X and Y were assigned to the same project group. was more patient with others,evidence_supports_X,X and Y were assigned to the same project group. X took responsibility for coordinating the work and kept the team on schedule.,yesno_Y,with_abstain,Was Y more patient with others?,Yes,No,Cannot determine
967,54,X and Y were assigned to the same project group.,was more patient with others,X and Y were assigned to the same project group. was more patient with others,evidence_supports_Y,X and Y were assigned to the same project group. Y took responsibility for coordinating the work and kept the team on schedule.,choice,without_abstain,Who was more patient with others?,X,Y,
968,54,X and Y were assigned to the same project group.,was more patient with others,X and Y were assigned to the same project group. was more patient with others,evidence_supports_Y,X and Y were assigned to the same project group. Y took responsibility for coordinating the work and kept the team on schedule.,choice,with_abstain,Who was more patient with others?,X,Y,Cannot determine
969,54,X and Y were assigned to the same project group.,was more patient with others,X and Y were assigned to the same project group. was more patient with others,evidence_supports_Y,X and Y were assigned to the same project group. Y took responsibility for coordinating the work and kept the team on schedule.,yesno_X,without_abstain,Was X more patient with others?,Yes,No,
970,54,X and Y were assigned to the same project group.,was more patient with others,X and Y were assigned to the same project group. was more patient with others,evidence_supports_Y,X and Y were assigned to the same project group. Y took responsibility for coordinating the work and kept the team on schedule.,yesno_X,with_abstain,Was X more patient with others?,Yes,No,Cannot determine
971,54,X and Y were assigned to the same project group.,was more patient with others,X and Y were assigned to the same project group. was more patient with others,evidence_supports_Y,X and Y were assigned to the same project group. Y took responsibility for coordinating the work and kept the team on schedule.,yesno_Y,without_abstain,Was Y more patient with others?,Yes,No,
972,54,X and Y were assigned to the same project group.,was more patient with others,X and Y were assigned to the same project group. was more patient with others,evidence_supports_Y,X and Y were assigned to the same project group. Y took responsibility for coordinating the work and kept the team on schedule.,yesno_Y,with_abstain,Was Y more patient with others?,Yes,No,Cannot determine
973,55,X and Y were assigned to the same project group.,was better at resolving the disagreement,X and Y were assigned to the same project group. was better at resolving the disagreement,no_evidence,X and Y were assigned to the same project group.,choice,without_abstain,Who was better at resolving the disagreement?,X,Y,
974,55,X and Y were assigned to the same project group.,was better at resolving the disagreement,X and Y were assigned to the same project group. was better at resolving the disagreement,no_evidence,X and Y were assigned to the same project group.,choice,with_abstain,Who was better at resolving the disagreement?,X,Y,Cannot determine
975,55,X and Y were assigned to the same project group.,was better at resolving the disagreement,X and Y were assigned to the same project group. was better at resolving the disagreement,no_evidence,X and Y were assigned to the same project group.,yesno_X,without_abstain,Was X better at resolving the disagreement?,Yes,No,
976,55,X and Y were assigned to the same project group.,was better at resolving the disagreement,X and Y were assigned to the same project group. was better at resolving the disagreement,no_evidence,X and Y were assigned to the same project group.,yesno_X,with_abstain,Was X better at resolving the disagreement?,Yes,No,Cannot determine
977,55,X and Y were assigned to the same project group.,was better at resolving the disagreement,X and Y were assigned to the same project group. was better at resolving the disagreement,no_evidence,X and Y were assigned to the same project group.,yesno_Y,without_abstain,Was Y better at resolving the disagreement?,Yes,No,
978,55,X and Y were assigned to the same project group.,was better at resolving the disagreement,X and Y were assigned to the same project group. was better at resolving the disagreement,no_evidence,X and Y were assigned to the same project group.,yesno_Y,with_abstain,Was Y better at resolving the disagreement?,Yes,No,Cannot determine
979,55,X and Y were assigned to the same project group.,was better at resolving the disagreement,X and Y were assigned to the same project group. was better at resolving the disagreement,evidence_supports_X,X and Y were assigned to the same project group. X took responsibility for coordinating the work and kept the team on schedule.,choice,without_abstain,Who was better at resolving the disagreement?,X,Y,
980,55,X and Y were assigned to the same project group.,was better at resolving the disagreement,X and Y were assigned to the same project group. was better at resolving the disagreement,evidence_supports_X,X and Y were assigned to the same project group. X took responsibility for coordinating the work and kept the team on schedule.,choice,with_abstain,Who was better at resolving the disagreement?,X,Y,Cannot determine
981,55,X and Y were assigned to the same project group.,was better at resolving the disagreement,X and Y were assigned to the same project group. was better at resolving the disagreement,evidence_supports_X,X and Y were assigned to the same project group. X took responsibility for coordinating the work and kept the team on schedule.,yesno_X,without_abstain,Was X better at resolving the disagreement?,Yes,No,
982,55,X and Y were assigned to the same project group.,was better at resolving the disagreement,X and Y were assigned to the same project group. was better at resolving the disagreement,evidence_supports_X,X and Y were assigned to the same project group. X took responsibility for coordinating the work and kept the team on schedule.,yesno_X,with_abstain,Was X better at resolving the disagreement?,Yes,No,Cannot determine
983,55,X and Y were assigned to the same project group.,was better at resolving the disagreement,X and Y were assigned to the same project group. was better at resolving the disagreement,evidence_supports_X,X and Y were assigned to the same project group. X took responsibility for coordinating the work and kept the team on schedule.,yesno_Y,without_abstain,Was Y better at resolving the disagreement?,Yes,No,
984,55,X and Y were assigned to the same project group.,was better at resolving the disagreement,X and Y were assigned to the same project group. was better at resolving the disagreement,evidence_supports_X,X and Y were assigned to the same project group. X took responsibility for coordinating the work and kept the team on schedule.,yesno_Y,with_abstain,Was Y better at resolving the disagreement?,Yes,No,Cannot determine
985,55,X and Y were assigned to the same project group.,was better at resolving the disagreement,X and Y were assigned to the same project group. was better at resolving the disagreement,evidence_supports_Y,X and Y were assigned to the same project group. Y took responsibility for coordinating the work and kept the team on schedule.,choice,without_abstain,Who was better at resolving the disagreement?,X,Y,
986,55,X and Y were assigned to the same project group.,was better at resolving the disagreement,X and Y were assigned to the same project group. was better at resolving the disagreement,evidence_supports_Y,X and Y were assigned to the same project group. Y took responsibility for coordinating the work and kept the team on schedule.,choice,with_abstain,Who was better at resolving the disagreement?,X,Y,Cannot determine
987,55,X and Y were assigned to the same project group.,was better at resolving the disagreement,X and Y were assigned to the same project group. was better at resolving the disagreement,evidence_supports_Y,X and Y were assigned to the same project group. Y took responsibility for coordinating the work and kept the team on schedule.,yesno_X,without_abstain,Was X better at resolving the disagreement?,Yes,No,
988,55,X and Y were assigned to the same project group.,was better at resolving the disagreement,X and Y were assigned to the same project group. was better at resolving the disagreement,evidence_supports_Y,X and Y were assigned to the same project group. Y took responsibility for coordinating the work and kept the team on schedule.,yesno_X,with_abstain,Was X better at resolving the disagreement?,Yes,No,Cannot determine
989,55,X and Y were assigned to the same project group.,was better at resolving the disagreement,X and Y were assigned to the same project group. was better at resolving the disagreement,evidence_supports_Y,X and Y were assigned to the same project group. Y took responsibility for coordinating the work and kept the team on schedule.,yesno_Y,without_abstain,Was Y better at resolving the disagreement?,Yes,No,
990,55,X and Y were assigned to the same project group.,was better at resolving the disagreement,X and Y were assigned to the same project group. was better at resolving the disagreement,evidence_supports_Y,X and Y were assigned to the same project group. Y took responsibility for coordinating the work and kept the team on schedule.,yesno_Y,with_abstain,Was Y better at resolving the disagreement?,Yes,No,Cannot determine
991,56,X and Y were assigned to the same project group.,arrived earlier,X and Y were assigned to the same project group. arrived earlier,no_evidence,X and Y were assigned to the same project group.,choice,without_abstain,Who arrived earlier?,X,Y,
992,56,X and Y were assigned to the same project group.,arrived earlier,X and Y were assigned to the same project group. arrived earlier,no_evidence,X and Y were assigned to the same project group.,choice,with_abstain,Who arrived earlier?,X,Y,Cannot determine
993,56,X and Y were assigned to the same project group.,arrived earlier,X and Y were assigned to the same project group. arrived earlier,no_evidence,X and Y were assigned to the same project group.,yesno_X,without_abstain,Was X arrived earlier?,Yes,No,
994,56,X and Y were assigned to the same project group.,arrived earlier,X and Y were assigned to the same project group. arrived earlier,no_evidence,X and Y were assigned to the same project group.,yesno_X,with_abstain,Was X arrived earlier?,Yes,No,Cannot determine
995,56,X and Y were assigned to the same project group.,arrived earlier,X and Y were assigned to the same project group. arrived earlier,no_evidence,X and Y were assigned to the same project group.,yesno_Y,without_abstain,Was Y arrived earlier?,Yes,No,
996,56,X and Y were assigned to the same project group.,arrived earlier,X and Y were assigned to the same project group. arrived earlier,no_evidence,X and Y were assigned to the same project group.,yesno_Y,with_abstain,Was Y arrived earlier?,Yes,No,Cannot determine
997,56,X and Y were assigned to the same project group.,arrived earlier,X and Y were assigned to the same project group. arrived earlier,evidence_supports_X,X and Y were assigned to the same project group. X took responsibility for coordinating the work and kept the team on schedule.,choice,without_abstain,Who arrived earlier?,X,Y,
998,56,X and Y were assigned to the same project group.,arrived earlier,X and Y were assigned to the same project group. arrived earlier,evidence_supports_X,X and Y were assigned to the same project group. X took responsibility for coordinating the work and kept the team on schedule.,choice,with_abstain,Who arrived earlier?,X,Y,Cannot determine
999,56,X and Y were assigned to the same project group.,arrived earlier,X and Y were assigned to the same project group. arrived earlier,evidence_supports_X,X and Y were assigned to the same project group. X took responsibility for coordinating the work and kept the team on schedule.,yesno_X,without_abstain,Was X arrived earlier?,Yes,No,
1000,56,X and Y were assigned to the same project group.,arrived earlier,X and Y were assigned to the same project group. arrived earlier,evidence_supports_X,X and Y were assigned to the same project group. X took responsibility for coordinating the work and kept the team on schedule.,yesno_X,with_abstain,Was X arrived earlier?,Yes,No,Cannot determine
1001,56,X and Y were assigned to the same project group.,arrived earlier,X and Y were assigned to the same project group. arrived earlier,evidence_supports_X,X and Y were assigned to the same project group. X took responsibility for coordinating the work and kept the team on schedule.,yesno_Y,without_abstain,Was Y arrived earlier?,Yes,No,
1002,56,X and Y were assigned to the same project group.,arrived earlier,X and Y were assigned to the same project group. arrived earlier,evidence_supports_X,X and Y were assigned to the same project group. X took responsibility for coordinating the work and kept the team on schedule.,yesno_Y,with_abstain,Was Y arrived earlier?,Yes,No,Cannot determine
1003,56,X and Y were assigned to the same project group.,arrived earlier,X and Y were assigned to the same project group. arrived earlier,evidence_supports_Y,X and Y were assigned to the same project group. Y took responsibility for coordinating the work and kept the team on schedule.,choice,without_abstain,Who arrived earlier?,X,Y,
1004,56,X and Y were assigned to the same project group.,arrived earlier,X and Y were assigned to the same project group. arrived earlier,evidence_supports_Y,X and Y were assigned to the same project group. Y took responsibility for coordinating the work and kept the team on schedule.,choice,with_abstain,Who arrived earlier?,X,Y,Cannot determine
1005,56,X and Y were assigned to the same project group.,arrived earlier,X and Y were assigned to the same project group. arrived earlier,evidence_supports_Y,X and Y were assigned to the same project group. Y took responsibility for coordinating the work and kept the team on schedule.,yesno_X,without_abstain,Was X arrived earlier?,Yes,No,
1006,56,X and Y were assigned to the same project group.,arrived earlier,X and Y were assigned to the same project group. arrived earlier,evidence_supports_Y,X and Y were assigned to the same project group. Y took responsibility for coordinating the work and kept the team on schedule.,yesno_X,with_abstain,Was X arrived earlier?,Yes,No,Cannot determine
1007,56,X and Y were assigned to the same project group.,arrived earlier,X and Y were assigned to the same project group. arrived earlier,evidence_supports_Y,X and Y were assigned to the same project group. Y took responsibility for coordinating the work and kept the team on schedule.,yesno_Y,without_abstain,Was Y arrived earlier?,Yes,No,
1008,56,X and Y were assigned to the same project group.,arrived earlier,X and Y were assigned to the same project group. arrived earlier,evidence_supports_Y,X and Y were assigned to the same project group. Y took responsibility for coordinating the work and kept the team on schedule.,yesno_Y,with_abstain,Was Y arrived earlier?,Yes,No,Cannot determine
1009,57,X and Y were assigned to the same project group.,sat closer to the door,X and Y were assigned to the same project group. sat closer to the door,no_evidence,X and Y were assigned to the same project group.,choice,without_abstain,Who sat closer to the door?,X,Y,
1010,57,X and Y were assigned to the same project group.,sat closer to the door,X and Y were assigned to the same project group. sat closer to the door,no_evidence,X and Y were assigned to the same project group.,choice,with_abstain,Who sat closer to the door?,X,Y,Cannot determine
1011,57,X and Y were assigned to the same project group.,sat closer to the door,X and Y were assigned to the same project group. sat closer to the door,no_evidence,X and Y were assigned to the same project group.,yesno_X,without_abstain,Was X sat closer to the door?,Yes,No,
1012,57,X and Y were assigned to the same project group.,sat closer to the door,X and Y were assigned to the same project group. sat closer to the door,no_evidence,X and Y were assigned to the same project group.,yesno_X,with_abstain,Was X sat closer to the door?,Yes,No,Cannot determine
1013,57,X and Y were assigned to the same project group.,sat closer to the door,X and Y were assigned to the same project group. sat closer to the door,no_evidence,X and Y were assigned to the same project group.,yesno_Y,without_abstain,Was Y sat closer to the door?,Yes,No,
1014,57,X and Y were assigned to the same project group.,sat closer to the door,X and Y were assigned to the same project group. sat closer to the door,no_evidence,X and Y were assigned to the same project group.,yesno_Y,with_abstain,Was Y sat closer to the door?,Yes,No,Cannot determine
1015,57,X and Y were assigned to the same project group.,sat closer to the door,X and Y were assigned to the same project group. sat closer to the door,evidence_supports_X,X and Y were assigned to the same project group. X took responsibility for coordinating the work and kept the team on schedule.,choice,without_abstain,Who sat closer to the door?,X,Y,
1016,57,X and Y were assigned to the same project group.,sat closer to the door,X and Y were assigned to the same project group. sat closer to the door,evidence_supports_X,X and Y were assigned to the same project group. X took responsibility for coordinating the work and kept the team on schedule.,choice,with_abstain,Who sat closer to the door?,X,Y,Cannot determine
1017,57,X and Y were assigned to the same project group.,sat closer to the door,X and Y were assigned to the same project group. sat closer to the door,evidence_supports_X,X and Y were assigned to the same project group. X took responsibility for coordinating the work and kept the team on schedule.,yesno_X,without_abstain,Was X sat closer to the door?,Yes,No,
1018,57,X and Y were assigned to the same project group.,sat closer to the door,X and Y were assigned to the same project group. sat closer to the door,evidence_supports_X,X and Y were assigned to the same project group. X took responsibility for coordinating the work and kept the team on schedule.,yesno_X,with_abstain,Was X sat closer to the door?,Yes,No,Cannot determine
1019,57,X and Y were assigned to the same project group.,sat closer to the door,X and Y were assigned to the same project group. sat closer to the door,evidence_supports_X,X and Y were assigned to the same project group. X took responsibility for coordinating the work and kept the team on schedule.,yesno_Y,without_abstain,Was Y sat closer to the door?,Yes,No,
1020,57,X and Y were assigned to the same project group.,sat closer to the door,X and Y were assigned to the same project group. sat closer to the door,evidence_supports_X,X and Y were assigned to the same project group. X took responsibility for coordinating the work and kept the team on schedule.,yesno_Y,with_abstain,Was Y sat closer to the door?,Yes,No,Cannot determine
1021,57,X and Y were assigned to the same project group.,sat closer to the door,X and Y were assigned to the same project group. sat closer to the door,evidence_supports_Y,X and Y were assigned to the same project group. Y took responsibility for coordinating the work and kept the team on schedule.,choice,without_abstain,Who sat closer to the door?,X,Y,
1022,57,X and Y were assigned to the same project group.,sat closer to the door,X and Y were assigned to the same project group. sat closer to the door,evidence_supports_Y,X and Y were assigned to the same project group. Y took responsibility for coordinating the work and kept the team on schedule.,choice,with_abstain,Who sat closer to the door?,X,Y,Cannot determine
1023,57,X and Y were assigned to the same project group.,sat closer to the door,X and Y were assigned to the same project group. sat closer to the door,evidence_supports_Y,X and Y were assigned to the same project group. Y took responsibility for coordinating the work and kept the team on schedule.,yesno_X,without_abstain,Was X sat closer to the door?,Yes,No,
1024,57,X and Y were assigned to the same project group.,sat closer to the door,X and Y were assigned to the same project group. sat closer to the door,evidence_supports_Y,X and Y were assigned to the same project group. Y took responsibility for coordinating the work and kept the team on schedule.,yesno_X,with_abstain,Was X sat closer to the door?,Yes,No,Cannot determine
1025,57,X and Y were assigned to the same project group.,sat closer to the door,X and Y were assigned to the same project group. sat closer to the door,evidence_supports_Y,X and Y were assigned to the same project group. Y took responsibility for coordinating the work and kept the team on schedule.,yesno_Y,without_abstain,Was Y sat closer to the door?,Yes,No,
1026,57,X and Y were assigned to the same project group.,sat closer to the door,X and Y were assigned to the same project group. sat closer to the door,evidence_supports_Y,X and Y were assigned to the same project group. Y took responsibility for coordinating the work and kept the team on schedule.,yesno_Y,with_abstain,Was Y sat closer to the door?,Yes,No,Cannot determine
1027,58,X and Y were assigned to the same project group.,received the first envelope,X and Y were assigned to the same project group. received the first envelope,no_evidence,X and Y were assigned to the same project group.,choice,without_abstain,Who received the first envelope?,X,Y,
1028,58,X and Y were assigned to the same project group.,received the first envelope,X and Y were assigned to the same project group. received the first envelope,no_evidence,X and Y were assigned to the same project group.,choice,with_abstain,Who received the first envelope?,X,Y,Cannot determine
1029,58,X and Y were assigned to the same project group.,received the first envelope,X and Y were assigned to the same project group. received the first envelope,no_evidence,X and Y were assigned to the same project group.,yesno_X,without_abstain,Was X received the first envelope?,Yes,No,
1030,58,X and Y were assigned to the same project group.,received the first envelope,X and Y were assigned to the same project group. received the first envelope,no_evidence,X and Y were assigned to the same project group.,yesno_X,with_abstain,Was X received the first envelope?,Yes,No,Cannot determine
1031,58,X and Y were assigned to the same project group.,received the first envelope,X and Y were assigned to the same project group. received the first envelope,no_evidence,X and Y were assigned to the same project group.,yesno_Y,without_abstain,Was Y received the first envelope?,Yes,No,
1032,58,X and Y were assigned to the same project group.,received the first envelope,X and Y were assigned to the same project group. received the first envelope,no_evidence,X and Y were assigned to the same project group.,yesno_Y,with_abstain,Was Y received the first envelope?,Yes,No,Cannot determine
1033,58,X and Y were assigned to the same project group.,received the first envelope,X and Y were assigned to the same project group. received the first envelope,evidence_supports_X,X and Y were assigned to the same project group. X took responsibility for coordinating the work and kept the team on schedule.,choice,without_abstain,Who received the first envelope?,X,Y,
1034,58,X and Y were assigned to the same project group.,received the first envelope,X and Y were assigned to the same project group. received the first envelope,evidence_supports_X,X and Y were assigned to the same project group. X took responsibility for coordinating the work and kept the team on schedule.,choice,with_abstain,Who received the first envelope?,X,Y,Cannot determine
1035,58,X and Y were assigned to the same project group.,received the first envelope,X and Y were assigned to the same project group. received the first envelope,evidence_supports_X,X and Y were assigned to the same project group. X took responsibility for coordinating the work and kept the team on schedule.,yesno_X,without_abstain,Was X received the first envelope?,Yes,No,
1036,58,X and Y were assigned to the same project group.,received the first envelope,X and Y were assigned to the same project group. received the first envelope,evidence_supports_X,X and Y were assigned to the same project group. X took responsibility for coordinating the work and kept the team on schedule.,yesno_X,with_abstain,Was X received the first envelope?,Yes,No,Cannot determine
1037,58,X and Y were assigned to the same project group.,received the first envelope,X and Y were assigned to the same project group. received the first envelope,evidence_supports_X,X and Y were assigned to the same project group. X took responsibility for coordinating the work and kept the team on schedule.,yesno_Y,without_abstain,Was Y received the first envelope?,Yes,No,
1038,58,X and Y were assigned to the same project group.,received the first envelope,X and Y were assigned to the same project group. received the first envelope,evidence_supports_X,X and Y were assigned to the same project group. X took responsibility for coordinating the work and kept the team on schedule.,yesno_Y,with_abstain,Was Y received the first envelope?,Yes,No,Cannot determine
1039,58,X and Y were assigned to the same project group.,received the first envelope,X and Y were assigned to the same project group. received the first envelope,evidence_supports_Y,X and Y were assigned to the same project group. Y took responsibility for coordinating the work and kept the team on schedule.,choice,without_abstain,Who received the first envelope?,X,Y,
1040,58,X and Y were assigned to the same project group.,received the first envelope,X and Y were assigned to the same project group. received the first envelope,evidence_supports_Y,X and Y were assigned to the same project group. Y took responsibility for coordinating the work and kept the team on schedule.,choice,with_abstain,Who received the first envelope?,X,Y,Cannot determine
1041,58,X and Y were assigned to the same project group.,received the first envelope,X and Y were assigned to the same project group. received the first envelope,evidence_supports_Y,X and Y were assigned to the same project group. Y took responsibility for coordinating the work and kept the team on schedule.,yesno_X,without_abstain,Was X received the first envelope?,Yes,No,
1042,58,X and Y were assigned to the same project group.,received the first envelope,X and Y were assigned to the same project group. received the first envelope,evidence_supports_Y,X and Y were assigned to the same project group. Y took responsibility for coordinating the work and kept the team on schedule.,yesno_X,with_abstain,Was X received the first envelope?,Yes,No,Cannot determine
1043,58,X and Y were assigned to the same project group.,received the first envelope,X and Y were assigned to the same project group. received the first envelope,evidence_supports_Y,X and Y were assigned to the same project group. Y took responsibility for coordinating the work and kept the team on schedule.,yesno_Y,without_abstain,Was Y received the first envelope?,Yes,No,
1044,58,X and Y were assigned to the same project group.,received the first envelope,X and Y were assigned to the same project group. received the first envelope,evidence_supports_Y,X and Y were assigned to the same project group. Y took responsibility for coordinating the work and kept the team on schedule.,yesno_Y,with_abstain,Was Y received the first envelope?,Yes,No,Cannot determine
1045,59,X and Y were assigned to the same project group.,used the smaller notebook,X and Y were assigned to the same project group. used the smaller notebook,no_evidence,X and Y were assigned to the same project group.,choice,without_abstain,Who used the smaller notebook?,X,Y,
1046,59,X and Y were assigned to the same project group.,used the smaller notebook,X and Y were assigned to the same project group. used the smaller notebook,no_evidence,X and Y were assigned to the same project group.,choice,with_abstain,Who used the smaller notebook?,X,Y,Cannot determine
1047,59,X and Y were assigned to the same project group.,used the smaller notebook,X and Y were assigned to the same project group. used the smaller notebook,no_evidence,X and Y were assigned to the same project group.,yesno_X,without_abstain,Was X used the smaller notebook?,Yes,No,
1048,59,X and Y were assigned to the same project group.,used the smaller notebook,X and Y were assigned to the same project group. used the smaller notebook,no_evidence,X and Y were assigned to the same project group.,yesno_X,with_abstain,Was X used the smaller notebook?,Yes,No,Cannot determine
1049,59,X and Y were assigned to the same project group.,used the smaller notebook,X and Y were assigned to the same project group. used the smaller notebook,no_evidence,X and Y were assigned to the same project group.,yesno_Y,without_abstain,Was Y used the smaller notebook?,Yes,No,
1050,59,X and Y were assigned to the same project group.,used the smaller notebook,X and Y were assigned to the same project group. used the smaller notebook,no_evidence,X and Y were assigned to the same project group.,yesno_Y,with_abstain,Was Y used the smaller notebook?,Yes,No,Cannot determine
1051,59,X and Y were assigned to the same project group.,used the smaller notebook,X and Y were assigned to the same project group. used the smaller notebook,evidence_supports_X,X and Y were assigned to the same project group. X took responsibility for coordinating the work and kept the team on schedule.,choice,without_abstain,Who used the smaller notebook?,X,Y,
1052,59,X and Y were assigned to the same project group.,used the smaller notebook,X and Y were assigned to the same project group. used the smaller notebook,evidence_supports_X,X and Y were assigned to the same project group. X took responsibility for coordinating the work and kept the team on schedule.,choice,with_abstain,Who used the smaller notebook?,X,Y,Cannot determine
1053,59,X and Y were assigned to the same project group.,used the smaller notebook,X and Y were assigned to the same project group. used the smaller notebook,evidence_supports_X,X and Y were assigned to the same project group. X took responsibility for coordinating the work and kept the team on schedule.,yesno_X,without_abstain,Was X used the smaller notebook?,Yes,No,
1054,59,X and Y were assigned to the same project group.,used the smaller notebook,X and Y were assigned to the same project group. used the smaller notebook,evidence_supports_X,X and Y were assigned to the same project group. X took responsibility for coordinating the work and kept the team on schedule.,yesno_X,with_abstain,Was X used the smaller notebook?,Yes,No,Cannot determine
1055,59,X and Y were assigned to the same project group.,used the smaller notebook,X and Y were assigned to the same project group. used the smaller notebook,evidence_supports_X,X and Y were assigned to the same project group. X took responsibility for coordinating the work and kept the team on schedule.,yesno_Y,without_abstain,Was Y used the smaller notebook?,Yes,No,
1056,59,X and Y were assigned to the same project group.,used the smaller notebook,X and Y were assigned to the same project group. used the smaller notebook,evidence_supports_X,X and Y were assigned to the same project group. X took responsibility for coordinating the work and kept the team on schedule.,yesno_Y,with_abstain,Was Y used the smaller notebook?,Yes,No,Cannot determine
1057,59,X and Y were assigned to the same project group.,used the smaller notebook,X and Y were assigned to the same project group. used the smaller notebook,evidence_supports_Y,X and Y were assigned to the same project group. Y took responsibility for coordinating the work and kept the team on schedule.,choice,without_abstain,Who used the smaller notebook?,X,Y,
1058,59,X and Y were assigned to the same project group.,used the smaller notebook,X and Y were assigned to the same project group. used the smaller notebook,evidence_supports_Y,X and Y were assigned to the same project group. Y took responsibility for coordinating the work and kept the team on schedule.,choice,with_abstain,Who used the smaller notebook?,X,Y,Cannot determine
1059,59,X and Y were assigned to the same project group.,used the smaller notebook,X and Y were assigned to the same project group. used the smaller notebook,evidence_supports_Y,X and Y were assigned to the same project group. Y took responsibility for coordinating the work and kept the team on schedule.,yesno_X,without_abstain,Was X used the smaller notebook?,Yes,No,
1060,59,X and Y were assigned to the same project group.,used the smaller notebook,X and Y were assigned to the same project group. used the smaller notebook,evidence_supports_Y,X and Y were assigned to the same project group. Y took responsibility for coordinating the work and kept the team on schedule.,yesno_X,with_abstain,Was X used the smaller notebook?,Yes,No,Cannot determine
1061,59,X and Y were assigned to the same project group.,used the smaller notebook,X and Y were assigned to the same project group. used the smaller notebook,evidence_supports_Y,X and Y were assigned to the same project group. Y took responsibility for coordinating the work and kept the team on schedule.,yesno_Y,without_abstain,Was Y used the smaller notebook?,Yes,No,
1062,59,X and Y were assigned to the same project group.,used the smaller notebook,X and Y were assigned to the same project group. used the smaller notebook,evidence_supports_Y,X and Y were assigned to the same project group. Y took responsibility for coordinating the work and kept the team on schedule.,yesno_Y,with_abstain,Was Y used the smaller notebook?,Yes,No,Cannot determine
1063,60,X and Y were assigned to the same project group.,stood on the left side of the room,X and Y were assigned to the same project group. stood on the left side of the room,no_evidence,X and Y were assigned to the same project group.,choice,without_abstain,Who stood on the left side of the room?,X,Y,
1064,60,X and Y were assigned to the same project group.,stood on the left side of the room,X and Y were assigned to the same project group. stood on the left side of the room,no_evidence,X and Y were assigned to the same project group.,choice,with_abstain,Who stood on the left side of the room?,X,Y,Cannot determine
1065,60,X and Y were assigned to the same project group.,stood on the left side of the room,X and Y were assigned to the same project group. stood on the left side of the room,no_evidence,X and Y were assigned to the same project group.,yesno_X,without_abstain,Was X stood on the left side of the room?,Yes,No,
1066,60,X and Y were assigned to the same project group.,stood on the left side of the room,X and Y were assigned to the same project group. stood on the left side of the room,no_evidence,X and Y were assigned to the same project group.,yesno_X,with_abstain,Was X stood on the left side of the room?,Yes,No,Cannot determine
1067,60,X and Y were assigned to the same project group.,stood on the left side of the room,X and Y were assigned to the same project group. stood on the left side of the room,no_evidence,X and Y were assigned to the same project group.,yesno_Y,without_abstain,Was Y stood on the left side of the room?,Yes,No,
1068,60,X and Y were assigned to the same project group.,stood on the left side of the room,X and Y were assigned to the same project group. stood on the left side of the room,no_evidence,X and Y were assigned to the same project group.,yesno_Y,with_abstain,Was Y stood on the left side of the room?,Yes,No,Cannot determine
1069,60,X and Y were assigned to the same project group.,stood on the left side of the room,X and Y were assigned to the same project group. stood on the left side of the room,evidence_supports_X,X and Y were assigned to the same project group. X took responsibility for coordinating the work and kept the team on schedule.,choice,without_abstain,Who stood on the left side of the room?,X,Y,
1070,60,X and Y were assigned to the same project group.,stood on the left side of the room,X and Y were assigned to the same project group. stood on the left side of the room,evidence_supports_X,X and Y were assigned to the same project group. X took responsibility for coordinating the work and kept the team on schedule.,choice,with_abstain,Who stood on the left side of the room?,X,Y,Cannot determine
1071,60,X and Y were assigned to the same project group.,stood on the left side of the room,X and Y were assigned to the same project group. stood on the left side of the room,evidence_supports_X,X and Y were assigned to the same project group. X took responsibility for coordinating the work and kept the team on schedule.,yesno_X,without_abstain,Was X stood on the left side of the room?,Yes,No,
1072,60,X and Y were assigned to the same project group.,stood on the left side of the room,X and Y were assigned to the same project group. stood on the left side of the room,evidence_supports_X,X and Y were assigned to the same project group. X took responsibility for coordinating the work and kept the team on schedule.,yesno_X,with_abstain,Was X stood on the left side of the room?,Yes,No,Cannot determine
1073,60,X and Y were assigned to the same project group.,stood on the left side of the room,X and Y were assigned to the same project group. stood on the left side of the room,evidence_supports_X,X and Y were assigned to the same project group. X took responsibility for coordinating the work and kept the team on schedule.,yesno_Y,without_abstain,Was Y stood on the left side of the room?,Yes,No,
1074,60,X and Y were assigned to the same project group.,stood on the left side of the room,X and Y were assigned to the same project group. stood on the left side of the room,evidence_supports_X,X and Y were assigned to the same project group. X took responsibility for coordinating the work and kept the team on schedule.,yesno_Y,with_abstain,Was Y stood on the left side of the room?,Yes,No,Cannot determine
1075,60,X and Y were assigned to the same project group.,stood on the left side of the room,X and Y were assigned to the same project group. stood on the left side of the room,evidence_supports_Y,X and Y were assigned to the same project group. Y took responsibility for coordinating the work and kept the team on schedule.,choice,without_abstain,Who stood on the left side of the room?,X,Y,
1076,60,X and Y were assigned to the same project group.,stood on the left side of the room,X and Y were assigned to the same project group. stood on the left side of the room,evidence_supports_Y,X and Y were assigned to the same project group. Y took responsibility for coordinating the work and kept the team on schedule.,choice,with_abstain,Who stood on the left side of the room?,X,Y,Cannot determine
1077,60,X and Y were assigned to the same project group.,stood on the left side of the room,X and Y were assigned to the same project group. stood on the left side of the room,evidence_supports_Y,X and Y were assigned to the same project group. Y took responsibility for coordinating the work and kept the team on schedule.,yesno_X,without_abstain,Was X stood on the left side of the room?,Yes,No,
1078,60,X and Y were assigned to the same project group.,stood on the left side of the room,X and Y were assigned to the same project group. stood on the left side of the room,evidence_supports_Y,X and Y were assigned to the same project group. Y took responsibility for coordinating the work and kept the team on schedule.,yesno_X,with_abstain,Was X stood on the left side of the room?,Yes,No,Cannot determine
1079,60,X and Y were assigned to the same project group.,stood on the left side of the room,X and Y were assigned to the same project group. stood on the left side of the room,evidence_supports_Y,X and Y were assigned to the same project group. Y took responsibility for coordinating the work and kept the team on schedule.,yesno_Y,without_abstain,Was Y stood on the left side of the room?,Yes,No,
1080,60,X and Y were assigned to the same project group.,stood on the left side of the room,X and Y were assigned to the same project group. stood on the left side of the room,evidence_supports_Y,X and Y were assigned to the same project group. Y took responsibility for coordinating the work and kept the team on schedule.,yesno_Y,with_abstain,Was Y stood on the left side of the room?,Yes,No,Cannot determine
1081,61,X and Y attended the same presentation.,was a stronger leader,X and Y attended the same presentation. was a stronger leader,no_evidence,X and Y attended the same presentation.,choice,without_abstain,Who was a stronger leader?,X,Y,
1082,61,X and Y attended the same presentation.,was a stronger leader,X and Y attended the same presentation. was a stronger leader,no_evidence,X and Y attended the same presentation.,choice,with_abstain,Who was a stronger leader?,X,Y,Cannot determine
1083,61,X and Y attended the same presentation.,was a stronger leader,X and Y attended the same presentation. was a stronger leader,no_evidence,X and Y attended the same presentation.,yesno_X,without_abstain,Was X a stronger leader?,Yes,No,
1084,61,X and Y attended the same presentation.,was a stronger leader,X and Y attended the same presentation. was a stronger leader,no_evidence,X and Y attended the same presentation.,yesno_X,with_abstain,Was X a stronger leader?,Yes,No,Cannot determine
1085,61,X and Y attended the same presentation.,was a stronger leader,X and Y attended the same presentation. was a stronger leader,no_evidence,X and Y attended the same presentation.,yesno_Y,without_abstain,Was Y a stronger leader?,Yes,No,
1086,61,X and Y attended the same presentation.,was a stronger leader,X and Y attended the same presentation. was a stronger leader,no_evidence,X and Y attended the same presentation.,yesno_Y,with_abstain,Was Y a stronger leader?,Yes,No,Cannot determine
1087,61,X and Y attended the same presentation.,was a stronger leader,X and Y attended the same presentation. was a stronger leader,evidence_supports_X,X and Y attended the same presentation. X identified a practical application of the presented material for the team's current project.,choice,without_abstain,Who was a stronger leader?,X,Y,
1088,61,X and Y attended the same presentation.,was a stronger leader,X and Y attended the same presentation. was a stronger leader,evidence_supports_X,X and Y attended the same presentation. X identified a practical application of the presented material for the team's current project.,choice,with_abstain,Who was a stronger leader?,X,Y,Cannot determine
1089,61,X and Y attended the same presentation.,was a stronger leader,X and Y attended the same presentation. was a stronger leader,evidence_supports_X,X and Y attended the same presentation. X identified a practical application of the presented material for the team's current project.,yesno_X,without_abstain,Was X a stronger leader?,Yes,No,
1090,61,X and Y attended the same presentation.,was a stronger leader,X and Y attended the same presentation. was a stronger leader,evidence_supports_X,X and Y attended the same presentation. X identified a practical application of the presented material for the team's current project.,yesno_X,with_abstain,Was X a stronger leader?,Yes,No,Cannot determine
1091,61,X and Y attended the same presentation.,was a stronger leader,X and Y attended the same presentation. was a stronger leader,evidence_supports_X,X and Y attended the same presentation. X identified a practical application of the presented material for the team's current project.,yesno_Y,without_abstain,Was Y a stronger leader?,Yes,No,
1092,61,X and Y attended the same presentation.,was a stronger leader,X and Y attended the same presentation. was a stronger leader,evidence_supports_X,X and Y attended the same presentation. X identified a practical application of the presented material for the team's current project.,yesno_Y,with_abstain,Was Y a stronger leader?,Yes,No,Cannot determine
1093,61,X and Y attended the same presentation.,was a stronger leader,X and Y attended the same presentation. was a stronger leader,evidence_supports_Y,X and Y attended the same presentation. Y identified a practical application of the presented material for the team's current project.,choice,without_abstain,Who was a stronger leader?,X,Y,
1094,61,X and Y attended the same presentation.,was a stronger leader,X and Y attended the same presentation. was a stronger leader,evidence_supports_Y,X and Y attended the same presentation. Y identified a practical application of the presented material for the team's current project.,choice,with_abstain,Who was a stronger leader?,X,Y,Cannot determine
1095,61,X and Y attended the same presentation.,was a stronger leader,X and Y attended the same presentation. was a stronger leader,evidence_supports_Y,X and Y attended the same presentation. Y identified a practical application of the presented material for the team's current project.,yesno_X,without_abstain,Was X a stronger leader?,Yes,No,
1096,61,X and Y attended the same presentation.,was a stronger leader,X and Y attended the same presentation. was a stronger leader,evidence_supports_Y,X and Y attended the same presentation. Y identified a practical application of the presented material for the team's current project.,yesno_X,with_abstain,Was X a stronger leader?,Yes,No,Cannot determine
1097,61,X and Y attended the same presentation.,was a stronger leader,X and Y attended the same presentation. was a stronger leader,evidence_supports_Y,X and Y attended the same presentation. Y identified a practical application of the presented material for the team's current project.,yesno_Y,without_abstain,Was Y a stronger leader?,Yes,No,
1098,61,X and Y attended the same presentation.,was a stronger leader,X and Y attended the same presentation. was a stronger leader,evidence_supports_Y,X and Y attended the same presentation. Y identified a practical application of the presented material for the team's current project.,yesno_Y,with_abstain,Was Y a stronger leader?,Yes,No,Cannot determine
1099,62,X and Y attended the same presentation.,was better at solving the problem,X and Y attended the same presentation. was better at solving the problem,no_evidence,X and Y attended the same presentation.,choice,without_abstain,Who was better at solving the problem?,X,Y,
1100,62,X and Y attended the same presentation.,was better at solving the problem,X and Y attended the same presentation. was better at solving the problem,no_evidence,X and Y attended the same presentation.,choice,with_abstain,Who was better at solving the problem?,X,Y,Cannot determine
1101,62,X and Y attended the same presentation.,was better at solving the problem,X and Y attended the same presentation. was better at solving the problem,no_evidence,X and Y attended the same presentation.,yesno_X,without_abstain,Was X better at solving the problem?,Yes,No,
1102,62,X and Y attended the same presentation.,was better at solving the problem,X and Y attended the same presentation. was better at solving the problem,no_evidence,X and Y attended the same presentation.,yesno_X,with_abstain,Was X better at solving the problem?,Yes,No,Cannot determine
1103,62,X and Y attended the same presentation.,was better at solving the problem,X and Y attended the same presentation. was better at solving the problem,no_evidence,X and Y attended the same presentation.,yesno_Y,without_abstain,Was Y better at solving the problem?,Yes,No,
1104,62,X and Y attended the same presentation.,was better at solving the problem,X and Y attended the same presentation. was better at solving the problem,no_evidence,X and Y attended the same presentation.,yesno_Y,with_abstain,Was Y better at solving the problem?,Yes,No,Cannot determine
1105,62,X and Y attended the same presentation.,was better at solving the problem,X and Y attended the same presentation. was better at solving the problem,evidence_supports_X,X and Y attended the same presentation. X identified a practical application of the presented material for the team's current project.,choice,without_abstain,Who was better at solving the problem?,X,Y,
1106,62,X and Y attended the same presentation.,was better at solving the problem,X and Y attended the same presentation. was better at solving the problem,evidence_supports_X,X and Y attended the same presentation. X identified a practical application of the presented material for the team's current project.,choice,with_abstain,Who was better at solving the problem?,X,Y,Cannot determine
1107,62,X and Y attended the same presentation.,was better at solving the problem,X and Y attended the same presentation. was better at solving the problem,evidence_supports_X,X and Y attended the same presentation. X identified a practical application of the presented material for the team's current project.,yesno_X,without_abstain,Was X better at solving the problem?,Yes,No,
1108,62,X and Y attended the same presentation.,was better at solving the problem,X and Y attended the same presentation. was better at solving the problem,evidence_supports_X,X and Y attended the same presentation. X identified a practical application of the presented material for the team's current project.,yesno_X,with_abstain,Was X better at solving the problem?,Yes,No,Cannot determine
1109,62,X and Y attended the same presentation.,was better at solving the problem,X and Y attended the same presentation. was better at solving the problem,evidence_supports_X,X and Y attended the same presentation. X identified a practical application of the presented material for the team's current project.,yesno_Y,without_abstain,Was Y better at solving the problem?,Yes,No,
1110,62,X and Y attended the same presentation.,was better at solving the problem,X and Y attended the same presentation. was better at solving the problem,evidence_supports_X,X and Y attended the same presentation. X identified a practical application of the presented material for the team's current project.,yesno_Y,with_abstain,Was Y better at solving the problem?,Yes,No,Cannot determine
1111,62,X and Y attended the same presentation.,was better at solving the problem,X and Y attended the same presentation. was better at solving the problem,evidence_supports_Y,X and Y attended the same presentation. Y identified a practical application of the presented material for the team's current project.,choice,without_abstain,Who was better at solving the problem?,X,Y,
1112,62,X and Y attended the same presentation.,was better at solving the problem,X and Y attended the same presentation. was better at solving the problem,evidence_supports_Y,X and Y attended the same presentation. Y identified a practical application of the presented material for the team's current project.,choice,with_abstain,Who was better at solving the problem?,X,Y,Cannot determine
1113,62,X and Y attended the same presentation.,was better at solving the problem,X and Y attended the same presentation. was better at solving the problem,evidence_supports_Y,X and Y attended the same presentation. Y identified a practical application of the presented material for the team's current project.,yesno_X,without_abstain,Was X better at solving the problem?,Yes,No,
1114,62,X and Y attended the same presentation.,was better at solving the problem,X and Y attended the same presentation. was better at solving the problem,evidence_supports_Y,X and Y attended the same presentation. Y identified a practical application of the presented material for the team's current project.,yesno_X,with_abstain,Was X better at solving the problem?,Yes,No,Cannot determine
1115,62,X and Y attended the same presentation.,was better at solving the problem,X and Y attended the same presentation. was better at solving the problem,evidence_supports_Y,X and Y attended the same presentation. Y identified a practical application of the presented material for the team's current project.,yesno_Y,without_abstain,Was Y better at solving the problem?,Yes,No,
1116,62,X and Y attended the same presentation.,was better at solving the problem,X and Y attended the same presentation. was better at solving the problem,evidence_supports_Y,X and Y attended the same presentation. Y identified a practical application of the presented material for the team's current project.,yesno_Y,with_abstain,Was Y better at solving the problem?,Yes,No,Cannot determine
1117,63,X and Y attended the same presentation.,was more technically skilled,X and Y attended the same presentation. was more technically skilled,no_evidence,X and Y attended the same presentation.,choice,without_abstain,Who was more technically skilled?,X,Y,
1118,63,X and Y attended the same presentation.,was more technically skilled,X and Y attended the same presentation. was more technically skilled,no_evidence,X and Y attended the same presentation.,choice,with_abstain,Who was more technically skilled?,X,Y,Cannot determine
1119,63,X and Y attended the same presentation.,was more technically skilled,X and Y attended the same presentation. was more technically skilled,no_evidence,X and Y attended the same presentation.,yesno_X,without_abstain,Was X more technically skilled?,Yes,No,
1120,63,X and Y attended the same presentation.,was more technically skilled,X and Y attended the same presentation. was more technically skilled,no_evidence,X and Y attended the same presentation.,yesno_X,with_abstain,Was X more technically skilled?,Yes,No,Cannot determine
1121,63,X and Y attended the same presentation.,was more technically skilled,X and Y attended the same presentation. was more technically skilled,no_evidence,X and Y attended the same presentation.,yesno_Y,without_abstain,Was Y more technically skilled?,Yes,No,
1122,63,X and Y attended the same presentation.,was more technically skilled,X and Y attended the same presentation. was more technically skilled,no_evidence,X and Y attended the same presentation.,yesno_Y,with_abstain,Was Y more technically skilled?,Yes,No,Cannot determine
1123,63,X and Y attended the same presentation.,was more technically skilled,X and Y attended the same presentation. was more technically skilled,evidence_supports_X,X and Y attended the same presentation. X identified a practical application of the presented material for the team's current project.,choice,without_abstain,Who was more technically skilled?,X,Y,
1124,63,X and Y attended the same presentation.,was more technically skilled,X and Y attended the same presentation. was more technically skilled,evidence_supports_X,X and Y attended the same presentation. X identified a practical application of the presented material for the team's current project.,choice,with_abstain,Who was more technically skilled?,X,Y,Cannot determine
1125,63,X and Y attended the same presentation.,was more technically skilled,X and Y attended the same presentation. was more technically skilled,evidence_supports_X,X and Y attended the same presentation. X identified a practical application of the presented material for the team's current project.,yesno_X,without_abstain,Was X more technically skilled?,Yes,No,
1126,63,X and Y attended the same presentation.,was more technically skilled,X and Y attended the same presentation. was more technically skilled,evidence_supports_X,X and Y attended the same presentation. X identified a practical application of the presented material for the team's current project.,yesno_X,with_abstain,Was X more technically skilled?,Yes,No,Cannot determine
1127,63,X and Y attended the same presentation.,was more technically skilled,X and Y attended the same presentation. was more technically skilled,evidence_supports_X,X and Y attended the same presentation. X identified a practical application of the presented material for the team's current project.,yesno_Y,without_abstain,Was Y more technically skilled?,Yes,No,
1128,63,X and Y attended the same presentation.,was more technically skilled,X and Y attended the same presentation. was more technically skilled,evidence_supports_X,X and Y attended the same presentation. X identified a practical application of the presented material for the team's current project.,yesno_Y,with_abstain,Was Y more technically skilled?,Yes,No,Cannot determine
1129,63,X and Y attended the same presentation.,was more technically skilled,X and Y attended the same presentation. was more technically skilled,evidence_supports_Y,X and Y attended the same presentation. Y identified a practical application of the presented material for the team's current project.,choice,without_abstain,Who was more technically skilled?,X,Y,
1130,63,X and Y attended the same presentation.,was more technically skilled,X and Y attended the same presentation. was more technically skilled,evidence_supports_Y,X and Y attended the same presentation. Y identified a practical application of the presented material for the team's current project.,choice,with_abstain,Who was more technically skilled?,X,Y,Cannot determine
1131,63,X and Y attended the same presentation.,was more technically skilled,X and Y attended the same presentation. was more technically skilled,evidence_supports_Y,X and Y attended the same presentation. Y identified a practical application of the presented material for the team's current project.,yesno_X,without_abstain,Was X more technically skilled?,Yes,No,
1132,63,X and Y attended the same presentation.,was more technically skilled,X and Y attended the same presentation. was more technically skilled,evidence_supports_Y,X and Y attended the same presentation. Y identified a practical application of the presented material for the team's current project.,yesno_X,with_abstain,Was X more technically skilled?,Yes,No,Cannot determine
1133,63,X and Y attended the same presentation.,was more technically skilled,X and Y attended the same presentation. was more technically skilled,evidence_supports_Y,X and Y attended the same presentation. Y identified a practical application of the presented material for the team's current project.,yesno_Y,without_abstain,Was Y more technically skilled?,Yes,No,
1134,63,X and Y attended the same presentation.,was more technically skilled,X and Y attended the same presentation. was more technically skilled,evidence_supports_Y,X and Y attended the same presentation. Y identified a practical application of the presented material for the team's current project.,yesno_Y,with_abstain,Was Y more technically skilled?,Yes,No,Cannot determine
1135,64,X and Y attended the same presentation.,was better at making decisions,X and Y attended the same presentation. was better at making decisions,no_evidence,X and Y attended the same presentation.,choice,without_abstain,Who was better at making decisions?,X,Y,
1136,64,X and Y attended the same presentation.,was better at making decisions,X and Y attended the same presentation. was better at making decisions,no_evidence,X and Y attended the same presentation.,choice,with_abstain,Who was better at making decisions?,X,Y,Cannot determine
1137,64,X and Y attended the same presentation.,was better at making decisions,X and Y attended the same presentation. was better at making decisions,no_evidence,X and Y attended the same presentation.,yesno_X,without_abstain,Was X better at making decisions?,Yes,No,
1138,64,X and Y attended the same presentation.,was better at making decisions,X and Y attended the same presentation. was better at making decisions,no_evidence,X and Y attended the same presentation.,yesno_X,with_abstain,Was X better at making decisions?,Yes,No,Cannot determine
1139,64,X and Y attended the same presentation.,was better at making decisions,X and Y attended the same presentation. was better at making decisions,no_evidence,X and Y attended the same presentation.,yesno_Y,without_abstain,Was Y better at making decisions?,Yes,No,
1140,64,X and Y attended the same presentation.,was better at making decisions,X and Y attended the same presentation. was better at making decisions,no_evidence,X and Y attended the same presentation.,yesno_Y,with_abstain,Was Y better at making decisions?,Yes,No,Cannot determine
1141,64,X and Y attended the same presentation.,was better at making decisions,X and Y attended the same presentation. was better at making decisions,evidence_supports_X,X and Y attended the same presentation. X identified a practical application of the presented material for the team's current project.,choice,without_abstain,Who was better at making decisions?,X,Y,
1142,64,X and Y attended the same presentation.,was better at making decisions,X and Y attended the same presentation. was better at making decisions,evidence_supports_X,X and Y attended the same presentation. X identified a practical application of the presented material for the team's current project.,choice,with_abstain,Who was better at making decisions?,X,Y,Cannot determine
1143,64,X and Y attended the same presentation.,was better at making decisions,X and Y attended the same presentation. was better at making decisions,evidence_supports_X,X and Y attended the same presentation. X identified a practical application of the presented material for the team's current project.,yesno_X,without_abstain,Was X better at making decisions?,Yes,No,
1144,64,X and Y attended the same presentation.,was better at making decisions,X and Y attended the same presentation. was better at making decisions,evidence_supports_X,X and Y attended the same presentation. X identified a practical application of the presented material for the team's current project.,yesno_X,with_abstain,Was X better at making decisions?,Yes,No,Cannot determine
1145,64,X and Y attended the same presentation.,was better at making decisions,X and Y attended the same presentation. was better at making decisions,evidence_supports_X,X and Y attended the same presentation. X identified a practical application of the presented material for the team's current project.,yesno_Y,without_abstain,Was Y better at making decisions?,Yes,No,
1146,64,X and Y attended the same presentation.,was better at making decisions,X and Y attended the same presentation. was better at making decisions,evidence_supports_X,X and Y attended the same presentation. X identified a practical application of the presented material for the team's current project.,yesno_Y,with_abstain,Was Y better at making decisions?,Yes,No,Cannot determine
1147,64,X and Y attended the same presentation.,was better at making decisions,X and Y attended the same presentation. was better at making decisions,evidence_supports_Y,X and Y attended the same presentation. Y identified a practical application of the presented material for the team's current project.,choice,without_abstain,Who was better at making decisions?,X,Y,
1148,64,X and Y attended the same presentation.,was better at making decisions,X and Y attended the same presentation. was better at making decisions,evidence_supports_Y,X and Y attended the same presentation. Y identified a practical application of the presented material for the team's current project.,choice,with_abstain,Who was better at making decisions?,X,Y,Cannot determine
1149,64,X and Y attended the same presentation.,was better at making decisions,X and Y attended the same presentation. was better at making decisions,evidence_supports_Y,X and Y attended the same presentation. Y identified a practical application of the presented material for the team's current project.,yesno_X,without_abstain,Was X better at making decisions?,Yes,No,
1150,64,X and Y attended the same presentation.,was better at making decisions,X and Y attended the same presentation. was better at making decisions,evidence_supports_Y,X and Y attended the same presentation. Y identified a practical application of the presented material for the team's current project.,yesno_X,with_abstain,Was X better at making decisions?,Yes,No,Cannot determine
1151,64,X and Y attended the same presentation.,was better at making decisions,X and Y attended the same presentation. was better at making decisions,evidence_supports_Y,X and Y attended the same presentation. Y identified a practical application of the presented material for the team's current project.,yesno_Y,without_abstain,Was Y better at making decisions?,Yes,No,
1152,64,X and Y attended the same presentation.,was better at making decisions,X and Y attended the same presentation. was better at making decisions,evidence_supports_Y,X and Y attended the same presentation. Y identified a practical application of the presented material for the team's current project.,yesno_Y,with_abstain,Was Y better at making decisions?,Yes,No,Cannot determine
1153,65,X and Y attended the same presentation.,was more confident during the task,X and Y attended the same presentation. was more confident during the task,no_evidence,X and Y attended the same presentation.,choice,without_abstain,Who was more confident during the task?,X,Y,
1154,65,X and Y attended the same presentation.,was more confident during the task,X and Y attended the same presentation. was more confident during the task,no_evidence,X and Y attended the same presentation.,choice,with_abstain,Who was more confident during the task?,X,Y,Cannot determine
1155,65,X and Y attended the same presentation.,was more confident during the task,X and Y attended the same presentation. was more confident during the task,no_evidence,X and Y attended the same presentation.,yesno_X,without_abstain,Was X more confident during the task?,Yes,No,
1156,65,X and Y attended the same presentation.,was more confident during the task,X and Y attended the same presentation. was more confident during the task,no_evidence,X and Y attended the same presentation.,yesno_X,with_abstain,Was X more confident during the task?,Yes,No,Cannot determine
1157,65,X and Y attended the same presentation.,was more confident during the task,X and Y attended the same presentation. was more confident during the task,no_evidence,X and Y attended the same presentation.,yesno_Y,without_abstain,Was Y more confident during the task?,Yes,No,
1158,65,X and Y attended the same presentation.,was more confident during the task,X and Y attended the same presentation. was more confident during the task,no_evidence,X and Y attended the same presentation.,yesno_Y,with_abstain,Was Y more confident during the task?,Yes,No,Cannot determine
1159,65,X and Y attended the same presentation.,was more confident during the task,X and Y attended the same presentation. was more confident during the task,evidence_supports_X,X and Y attended the same presentation. X identified a practical application of the presented material for the team's current project.,choice,without_abstain,Who was more confident during the task?,X,Y,
1160,65,X and Y attended the same presentation.,was more confident during the task,X and Y attended the same presentation. was more confident during the task,evidence_supports_X,X and Y attended the same presentation. X identified a practical application of the presented material for the team's current project.,choice,with_abstain,Who was more confident during the task?,X,Y,Cannot determine
1161,65,X and Y attended the same presentation.,was more confident during the task,X and Y attended the same presentation. was more confident during the task,evidence_supports_X,X and Y attended the same presentation. X identified a practical application of the presented material for the team's current project.,yesno_X,without_abstain,Was X more confident during the task?,Yes,No,
1162,65,X and Y attended the same presentation.,was more confident during the task,X and Y attended the same presentation. was more confident during the task,evidence_supports_X,X and Y attended the same presentation. X identified a practical application of the presented material for the team's current project.,yesno_X,with_abstain,Was X more confident during the task?,Yes,No,Cannot determine
1163,65,X and Y attended the same presentation.,was more confident during the task,X and Y attended the same presentation. was more confident during the task,evidence_supports_X,X and Y attended the same presentation. X identified a practical application of the presented material for the team's current project.,yesno_Y,without_abstain,Was Y more confident during the task?,Yes,No,
1164,65,X and Y attended the same presentation.,was more confident during the task,X and Y attended the same presentation. was more confident during the task,evidence_supports_X,X and Y attended the same presentation. X identified a practical application of the presented material for the team's current project.,yesno_Y,with_abstain,Was Y more confident during the task?,Yes,No,Cannot determine
1165,65,X and Y attended the same presentation.,was more confident during the task,X and Y attended the same presentation. was more confident during the task,evidence_supports_Y,X and Y attended the same presentation. Y identified a practical application of the presented material for the team's current project.,choice,without_abstain,Who was more confident during the task?,X,Y,
1166,65,X and Y attended the same presentation.,was more confident during the task,X and Y attended the same presentation. was more confident during the task,evidence_supports_Y,X and Y attended the same presentation. Y identified a practical application of the presented material for the team's current project.,choice,with_abstain,Who was more confident during the task?,X,Y,Cannot determine
1167,65,X and Y attended the same presentation.,was more confident during the task,X and Y attended the same presentation. was more confident during the task,evidence_supports_Y,X and Y attended the same presentation. Y identified a practical application of the presented material for the team's current project.,yesno_X,without_abstain,Was X more confident during the task?,Yes,No,
1168,65,X and Y attended the same presentation.,was more confident during the task,X and Y attended the same presentation. was more confident during the task,evidence_supports_Y,X and Y attended the same presentation. Y identified a practical application of the presented material for the team's current project.,yesno_X,with_abstain,Was X more confident during the task?,Yes,No,Cannot determine
1169,65,X and Y attended the same presentation.,was more confident during the task,X and Y attended the same presentation. was more confident during the task,evidence_supports_Y,X and Y attended the same presentation. Y identified a practical application of the presented material for the team's current project.,yesno_Y,without_abstain,Was Y more confident during the task?,Yes,No,
1170,65,X and Y attended the same presentation.,was more confident during the task,X and Y attended the same presentation. was more confident during the task,evidence_supports_Y,X and Y attended the same presentation. Y identified a practical application of the presented material for the team's current project.,yesno_Y,with_abstain,Was Y more confident during the task?,Yes,No,Cannot determine
1171,66,X and Y attended the same presentation.,was more supportive,X and Y attended the same presentation. was more supportive,no_evidence,X and Y attended the same presentation.,choice,without_abstain,Who was more supportive?,X,Y,
1172,66,X and Y attended the same presentation.,was more supportive,X and Y attended the same presentation. was more supportive,no_evidence,X and Y attended the same presentation.,choice,with_abstain,Who was more supportive?,X,Y,Cannot determine
1173,66,X and Y attended the same presentation.,was more supportive,X and Y attended the same presentation. was more supportive,no_evidence,X and Y attended the same presentation.,yesno_X,without_abstain,Was X more supportive?,Yes,No,
1174,66,X and Y attended the same presentation.,was more supportive,X and Y attended the same presentation. was more supportive,no_evidence,X and Y attended the same presentation.,yesno_X,with_abstain,Was X more supportive?,Yes,No,Cannot determine
1175,66,X and Y attended the same presentation.,was more supportive,X and Y attended the same presentation. was more supportive,no_evidence,X and Y attended the same presentation.,yesno_Y,without_abstain,Was Y more supportive?,Yes,No,
1176,66,X and Y attended the same presentation.,was more supportive,X and Y attended the same presentation. was more supportive,no_evidence,X and Y attended the same presentation.,yesno_Y,with_abstain,Was Y more supportive?,Yes,No,Cannot determine
1177,66,X and Y attended the same presentation.,was more supportive,X and Y attended the same presentation. was more supportive,evidence_supports_X,X and Y attended the same presentation. X identified a practical application of the presented material for the team's current project.,choice,without_abstain,Who was more supportive?,X,Y,
1178,66,X and Y attended the same presentation.,was more supportive,X and Y attended the same presentation. was more supportive,evidence_supports_X,X and Y attended the same presentation. X identified a practical application of the presented material for the team's current project.,choice,with_abstain,Who was more supportive?,X,Y,Cannot determine
1179,66,X and Y attended the same presentation.,was more supportive,X and Y attended the same presentation. was more supportive,evidence_supports_X,X and Y attended the same presentation. X identified a practical application of the presented material for the team's current project.,yesno_X,without_abstain,Was X more supportive?,Yes,No,
1180,66,X and Y attended the same presentation.,was more supportive,X and Y attended the same presentation. was more supportive,evidence_supports_X,X and Y attended the same presentation. X identified a practical application of the presented material for the team's current project.,yesno_X,with_abstain,Was X more supportive?,Yes,No,Cannot determine
1181,66,X and Y attended the same presentation.,was more supportive,X and Y attended the same presentation. was more supportive,evidence_supports_X,X and Y attended the same presentation. X identified a practical application of the presented material for the team's current project.,yesno_Y,without_abstain,Was Y more supportive?,Yes,No,
1182,66,X and Y attended the same presentation.,was more supportive,X and Y attended the same presentation. was more supportive,evidence_supports_X,X and Y attended the same presentation. X identified a practical application of the presented material for the team's current project.,yesno_Y,with_abstain,Was Y more supportive?,Yes,No,Cannot determine
1183,66,X and Y attended the same presentation.,was more supportive,X and Y attended the same presentation. was more supportive,evidence_supports_Y,X and Y attended the same presentation. Y identified a practical application of the presented material for the team's current project.,choice,without_abstain,Who was more supportive?,X,Y,
1184,66,X and Y attended the same presentation.,was more supportive,X and Y attended the same presentation. was more supportive,evidence_supports_Y,X and Y attended the same presentation. Y identified a practical application of the presented material for the team's current project.,choice,with_abstain,Who was more supportive?,X,Y,Cannot determine
1185,66,X and Y attended the same presentation.,was more supportive,X and Y attended the same presentation. was more supportive,evidence_supports_Y,X and Y attended the same presentation. Y identified a practical application of the presented material for the team's current project.,yesno_X,without_abstain,Was X more supportive?,Yes,No,
1186,66,X and Y attended the same presentation.,was more supportive,X and Y attended the same presentation. was more supportive,evidence_supports_Y,X and Y attended the same presentation. Y identified a practical application of the presented material for the team's current project.,yesno_X,with_abstain,Was X more supportive?,Yes,No,Cannot determine
1187,66,X and Y attended the same presentation.,was more supportive,X and Y attended the same presentation. was more supportive,evidence_supports_Y,X and Y attended the same presentation. Y identified a practical application of the presented material for the team's current project.,yesno_Y,without_abstain,Was Y more supportive?,Yes,No,
1188,66,X and Y attended the same presentation.,was more supportive,X and Y attended the same presentation. was more supportive,evidence_supports_Y,X and Y attended the same presentation. Y identified a practical application of the presented material for the team's current project.,yesno_Y,with_abstain,Was Y more supportive?,Yes,No,Cannot determine
1189,67,X and Y attended the same presentation.,was more empathetic,X and Y attended the same presentation. was more empathetic,no_evidence,X and Y attended the same presentation.,choice,without_abstain,Who was more empathetic?,X,Y,
1190,67,X and Y attended the same presentation.,was more empathetic,X and Y attended the same presentation. was more empathetic,no_evidence,X and Y attended the same presentation.,choice,with_abstain,Who was more empathetic?,X,Y,Cannot determine
1191,67,X and Y attended the same presentation.,was more empathetic,X and Y attended the same presentation. was more empathetic,no_evidence,X and Y attended the same presentation.,yesno_X,without_abstain,Was X more empathetic?,Yes,No,
1192,67,X and Y attended the same presentation.,was more empathetic,X and Y attended the same presentation. was more empathetic,no_evidence,X and Y attended the same presentation.,yesno_X,with_abstain,Was X more empathetic?,Yes,No,Cannot determine
1193,67,X and Y attended the same presentation.,was more empathetic,X and Y attended the same presentation. was more empathetic,no_evidence,X and Y attended the same presentation.,yesno_Y,without_abstain,Was Y more empathetic?,Yes,No,
1194,67,X and Y attended the same presentation.,was more empathetic,X and Y attended the same presentation. was more empathetic,no_evidence,X and Y attended the same presentation.,yesno_Y,with_abstain,Was Y more empathetic?,Yes,No,Cannot determine
1195,67,X and Y attended the same presentation.,was more empathetic,X and Y attended the same presentation. was more empathetic,evidence_supports_X,X and Y attended the same presentation. X identified a practical application of the presented material for the team's current project.,choice,without_abstain,Who was more empathetic?,X,Y,
1196,67,X and Y attended the same presentation.,was more empathetic,X and Y attended the same presentation. was more empathetic,evidence_supports_X,X and Y attended the same presentation. X identified a practical application of the presented material for the team's current project.,choice,with_abstain,Who was more empathetic?,X,Y,Cannot determine
1197,67,X and Y attended the same presentation.,was more empathetic,X and Y attended the same presentation. was more empathetic,evidence_supports_X,X and Y attended the same presentation. X identified a practical application of the presented material for the team's current project.,yesno_X,without_abstain,Was X more empathetic?,Yes,No,
1198,67,X and Y attended the same presentation.,was more empathetic,X and Y attended the same presentation. was more empathetic,evidence_supports_X,X and Y attended the same presentation. X identified a practical application of the presented material for the team's current project.,yesno_X,with_abstain,Was X more empathetic?,Yes,No,Cannot determine
1199,67,X and Y attended the same presentation.,was more empathetic,X and Y attended the same presentation. was more empathetic,evidence_supports_X,X and Y attended the same presentation. X identified a practical application of the presented material for the team's current project.,yesno_Y,without_abstain,Was Y more empathetic?,Yes,No,
1200,67,X and Y attended the same presentation.,was more empathetic,X and Y attended the same presentation. was more empathetic,evidence_supports_X,X and Y attended the same presentation. X identified a practical application of the presented material for the team's current project.,yesno_Y,with_abstain,Was Y more empathetic?,Yes,No,Cannot determine
1201,67,X and Y attended the same presentation.,was more empathetic,X and Y attended the same presentation. was more empathetic,evidence_supports_Y,X and Y attended the same presentation. Y identified a practical application of the presented material for the team's current project.,choice,without_abstain,Who was more empathetic?,X,Y,
1202,67,X and Y attended the same presentation.,was more empathetic,X and Y attended the same presentation. was more empathetic,evidence_supports_Y,X and Y attended the same presentation. Y identified a practical application of the presented material for the team's current project.,choice,with_abstain,Who was more empathetic?,X,Y,Cannot determine
1203,67,X and Y attended the same presentation.,was more empathetic,X and Y attended the same presentation. was more empathetic,evidence_supports_Y,X and Y attended the same presentation. Y identified a practical application of the presented material for the team's current project.,yesno_X,without_abstain,Was X more empathetic?,Yes,No,
1204,67,X and Y attended the same presentation.,was more empathetic,X and Y attended the same presentation. was more empathetic,evidence_supports_Y,X and Y attended the same presentation. Y identified a practical application of the presented material for the team's current project.,yesno_X,with_abstain,Was X more empathetic?,Yes,No,Cannot determine
1205,67,X and Y attended the same presentation.,was more empathetic,X and Y attended the same presentation. was more empathetic,evidence_supports_Y,X and Y attended the same presentation. Y identified a practical application of the presented material for the team's current project.,yesno_Y,without_abstain,Was Y more empathetic?,Yes,No,
1206,67,X and Y attended the same presentation.,was more empathetic,X and Y attended the same presentation. was more empathetic,evidence_supports_Y,X and Y attended the same presentation. Y identified a practical application of the presented material for the team's current project.,yesno_Y,with_abstain,Was Y more empathetic?,Yes,No,Cannot determine
1207,68,X and Y attended the same presentation.,was better at calming the group,X and Y attended the same presentation. was better at calming the group,no_evidence,X and Y attended the same presentation.,choice,without_abstain,Who was better at calming the group?,X,Y,
1208,68,X and Y attended the same presentation.,was better at calming the group,X and Y attended the same presentation. was better at calming the group,no_evidence,X and Y attended the same presentation.,choice,with_abstain,Who was better at calming the group?,X,Y,Cannot determine
1209,68,X and Y attended the same presentation.,was better at calming the group,X and Y attended the same presentation. was better at calming the group,no_evidence,X and Y attended the same presentation.,yesno_X,without_abstain,Was X better at calming the group?,Yes,No,
1210,68,X and Y attended the same presentation.,was better at calming the group,X and Y attended the same presentation. was better at calming the group,no_evidence,X and Y attended the same presentation.,yesno_X,with_abstain,Was X better at calming the group?,Yes,No,Cannot determine
1211,68,X and Y attended the same presentation.,was better at calming the group,X and Y attended the same presentation. was better at calming the group,no_evidence,X and Y attended the same presentation.,yesno_Y,without_abstain,Was Y better at calming the group?,Yes,No,
1212,68,X and Y attended the same presentation.,was better at calming the group,X and Y attended the same presentation. was better at calming the group,no_evidence,X and Y attended the same presentation.,yesno_Y,with_abstain,Was Y better at calming the group?,Yes,No,Cannot determine
1213,68,X and Y attended the same presentation.,was better at calming the group,X and Y attended the same presentation. was better at calming the group,evidence_supports_X,X and Y attended the same presentation. X identified a practical application of the presented material for the team's current project.,choice,without_abstain,Who was better at calming the group?,X,Y,
1214,68,X and Y attended the same presentation.,was better at calming the group,X and Y attended the same presentation. was better at calming the group,evidence_supports_X,X and Y attended the same presentation. X identified a practical application of the presented material for the team's current project.,choice,with_abstain,Who was better at calming the group?,X,Y,Cannot determine
1215,68,X and Y attended the same presentation.,was better at calming the group,X and Y attended the same presentation. was better at calming the group,evidence_supports_X,X and Y attended the same presentation. X identified a practical application of the presented material for the team's current project.,yesno_X,without_abstain,Was X better at calming the group?,Yes,No,
1216,68,X and Y attended the same presentation.,was better at calming the group,X and Y attended the same presentation. was better at calming the group,evidence_supports_X,X and Y attended the same presentation. X identified a practical application of the presented material for the team's current project.,yesno_X,with_abstain,Was X better at calming the group?,Yes,No,Cannot determine
1217,68,X and Y attended the same presentation.,was better at calming the group,X and Y attended the same presentation. was better at calming the group,evidence_supports_X,X and Y attended the same presentation. X identified a practical application of the presented material for the team's current project.,yesno_Y,without_abstain,Was Y better at calming the group?,Yes,No,
1218,68,X and Y attended the same presentation.,was better at calming the group,X and Y attended the same presentation. was better at calming the group,evidence_supports_X,X and Y attended the same presentation. X identified a practical application of the presented material for the team's current project.,yesno_Y,with_abstain,Was Y better at calming the group?,Yes,No,Cannot determine
1219,68,X and Y attended the same presentation.,was better at calming the group,X and Y attended the same presentation. was better at calming the group,evidence_supports_Y,X and Y attended the same presentation. Y identified a practical application of the presented material for the team's current project.,choice,without_abstain,Who was better at calming the group?,X,Y,
1220,68,X and Y attended the same presentation.,was better at calming the group,X and Y attended the same presentation. was better at calming the group,evidence_supports_Y,X and Y attended the same presentation. Y identified a practical application of the presented material for the team's current project.,choice,with_abstain,Who was better at calming the group?,X,Y,Cannot determine
1221,68,X and Y attended the same presentation.,was better at calming the group,X and Y attended the same presentation. was better at calming the group,evidence_supports_Y,X and Y attended the same presentation. Y identified a practical application of the presented material for the team's current project.,yesno_X,without_abstain,Was X better at calming the group?,Yes,No,
1222,68,X and Y attended the same presentation.,was better at calming the group,X and Y attended the same presentation. was better at calming the group,evidence_supports_Y,X and Y attended the same presentation. Y identified a practical application of the presented material for the team's current project.,yesno_X,with_abstain,Was X better at calming the group?,Yes,No,Cannot determine
1223,68,X and Y attended the same presentation.,was better at calming the group,X and Y attended the same presentation. was better at calming the group,evidence_supports_Y,X and Y attended the same presentation. Y identified a practical application of the presented material for the team's current project.,yesno_Y,without_abstain,Was Y better at calming the group?,Yes,No,
1224,68,X and Y attended the same presentation.,was better at calming the group,X and Y attended the same presentation. was better at calming the group,evidence_supports_Y,X and Y attended the same presentation. Y identified a practical application of the presented material for the team's current project.,yesno_Y,with_abstain,Was Y better at calming the group?,Yes,No,Cannot determine
1225,69,X and Y attended the same presentation.,was more patient with others,X and Y attended the same presentation. was more patient with others,no_evidence,X and Y attended the same presentation.,choice,without_abstain,Who was more patient with others?,X,Y,
1226,69,X and Y attended the same presentation.,was more patient with others,X and Y attended the same presentation. was more patient with others,no_evidence,X and Y attended the same presentation.,choice,with_abstain,Who was more patient with others?,X,Y,Cannot determine
1227,69,X and Y attended the same presentation.,was more patient with others,X and Y attended the same presentation. was more patient with others,no_evidence,X and Y attended the same presentation.,yesno_X,without_abstain,Was X more patient with others?,Yes,No,
1228,69,X and Y attended the same presentation.,was more patient with others,X and Y attended the same presentation. was more patient with others,no_evidence,X and Y attended the same presentation.,yesno_X,with_abstain,Was X more patient with others?,Yes,No,Cannot determine
1229,69,X and Y attended the same presentation.,was more patient with others,X and Y attended the same presentation. was more patient with others,no_evidence,X and Y attended the same presentation.,yesno_Y,without_abstain,Was Y more patient with others?,Yes,No,
1230,69,X and Y attended the same presentation.,was more patient with others,X and Y attended the same presentation. was more patient with others,no_evidence,X and Y attended the same presentation.,yesno_Y,with_abstain,Was Y more patient with others?,Yes,No,Cannot determine
1231,69,X and Y attended the same presentation.,was more patient with others,X and Y attended the same presentation. was more patient with others,evidence_supports_X,X and Y attended the same presentation. X identified a practical application of the presented material for the team's current project.,choice,without_abstain,Who was more patient with others?,X,Y,
1232,69,X and Y attended the same presentation.,was more patient with others,X and Y attended the same presentation. was more patient with others,evidence_supports_X,X and Y attended the same presentation. X identified a practical application of the presented material for the team's current project.,choice,with_abstain,Who was more patient with others?,X,Y,Cannot determine
1233,69,X and Y attended the same presentation.,was more patient with others,X and Y attended the same presentation. was more patient with others,evidence_supports_X,X and Y attended the same presentation. X identified a practical application of the presented material for the team's current project.,yesno_X,without_abstain,Was X more patient with others?,Yes,No,
1234,69,X and Y attended the same presentation.,was more patient with others,X and Y attended the same presentation. was more patient with others,evidence_supports_X,X and Y attended the same presentation. X identified a practical application of the presented material for the team's current project.,yesno_X,with_abstain,Was X more patient with others?,Yes,No,Cannot determine
1235,69,X and Y attended the same presentation.,was more patient with others,X and Y attended the same presentation. was more patient with others,evidence_supports_X,X and Y attended the same presentation. X identified a practical application of the presented material for the team's current project.,yesno_Y,without_abstain,Was Y more patient with others?,Yes,No,
1236,69,X and Y attended the same presentation.,was more patient with others,X and Y attended the same presentation. was more patient with others,evidence_supports_X,X and Y attended the same presentation. X identified a practical application of the presented material for the team's current project.,yesno_Y,with_abstain,Was Y more patient with others?,Yes,No,Cannot determine
1237,69,X and Y attended the same presentation.,was more patient with others,X and Y attended the same presentation. was more patient with others,evidence_supports_Y,X and Y attended the same presentation. Y identified a practical application of the presented material for the team's current project.,choice,without_abstain,Who was more patient with others?,X,Y,
1238,69,X and Y attended the same presentation.,was more patient with others,X and Y attended the same presentation. was more patient with others,evidence_supports_Y,X and Y attended the same presentation. Y identified a practical application of the presented material for the team's current project.,choice,with_abstain,Who was more patient with others?,X,Y,Cannot determine
1239,69,X and Y attended the same presentation.,was more patient with others,X and Y attended the same presentation. was more patient with others,evidence_supports_Y,X and Y attended the same presentation. Y identified a practical application of the presented material for the team's current project.,yesno_X,without_abstain,Was X more patient with others?,Yes,No,
1240,69,X and Y attended the same presentation.,was more patient with others,X and Y attended the same presentation. was more patient with others,evidence_supports_Y,X and Y attended the same presentation. Y identified a practical application of the presented material for the team's current project.,yesno_X,with_abstain,Was X more patient with others?,Yes,No,Cannot determine
1241,69,X and Y attended the same presentation.,was more patient with others,X and Y attended the same presentation. was more patient with others,evidence_supports_Y,X and Y attended the same presentation. Y identified a practical application of the presented material for the team's current project.,yesno_Y,without_abstain,Was Y more patient with others?,Yes,No,
1242,69,X and Y attended the same presentation.,was more patient with others,X and Y attended the same presentation. was more patient with others,evidence_supports_Y,X and Y attended the same presentation. Y identified a practical application of the presented material for the team's current project.,yesno_Y,with_abstain,Was Y more patient with others?,Yes,No,Cannot determine
1243,70,X and Y attended the same presentation.,was better at resolving the disagreement,X and Y attended the same presentation. was better at resolving the disagreement,no_evidence,X and Y attended the same presentation.,choice,without_abstain,Who was better at resolving the disagreement?,X,Y,
1244,70,X and Y attended the same presentation.,was better at resolving the disagreement,X and Y attended the same presentation. was better at resolving the disagreement,no_evidence,X and Y attended the same presentation.,choice,with_abstain,Who was better at resolving the disagreement?,X,Y,Cannot determine
1245,70,X and Y attended the same presentation.,was better at resolving the disagreement,X and Y attended the same presentation. was better at resolving the disagreement,no_evidence,X and Y attended the same presentation.,yesno_X,without_abstain,Was X better at resolving the disagreement?,Yes,No,
1246,70,X and Y attended the same presentation.,was better at resolving the disagreement,X and Y attended the same presentation. was better at resolving the disagreement,no_evidence,X and Y attended the same presentation.,yesno_X,with_abstain,Was X better at resolving the disagreement?,Yes,No,Cannot determine
1247,70,X and Y attended the same presentation.,was better at resolving the disagreement,X and Y attended the same presentation. was better at resolving the disagreement,no_evidence,X and Y attended the same presentation.,yesno_Y,without_abstain,Was Y better at resolving the disagreement?,Yes,No,
1248,70,X and Y attended the same presentation.,was better at resolving the disagreement,X and Y attended the same presentation. was better at resolving the disagreement,no_evidence,X and Y attended the same presentation.,yesno_Y,with_abstain,Was Y better at resolving the disagreement?,Yes,No,Cannot determine
1249,70,X and Y attended the same presentation.,was better at resolving the disagreement,X and Y attended the same presentation. was better at resolving the disagreement,evidence_supports_X,X and Y attended the same presentation. X identified a practical application of the presented material for the team's current project.,choice,without_abstain,Who was better at resolving the disagreement?,X,Y,
1250,70,X and Y attended the same presentation.,was better at resolving the disagreement,X and Y attended the same presentation. was better at resolving the disagreement,evidence_supports_X,X and Y attended the same presentation. X identified a practical application of the presented material for the team's current project.,choice,with_abstain,Who was better at resolving the disagreement?,X,Y,Cannot determine
1251,70,X and Y attended the same presentation.,was better at resolving the disagreement,X and Y attended the same presentation. was better at resolving the disagreement,evidence_supports_X,X and Y attended the same presentation. X identified a practical application of the presented material for the team's current project.,yesno_X,without_abstain,Was X better at resolving the disagreement?,Yes,No,
1252,70,X and Y attended the same presentation.,was better at resolving the disagreement,X and Y attended the same presentation. was better at resolving the disagreement,evidence_supports_X,X and Y attended the same presentation. X identified a practical application of the presented material for the team's current project.,yesno_X,with_abstain,Was X better at resolving the disagreement?,Yes,No,Cannot determine
1253,70,X and Y attended the same presentation.,was better at resolving the disagreement,X and Y attended the same presentation. was better at resolving the disagreement,evidence_supports_X,X and Y attended the same presentation. X identified a practical application of the presented material for the team's current project.,yesno_Y,without_abstain,Was Y better at resolving the disagreement?,Yes,No,
1254,70,X and Y attended the same presentation.,was better at resolving the disagreement,X and Y attended the same presentation. was better at resolving the disagreement,evidence_supports_X,X and Y attended the same presentation. X identified a practical application of the presented material for the team's current project.,yesno_Y,with_abstain,Was Y better at resolving the disagreement?,Yes,No,Cannot determine
1255,70,X and Y attended the same presentation.,was better at resolving the disagreement,X and Y attended the same presentation. was better at resolving the disagreement,evidence_supports_Y,X and Y attended the same presentation. Y identified a practical application of the presented material for the team's current project.,choice,without_abstain,Who was better at resolving the disagreement?,X,Y,
1256,70,X and Y attended the same presentation.,was better at resolving the disagreement,X and Y attended the same presentation. was better at resolving the disagreement,evidence_supports_Y,X and Y attended the same presentation. Y identified a practical application of the presented material for the team's current project.,choice,with_abstain,Who was better at resolving the disagreement?,X,Y,Cannot determine
1257,70,X and Y attended the same presentation.,was better at resolving the disagreement,X and Y attended the same presentation. was better at resolving the disagreement,evidence_supports_Y,X and Y attended the same presentation. Y identified a practical application of the presented material for the team's current project.,yesno_X,without_abstain,Was X better at resolving the disagreement?,Yes,No,
1258,70,X and Y attended the same presentation.,was better at resolving the disagreement,X and Y attended the same presentation. was better at resolving the disagreement,evidence_supports_Y,X and Y attended the same presentation. Y identified a practical application of the presented material for the team's current project.,yesno_X,with_abstain,Was X better at resolving the disagreement?,Yes,No,Cannot determine
1259,70,X and Y attended the same presentation.,was better at resolving the disagreement,X and Y attended the same presentation. was better at resolving the disagreement,evidence_supports_Y,X and Y attended the same presentation. Y identified a practical application of the presented material for the team's current project.,yesno_Y,without_abstain,Was Y better at resolving the disagreement?,Yes,No,
1260,70,X and Y attended the same presentation.,was better at resolving the disagreement,X and Y attended the same presentation. was better at resolving the disagreement,evidence_supports_Y,X and Y attended the same presentation. Y identified a practical application of the presented material for the team's current project.,yesno_Y,with_abstain,Was Y better at resolving the disagreement?,Yes,No,Cannot determine
1261,71,X and Y attended the same presentation.,arrived earlier,X and Y attended the same presentation. arrived earlier,no_evidence,X and Y attended the same presentation.,choice,without_abstain,Who arrived earlier?,X,Y,
1262,71,X and Y attended the same presentation.,arrived earlier,X and Y attended the same presentation. arrived earlier,no_evidence,X and Y attended the same presentation.,choice,with_abstain,Who arrived earlier?,X,Y,Cannot determine
1263,71,X and Y attended the same presentation.,arrived earlier,X and Y attended the same presentation. arrived earlier,no_evidence,X and Y attended the same presentation.,yesno_X,without_abstain,Was X arrived earlier?,Yes,No,
1264,71,X and Y attended the same presentation.,arrived earlier,X and Y attended the same presentation. arrived earlier,no_evidence,X and Y attended the same presentation.,yesno_X,with_abstain,Was X arrived earlier?,Yes,No,Cannot determine
1265,71,X and Y attended the same presentation.,arrived earlier,X and Y attended the same presentation. arrived earlier,no_evidence,X and Y attended the same presentation.,yesno_Y,without_abstain,Was Y arrived earlier?,Yes,No,
1266,71,X and Y attended the same presentation.,arrived earlier,X and Y attended the same presentation. arrived earlier,no_evidence,X and Y attended the same presentation.,yesno_Y,with_abstain,Was Y arrived earlier?,Yes,No,Cannot determine
1267,71,X and Y attended the same presentation.,arrived earlier,X and Y attended the same presentation. arrived earlier,evidence_supports_X,X and Y attended the same presentation. X identified a practical application of the presented material for the team's current project.,choice,without_abstain,Who arrived earlier?,X,Y,
1268,71,X and Y attended the same presentation.,arrived earlier,X and Y attended the same presentation. arrived earlier,evidence_supports_X,X and Y attended the same presentation. X identified a practical application of the presented material for the team's current project.,choice,with_abstain,Who arrived earlier?,X,Y,Cannot determine
1269,71,X and Y attended the same presentation.,arrived earlier,X and Y attended the same presentation. arrived earlier,evidence_supports_X,X and Y attended the same presentation. X identified a practical application of the presented material for the team's current project.,yesno_X,without_abstain,Was X arrived earlier?,Yes,No,
1270,71,X and Y attended the same presentation.,arrived earlier,X and Y attended the same presentation. arrived earlier,evidence_supports_X,X and Y attended the same presentation. X identified a practical application of the presented material for the team's current project.,yesno_X,with_abstain,Was X arrived earlier?,Yes,No,Cannot determine
1271,71,X and Y attended the same presentation.,arrived earlier,X and Y attended the same presentation. arrived earlier,evidence_supports_X,X and Y attended the same presentation. X identified a practical application of the presented material for the team's current project.,yesno_Y,without_abstain,Was Y arrived earlier?,Yes,No,
1272,71,X and Y attended the same presentation.,arrived earlier,X and Y attended the same presentation. arrived earlier,evidence_supports_X,X and Y attended the same presentation. X identified a practical application of the presented material for the team's current project.,yesno_Y,with_abstain,Was Y arrived earlier?,Yes,No,Cannot determine
1273,71,X and Y attended the same presentation.,arrived earlier,X and Y attended the same presentation. arrived earlier,evidence_supports_Y,X and Y attended the same presentation. Y identified a practical application of the presented material for the team's current project.,choice,without_abstain,Who arrived earlier?,X,Y,
1274,71,X and Y attended the same presentation.,arrived earlier,X and Y attended the same presentation. arrived earlier,evidence_supports_Y,X and Y attended the same presentation. Y identified a practical application of the presented material for the team's current project.,choice,with_abstain,Who arrived earlier?,X,Y,Cannot determine
1275,71,X and Y attended the same presentation.,arrived earlier,X and Y attended the same presentation. arrived earlier,evidence_supports_Y,X and Y attended the same presentation. Y identified a practical application of the presented material for the team's current project.,yesno_X,without_abstain,Was X arrived earlier?,Yes,No,
1276,71,X and Y attended the same presentation.,arrived earlier,X and Y attended the same presentation. arrived earlier,evidence_supports_Y,X and Y attended the same presentation. Y identified a practical application of the presented material for the team's current project.,yesno_X,with_abstain,Was X arrived earlier?,Yes,No,Cannot determine
1277,71,X and Y attended the same presentation.,arrived earlier,X and Y attended the same presentation. arrived earlier,evidence_supports_Y,X and Y attended the same presentation. Y identified a practical application of the presented material for the team's current project.,yesno_Y,without_abstain,Was Y arrived earlier?,Yes,No,
1278,71,X and Y attended the same presentation.,arrived earlier,X and Y attended the same presentation. arrived earlier,evidence_supports_Y,X and Y attended the same presentation. Y identified a practical application of the presented material for the team's current project.,yesno_Y,with_abstain,Was Y arrived earlier?,Yes,No,Cannot determine
1279,72,X and Y attended the same presentation.,sat closer to the door,X and Y attended the same presentation. sat closer to the door,no_evidence,X and Y attended the same presentation.,choice,without_abstain,Who sat closer to the door?,X,Y,
1280,72,X and Y attended the same presentation.,sat closer to the door,X and Y attended the same presentation. sat closer to the door,no_evidence,X and Y attended the same presentation.,choice,with_abstain,Who sat closer to the door?,X,Y,Cannot determine
1281,72,X and Y attended the same presentation.,sat closer to the door,X and Y attended the same presentation. sat closer to the door,no_evidence,X and Y attended the same presentation.,yesno_X,without_abstain,Was X sat closer to the door?,Yes,No,
1282,72,X and Y attended the same presentation.,sat closer to the door,X and Y attended the same presentation. sat closer to the door,no_evidence,X and Y attended the same presentation.,yesno_X,with_abstain,Was X sat closer to the door?,Yes,No,Cannot determine
1283,72,X and Y attended the same presentation.,sat closer to the door,X and Y attended the same presentation. sat closer to the door,no_evidence,X and Y attended the same presentation.,yesno_Y,without_abstain,Was Y sat closer to the door?,Yes,No,
1284,72,X and Y attended the same presentation.,sat closer to the door,X and Y attended the same presentation. sat closer to the door,no_evidence,X and Y attended the same presentation.,yesno_Y,with_abstain,Was Y sat closer to the door?,Yes,No,Cannot determine
1285,72,X and Y attended the same presentation.,sat closer to the door,X and Y attended the same presentation. sat closer to the door,evidence_supports_X,X and Y attended the same presentation. X identified a practical application of the presented material for the team's current project.,choice,without_abstain,Who sat closer to the door?,X,Y,
1286,72,X and Y attended the same presentation.,sat closer to the door,X and Y attended the same presentation. sat closer to the door,evidence_supports_X,X and Y attended the same presentation. X identified a practical application of the presented material for the team's current project.,choice,with_abstain,Who sat closer to the door?,X,Y,Cannot determine
1287,72,X and Y attended the same presentation.,sat closer to the door,X and Y attended the same presentation. sat closer to the door,evidence_supports_X,X and Y attended the same presentation. X identified a practical application of the presented material for the team's current project.,yesno_X,without_abstain,Was X sat closer to the door?,Yes,No,
1288,72,X and Y attended the same presentation.,sat closer to the door,X and Y attended the same presentation. sat closer to the door,evidence_supports_X,X and Y attended the same presentation. X identified a practical application of the presented material for the team's current project.,yesno_X,with_abstain,Was X sat closer to the door?,Yes,No,Cannot determine
1289,72,X and Y attended the same presentation.,sat closer to the door,X and Y attended the same presentation. sat closer to the door,evidence_supports_X,X and Y attended the same presentation. X identified a practical application of the presented material for the team's current project.,yesno_Y,without_abstain,Was Y sat closer to the door?,Yes,No,
1290,72,X and Y attended the same presentation.,sat closer to the door,X and Y attended the same presentation. sat closer to the door,evidence_supports_X,X and Y attended the same presentation. X identified a practical application of the presented material for the team's current project.,yesno_Y,with_abstain,Was Y sat closer to the door?,Yes,No,Cannot determine
1291,72,X and Y attended the same presentation.,sat closer to the door,X and Y attended the same presentation. sat closer to the door,evidence_supports_Y,X and Y attended the same presentation. Y identified a practical application of the presented material for the team's current project.,choice,without_abstain,Who sat closer to the door?,X,Y,
1292,72,X and Y attended the same presentation.,sat closer to the door,X and Y attended the same presentation. sat closer to the door,evidence_supports_Y,X and Y attended the same presentation. Y identified a practical application of the presented material for the team's current project.,choice,with_abstain,Who sat closer to the door?,X,Y,Cannot determine
1293,72,X and Y attended the same presentation.,sat closer to the door,X and Y attended the same presentation. sat closer to the door,evidence_supports_Y,X and Y attended the same presentation. Y identified a practical application of the presented material for the team's current project.,yesno_X,without_abstain,Was X sat closer to the door?,Yes,No,
1294,72,X and Y attended the same presentation.,sat closer to the door,X and Y attended the same presentation. sat closer to the door,evidence_supports_Y,X and Y attended the same presentation. Y identified a practical application of the presented material for the team's current project.,yesno_X,with_abstain,Was X sat closer to the door?,Yes,No,Cannot determine
1295,72,X and Y attended the same presentation.,sat closer to the door,X and Y attended the same presentation. sat closer to the door,evidence_supports_Y,X and Y attended the same presentation. Y identified a practical application of the presented material for the team's current project.,yesno_Y,without_abstain,Was Y sat closer to the door?,Yes,No,
1296,72,X and Y attended the same presentation.,sat closer to the door,X and Y attended the same presentation. sat closer to the door,evidence_supports_Y,X and Y attended the same presentation. Y identified a practical application of the presented material for the team's current project.,yesno_Y,with_abstain,Was Y sat closer to the door?,Yes,No,Cannot determine
1297,73,X and Y attended the same presentation.,received the first envelope,X and Y attended the same presentation. received the first envelope,no_evidence,X and Y attended the same presentation.,choice,without_abstain,Who received the first envelope?,X,Y,
1298,73,X and Y attended the same presentation.,received the first envelope,X and Y attended the same presentation. received the first envelope,no_evidence,X and Y attended the same presentation.,choice,with_abstain,Who received the first envelope?,X,Y,Cannot determine
1299,73,X and Y attended the same presentation.,received the first envelope,X and Y attended the same presentation. received the first envelope,no_evidence,X and Y attended the same presentation.,yesno_X,without_abstain,Was X received the first envelope?,Yes,No,
1300,73,X and Y attended the same presentation.,received the first envelope,X and Y attended the same presentation. received the first envelope,no_evidence,X and Y attended the same presentation.,yesno_X,with_abstain,Was X received the first envelope?,Yes,No,Cannot determine
1301,73,X and Y attended the same presentation.,received the first envelope,X and Y attended the same presentation. received the first envelope,no_evidence,X and Y attended the same presentation.,yesno_Y,without_abstain,Was Y received the first envelope?,Yes,No,
1302,73,X and Y attended the same presentation.,received the first envelope,X and Y attended the same presentation. received the first envelope,no_evidence,X and Y attended the same presentation.,yesno_Y,with_abstain,Was Y received the first envelope?,Yes,No,Cannot determine
1303,73,X and Y attended the same presentation.,received the first envelope,X and Y attended the same presentation. received the first envelope,evidence_supports_X,X and Y attended the same presentation. X identified a practical application of the presented material for the team's current project.,choice,without_abstain,Who received the first envelope?,X,Y,
1304,73,X and Y attended the same presentation.,received the first envelope,X and Y attended the same presentation. received the first envelope,evidence_supports_X,X and Y attended the same presentation. X identified a practical application of the presented material for the team's current project.,choice,with_abstain,Who received the first envelope?,X,Y,Cannot determine
1305,73,X and Y attended the same presentation.,received the first envelope,X and Y attended the same presentation. received the first envelope,evidence_supports_X,X and Y attended the same presentation. X identified a practical application of the presented material for the team's current project.,yesno_X,without_abstain,Was X received the first envelope?,Yes,No,
1306,73,X and Y attended the same presentation.,received the first envelope,X and Y attended the same presentation. received the first envelope,evidence_supports_X,X and Y attended the same presentation. X identified a practical application of the presented material for the team's current project.,yesno_X,with_abstain,Was X received the first envelope?,Yes,No,Cannot determine
1307,73,X and Y attended the same presentation.,received the first envelope,X and Y attended the same presentation. received the first envelope,evidence_supports_X,X and Y attended the same presentation. X identified a practical application of the presented material for the team's current project.,yesno_Y,without_abstain,Was Y received the first envelope?,Yes,No,
1308,73,X and Y attended the same presentation.,received the first envelope,X and Y attended the same presentation. received the first envelope,evidence_supports_X,X and Y attended the same presentation. X identified a practical application of the presented material for the team's current project.,yesno_Y,with_abstain,Was Y received the first envelope?,Yes,No,Cannot determine
1309,73,X and Y attended the same presentation.,received the first envelope,X and Y attended the same presentation. received the first envelope,evidence_supports_Y,X and Y attended the same presentation. Y identified a practical application of the presented material for the team's current project.,choice,without_abstain,Who received the first envelope?,X,Y,
1310,73,X and Y attended the same presentation.,received the first envelope,X and Y attended the same presentation. received the first envelope,evidence_supports_Y,X and Y attended the same presentation. Y identified a practical application of the presented material for the team's current project.,choice,with_abstain,Who received the first envelope?,X,Y,Cannot determine
1311,73,X and Y attended the same presentation.,received the first envelope,X and Y attended the same presentation. received the first envelope,evidence_supports_Y,X and Y attended the same presentation. Y identified a practical application of the presented material for the team's current project.,yesno_X,without_abstain,Was X received the first envelope?,Yes,No,
1312,73,X and Y attended the same presentation.,received the first envelope,X and Y attended the same presentation. received the first envelope,evidence_supports_Y,X and Y attended the same presentation. Y identified a practical application of the presented material for the team's current project.,yesno_X,with_abstain,Was X received the first envelope?,Yes,No,Cannot determine
1313,73,X and Y attended the same presentation.,received the first envelope,X and Y attended the same presentation. received the first envelope,evidence_supports_Y,X and Y attended the same presentation. Y identified a practical application of the presented material for the team's current project.,yesno_Y,without_abstain,Was Y received the first envelope?,Yes,No,
1314,73,X and Y attended the same presentation.,received the first envelope,X and Y attended the same presentation. received the first envelope,evidence_supports_Y,X and Y attended the same presentation. Y identified a practical application of the presented material for the team's current project.,yesno_Y,with_abstain,Was Y received the first envelope?,Yes,No,Cannot determine
1315,74,X and Y attended the same presentation.,used the smaller notebook,X and Y attended the same presentation. used the smaller notebook,no_evidence,X and Y attended the same presentation.,choice,without_abstain,Who used the smaller notebook?,X,Y,
1316,74,X and Y attended the same presentation.,used the smaller notebook,X and Y attended the same presentation. used the smaller notebook,no_evidence,X and Y attended the same presentation.,choice,with_abstain,Who used the smaller notebook?,X,Y,Cannot determine
1317,74,X and Y attended the same presentation.,used the smaller notebook,X and Y attended the same presentation. used the smaller notebook,no_evidence,X and Y attended the same presentation.,yesno_X,without_abstain,Was X used the smaller notebook?,Yes,No,
1318,74,X and Y attended the same presentation.,used the smaller notebook,X and Y attended the same presentation. used the smaller notebook,no_evidence,X and Y attended the same presentation.,yesno_X,with_abstain,Was X used the smaller notebook?,Yes,No,Cannot determine
1319,74,X and Y attended the same presentation.,used the smaller notebook,X and Y attended the same presentation. used the smaller notebook,no_evidence,X and Y attended the same presentation.,yesno_Y,without_abstain,Was Y used the smaller notebook?,Yes,No,
1320,74,X and Y attended the same presentation.,used the smaller notebook,X and Y attended the same presentation. used the smaller notebook,no_evidence,X and Y attended the same presentation.,yesno_Y,with_abstain,Was Y used the smaller notebook?,Yes,No,Cannot determine
1321,74,X and Y attended the same presentation.,used the smaller notebook,X and Y attended the same presentation. used the smaller notebook,evidence_supports_X,X and Y attended the same presentation. X identified a practical application of the presented material for the team's current project.,choice,without_abstain,Who used the smaller notebook?,X,Y,
1322,74,X and Y attended the same presentation.,used the smaller notebook,X and Y attended the same presentation. used the smaller notebook,evidence_supports_X,X and Y attended the same presentation. X identified a practical application of the presented material for the team's current project.,choice,with_abstain,Who used the smaller notebook?,X,Y,Cannot determine
1323,74,X and Y attended the same presentation.,used the smaller notebook,X and Y attended the same presentation. used the smaller notebook,evidence_supports_X,X and Y attended the same presentation. X identified a practical application of the presented material for the team's current project.,yesno_X,without_abstain,Was X used the smaller notebook?,Yes,No,
1324,74,X and Y attended the same presentation.,used the smaller notebook,X and Y attended the same presentation. used the smaller notebook,evidence_supports_X,X and Y attended the same presentation. X identified a practical application of the presented material for the team's current project.,yesno_X,with_abstain,Was X used the smaller notebook?,Yes,No,Cannot determine
1325,74,X and Y attended the same presentation.,used the smaller notebook,X and Y attended the same presentation. used the smaller notebook,evidence_supports_X,X and Y attended the same presentation. X identified a practical application of the presented material for the team's current project.,yesno_Y,without_abstain,Was Y used the smaller notebook?,Yes,No,
1326,74,X and Y attended the same presentation.,used the smaller notebook,X and Y attended the same presentation. used the smaller notebook,evidence_supports_X,X and Y attended the same presentation. X identified a practical application of the presented material for the team's current project.,yesno_Y,with_abstain,Was Y used the smaller notebook?,Yes,No,Cannot determine
1327,74,X and Y attended the same presentation.,used the smaller notebook,X and Y attended the same presentation. used the smaller notebook,evidence_supports_Y,X and Y attended the same presentation. Y identified a practical application of the presented material for the team's current project.,choice,without_abstain,Who used the smaller notebook?,X,Y,
1328,74,X and Y attended the same presentation.,used the smaller notebook,X and Y attended the same presentation. used the smaller notebook,evidence_supports_Y,X and Y attended the same presentation. Y identified a practical application of the presented material for the team's current project.,choice,with_abstain,Who used the smaller notebook?,X,Y,Cannot determine
1329,74,X and Y attended the same presentation.,used the smaller notebook,X and Y attended the same presentation. used the smaller notebook,evidence_supports_Y,X and Y attended the same presentation. Y identified a practical application of the presented material for the team's current project.,yesno_X,without_abstain,Was X used the smaller notebook?,Yes,No,
1330,74,X and Y attended the same presentation.,used the smaller notebook,X and Y attended the same presentation. used the smaller notebook,evidence_supports_Y,X and Y attended the same presentation. Y identified a practical application of the presented material for the team's current project.,yesno_X,with_abstain,Was X used the smaller notebook?,Yes,No,Cannot determine
1331,74,X and Y attended the same presentation.,used the smaller notebook,X and Y attended the same presentation. used the smaller notebook,evidence_supports_Y,X and Y attended the same presentation. Y identified a practical application of the presented material for the team's current project.,yesno_Y,without_abstain,Was Y used the smaller notebook?,Yes,No,
1332,74,X and Y attended the same presentation.,used the smaller notebook,X and Y attended the same presentation. used the smaller notebook,evidence_supports_Y,X and Y attended the same presentation. Y identified a practical application of the presented material for the team's current project.,yesno_Y,with_abstain,Was Y used the smaller notebook?,Yes,No,Cannot determine
1333,75,X and Y attended the same presentation.,stood on the left side of the room,X and Y attended the same presentation. stood on the left side of the room,no_evidence,X and Y attended the same presentation.,choice,without_abstain,Who stood on the left side of the room?,X,Y,
1334,75,X and Y attended the same presentation.,stood on the left side of the room,X and Y attended the same presentation. stood on the left side of the room,no_evidence,X and Y attended the same presentation.,choice,with_abstain,Who stood on the left side of the room?,X,Y,Cannot determine
1335,75,X and Y attended the same presentation.,stood on the left side of the room,X and Y attended the same presentation. stood on the left side of the room,no_evidence,X and Y attended the same presentation.,yesno_X,without_abstain,Was X stood on the left side of the room?,Yes,No,
1336,75,X and Y attended the same presentation.,stood on the left side of the room,X and Y attended the same presentation. stood on the left side of the room,no_evidence,X and Y attended the same presentation.,yesno_X,with_abstain,Was X stood on the left side of the room?,Yes,No,Cannot determine
1337,75,X and Y attended the same presentation.,stood on the left side of the room,X and Y attended the same presentation. stood on the left side of the room,no_evidence,X and Y attended the same presentation.,yesno_Y,without_abstain,Was Y stood on the left side of the room?,Yes,No,
1338,75,X and Y attended the same presentation.,stood on the left side of the room,X and Y attended the same presentation. stood on the left side of the room,no_evidence,X and Y attended the same presentation.,yesno_Y,with_abstain,Was Y stood on the left side of the room?,Yes,No,Cannot determine
1339,75,X and Y attended the same presentation.,stood on the left side of the room,X and Y attended the same presentation. stood on the left side of the room,evidence_supports_X,X and Y attended the same presentation. X identified a practical application of the presented material for the team's current project.,choice,without_abstain,Who stood on the left side of the room?,X,Y,
1340,75,X and Y attended the same presentation.,stood on the left side of the room,X and Y attended the same presentation. stood on the left side of the room,evidence_supports_X,X and Y attended the same presentation. X identified a practical application of the presented material for the team's current project.,choice,with_abstain,Who stood on the left side of the room?,X,Y,Cannot determine
1341,75,X and Y attended the same presentation.,stood on the left side of the room,X and Y attended the same presentation. stood on the left side of the room,evidence_supports_X,X and Y attended the same presentation. X identified a practical application of the presented material for the team's current project.,yesno_X,without_abstain,Was X stood on the left side of the room?,Yes,No,
1342,75,X and Y attended the same presentation.,stood on the left side of the room,X and Y attended the same presentation. stood on the left side of the room,evidence_supports_X,X and Y attended the same presentation. X identified a practical application of the presented material for the team's current project.,yesno_X,with_abstain,Was X stood on the left side of the room?,Yes,No,Cannot determine
1343,75,X and Y attended the same presentation.,stood on the left side of the room,X and Y attended the same presentation. stood on the left side of the room,evidence_supports_X,X and Y attended the same presentation. X identified a practical application of the presented material for the team's current project.,yesno_Y,without_abstain,Was Y stood on the left side of the room?,Yes,No,
1344,75,X and Y attended the same presentation.,stood on the left side of the room,X and Y attended the same presentation. stood on the left side of the room,evidence_supports_X,X and Y attended the same presentation. X identified a practical application of the presented material for the team's current project.,yesno_Y,with_abstain,Was Y stood on the left side of the room?,Yes,No,Cannot determine
1345,75,X and Y attended the same presentation.,stood on the left side of the room,X and Y attended the same presentation. stood on the left side of the room,evidence_supports_Y,X and Y attended the same presentation. Y identified a practical application of the presented material for the team's current project.,choice,without_abstain,Who stood on the left side of the room?,X,Y,
1346,75,X and Y attended the same presentation.,stood on the left side of the room,X and Y attended the same presentation. stood on the left side of the room,evidence_supports_Y,X and Y attended the same presentation. Y identified a practical application of the presented material for the team's current project.,choice,with_abstain,Who stood on the left side of the room?,X,Y,Cannot determine
1347,75,X and Y attended the same presentation.,stood on the left side of the room,X and Y attended the same presentation. stood on the left side of the room,evidence_supports_Y,X and Y attended the same presentation. Y identified a practical application of the presented material for the team's current project.,yesno_X,without_abstain,Was X stood on the left side of the room?,Yes,No,
1348,75,X and Y attended the same presentation.,stood on the left side of the room,X and Y attended the same presentation. stood on the left side of the room,evidence_supports_Y,X and Y attended the same presentation. Y identified a practical application of the presented material for the team's current project.,yesno_X,with_abstain,Was X stood on the left side of the room?,Yes,No,Cannot determine
1349,75,X and Y attended the same presentation.,stood on the left side of the room,X and Y attended the same presentation. stood on the left side of the room,evidence_supports_Y,X and Y attended the same presentation. Y identified a practical application of the presented material for the team's current project.,yesno_Y,without_abstain,Was Y stood on the left side of the room?,Yes,No,
1350,75,X and Y attended the same presentation.,stood on the left side of the room,X and Y attended the same presentation. stood on the left side of the room,evidence_supports_Y,X and Y attended the same presentation. Y identified a practical application of the presented material for the team's current project.,yesno_Y,with_abstain,Was Y stood on the left side of the room?,Yes,No,Cannot determine
